# WaveFront *.obj file (generated by Autodesk ATF)

mtllib Welding_gun_meters.mtl

g Solido1

v -0.031500 0.000000 0.000000
v -0.031500 0.000000 0.124172
v -0.030812 -0.006549 0.000000
v -0.030812 -0.006549 0.124172
v -0.030663 -0.006518 0.124937
v -0.031348 0.000000 0.124937
v -0.030914 0.000000 0.125586
v -0.030812 0.006549 0.000000
v -0.030812 0.006549 0.124172
v -0.030663 0.006518 0.124937
v -0.030239 -0.006427 0.125586
v -0.030239 0.006427 0.125586
v -0.028777 -0.012812 0.000000
v -0.028777 -0.012812 0.124172
v -0.028638 -0.012750 0.124937
v -0.028777 0.012812 0.000000
v -0.028777 0.012812 0.124172
v -0.028638 0.012750 0.124937
v -0.028242 -0.012574 0.125586
v -0.028242 0.012574 0.125586
v -0.027086 0.000000 0.129414
v -0.026407 -0.006027 0.129414
v -0.026282 -0.002858 0.129848
v -0.025672 0.000000 0.130000
v -0.026282 0.002858 0.129848
v -0.026407 0.006027 0.129414
v -0.025484 -0.018515 0.000000
v -0.025484 -0.018515 0.124172
v -0.025361 -0.018426 0.124937
v -0.025010 -0.018171 0.125586
v -0.025053 -0.008441 0.129848
v -0.025028 -0.005712 0.130000
v -0.025028 0.005712 0.130000
v -0.025053 0.008441 0.129848
v -0.025361 0.018426 0.124937
v -0.025010 0.018171 0.125586
v -0.025484 0.018515 0.000000
v -0.025484 0.018515 0.124172
v -0.024403 -0.011752 0.129414
v -0.024403 0.011752 0.129414
v -0.022653 -0.013630 0.129848
v -0.023129 -0.011138 0.130000
v -0.023129 0.011138 0.130000
v -0.022653 0.013630 0.129848
v -0.022000 0.000000 0.130000
v -0.021078 -0.023409 0.000000
v -0.021078 -0.023409 0.124172
v -0.020976 -0.023296 0.124937
v -0.020686 -0.022974 0.125586
v -0.021177 -0.016888 0.129414
v -0.021361 -0.005265 0.130000
v -0.020858 -0.002438 0.130268
v -0.020858 0.002438 0.130268
v -0.021361 0.005265 0.130000
v -0.021177 0.016888 0.129414
v -0.021078 0.023409 0.000000
v -0.021078 0.023409 0.124172
v -0.020976 0.023296 0.124937
v -0.020686 0.022974 0.125586
v -0.020071 -0.016006 0.130000
v -0.019734 -0.007182 0.130268
v -0.020131 -0.002353 0.131000
v -0.020000 0.000000 0.132000
v -0.020000 0.000000 0.154706
v -0.020131 0.002353 0.131000
v -0.019734 0.007182 0.130268
v -0.020071 0.016006 0.130000
v -0.019193 -0.018181 0.129848
v -0.019480 -0.010224 0.130000
v -0.019046 -0.006932 0.131000
v -0.019319 -0.005176 0.132000
v -0.019237 -0.005155 0.155281
v -0.019319 0.005176 0.132000
v -0.019319 0.005176 0.154706
v -0.019046 0.006932 0.131000
v -0.019480 0.010224 0.130000
v -0.019193 0.018181 0.129848
v -0.017545 -0.011540 0.130268
v -0.017545 0.011540 0.130268
v -0.016888 -0.021177 0.129414
v -0.016934 -0.011137 0.131000
v -0.017321 -0.010000 0.132000
v -0.017247 -0.009958 0.155281
v -0.017321 0.010000 0.132000
v -0.017247 0.009958 0.155281
v -0.016934 0.011137 0.131000
v -0.016888 0.021177 0.129414
v -0.015750 -0.027280 0.000000
v -0.015750 -0.027280 0.124172
v -0.015674 -0.027148 0.124937
v -0.016006 -0.020071 0.130000
v -0.016467 -0.014589 0.130000
v -0.015862 -0.004250 0.166928
v -0.016422 0.000000 0.166928
v -0.015862 0.004250 0.166928
v -0.016467 0.014589 0.130000
v -0.016006 0.020071 0.130000
v -0.015750 0.027280 0.000000
v -0.015750 0.027280 0.124172
v -0.015674 0.027148 0.124937
v -0.015457 -0.026772 0.125586
v -0.014836 -0.021882 0.129848
v -0.014836 0.021882 0.129848
v -0.015457 0.026772 0.125586
v -0.014411 -0.015275 0.130268
v -0.013909 -0.014742 0.131000
v -0.014142 -0.014142 0.132000
v -0.014142 -0.014142 0.154706
v -0.014222 -0.008211 0.166928
v -0.014222 0.008211 0.166928
v -0.014142 0.014142 0.132000
v -0.014142 0.014142 0.154706
v -0.014411 0.015275 0.130268
v -0.013909 0.014742 0.131000
v -0.012928 0.000000 0.178575
v -0.011836 -0.075237 0.304870
v -0.011836 -0.072444 0.307664
v -0.011836 -0.034932 0.264565
v -0.011836 -0.032139 0.267359
v -0.011752 -0.024403 0.129414
v -0.012497 -0.018106 0.130000
v -0.011612 -0.011612 0.166928
v -0.012295 -0.003995 0.178575
v -0.012396 0.000000 0.179444
v -0.011506 0.000000 0.179938
v -0.012295 0.003995 0.178575
v -0.011612 0.011612 0.166928
v -0.012497 0.018106 0.130000
v -0.011752 0.024403 0.129414
v -0.010554 -0.077879 0.302228
v -0.010554 -0.069802 0.310306
v -0.010554 -0.037574 0.261923
v -0.011000 -0.033346 0.265772
v -0.010554 -0.029497 0.270000
v -0.011138 -0.023129 0.130000
v -0.010884 -0.003731 0.179938
v -0.010881 0.003741 0.179938
v -0.011138 0.023129 0.130000
v -0.010462 -0.035750 0.263369
v -0.009765 -0.035072 0.263011
v -0.009830 -0.033421 0.263248
v -0.010268 -0.032828 0.265255
v -0.009830 -0.030822 0.265847
v -0.009765 -0.030585 0.267498
v -0.010462 -0.030942 0.268176
v -0.009734 -0.029958 0.000000
v -0.009734 -0.029958 0.124172
v -0.009687 -0.029813 0.124937
v -0.009553 -0.029401 0.125586
v -0.009785 -0.024559 0.129848
v -0.010500 -0.018187 0.130268
v -0.010134 -0.017553 0.131000
v -0.010000 -0.017321 0.132000
v -0.009958 -0.017247 0.155281
v -0.009830 -0.010086 0.239914
v -0.010459 -0.007599 0.178575
v -0.010029 -0.007286 0.179444
v -0.009830 -0.007487 0.242513
v -0.009957 -0.006476 0.237091
v -0.009957 -0.004092 0.233201
v -0.009618 -0.003516 0.239242
v -0.009912 -0.003216 0.180649
v -0.009830 -0.001837 0.220000
v -0.009957 -0.002346 0.228985
v -0.009957 -0.001281 0.224549
v -0.009618 -0.000831 0.234862
v -0.010421 0.000000 0.180649
v -0.010000 0.000000 0.181876
v -0.009618 0.001134 0.230116
v -0.009830 0.001837 0.220000
v -0.009618 0.002334 0.225121
v -0.009909 0.003224 0.180649
v -0.010029 0.007286 0.179444
v -0.010459 0.007599 0.178575
v -0.010000 0.017321 0.132000
v -0.009958 0.017247 0.155281
v -0.010500 0.018187 0.130268
v -0.010134 0.017553 0.131000
v -0.009785 0.024559 0.129848
v -0.009553 0.029401 0.125586
v -0.009734 0.029958 0.000000
v -0.009734 0.029958 0.124172
v -0.009687 0.029813 0.124937
v -0.008899 -0.037918 0.261201
v -0.008502 -0.035844 0.260825
v -0.008899 -0.028774 0.270344
v -0.008502 -0.028399 0.268270
v -0.008502 -0.012509 0.237491
v -0.008952 -0.009336 0.235014
v -0.009083 -0.007063 0.179938
v -0.008952 -0.007241 0.231596
v -0.008952 -0.005708 0.227893
v -0.008502 -0.005264 0.220000
v -0.008952 -0.004772 0.223996
v -0.008502 -0.005064 0.244936
v -0.009326 -0.003608 0.181876
v -0.009323 0.003616 0.181876
v -0.008502 0.005264 0.220000
v -0.009077 0.007071 0.179938
v -0.008127 -0.080083 0.300024
v -0.008127 -0.067598 0.312510
v -0.008127 -0.039778 0.259719
v -0.008307 -0.037096 0.260987
v -0.008307 -0.028561 0.269522
v -0.008127 -0.027293 0.272205
v -0.007801 -0.020570 0.130000
v -0.008211 -0.014222 0.166928
v -0.007599 -0.010459 0.178575
v -0.008433 -0.006122 0.180649
v -0.007980 -0.000854 0.241176
v -0.007980 0.002100 0.236356
v -0.007980 0.004263 0.231133
v -0.008428 0.006129 0.180649
v -0.007980 0.005583 0.225636
v -0.007599 0.010459 0.178575
v -0.008211 0.014222 0.166928
v -0.007801 0.020570 0.130000
v -0.006737 -0.011708 0.233290
v -0.007286 -0.010029 0.179444
v -0.006737 -0.009854 0.230265
v -0.006737 -0.007668 0.223537
v -0.006737 -0.008497 0.226987
v -0.007393 -0.006734 0.181876
v -0.007387 0.006740 0.181876
v -0.007286 0.010029 0.179444
v -0.006466 -0.039639 0.259480
v -0.006035 -0.038702 0.259381
v -0.006026 -0.037764 0.258905
v -0.006035 -0.026955 0.271129
v -0.006466 -0.027053 0.272065
v -0.006027 -0.026407 0.129414
v -0.006026 -0.026478 0.270191
v -0.005712 -0.025028 0.130000
v -0.006023 -0.020118 0.130268
v -0.005813 -0.019416 0.131000
v -0.006026 -0.014430 0.235570
v -0.006297 -0.009630 0.179938
v -0.006129 -0.008428 0.180649
v -0.006026 -0.007980 0.220000
v -0.006026 -0.003144 0.246856
v -0.006122 0.008433 0.180649
v -0.006026 0.007980 0.220000
v -0.006289 0.009635 0.179938
v -0.005813 0.019416 0.131000
v -0.006023 0.020118 0.130268
v -0.005712 0.025028 0.130000
v -0.006027 0.026407 0.129414
v -0.004820 -0.081611 0.298496
v -0.004820 -0.066070 0.314038
v -0.004820 -0.041306 0.258191
v -0.004820 -0.025765 0.273733
v -0.005176 -0.019319 0.132000
v -0.005155 -0.019237 0.155281
v -0.005264 0.001149 0.242631
v -0.005264 0.004306 0.237480
v -0.005264 0.006618 0.231898
v -0.005264 0.008028 0.226023
v -0.005176 0.019319 0.132000
v -0.005155 0.019237 0.155281
v -0.003892 -0.084622 0.313870
v -0.004494 -0.083033 0.315459
v -0.003892 -0.081444 0.317048
v -0.004277 -0.026089 0.129848
v -0.004250 -0.015862 0.166928
v -0.003612 -0.013273 0.232153
v -0.003831 -0.011790 0.179444
v -0.003612 -0.011578 0.229386
v -0.003612 -0.009579 0.223234
v -0.003612 -0.010337 0.226389
v -0.004461 -0.008950 0.181876
v -0.004454 0.008954 0.181876
v -0.003995 0.012295 0.178575
v -0.004250 0.015862 0.166928
v -0.004277 0.026089 0.129848
v -0.003399 -0.040744 0.258375
v -0.003173 -0.039734 0.258350
v -0.002737 -0.038922 0.257747
v -0.003293 -0.031327 0.000000
v -0.003293 -0.031327 0.124172
v -0.003277 -0.031176 0.124937
v -0.003231 -0.030745 0.125586
v -0.003173 -0.025923 0.272160
v -0.003399 -0.025949 0.273170
v -0.002737 -0.025320 0.271349
v -0.002652 -0.021840 0.130000
v -0.002737 -0.015588 0.234412
v -0.002829 -0.011153 0.179938
v -0.003224 -0.009909 0.180649
v -0.002737 -0.009618 0.220000
v -0.002737 -0.001986 0.248014
v -0.003216 0.009912 0.180649
v -0.002737 0.009618 0.220000
v -0.002820 0.011155 0.179938
v -0.002652 0.021840 0.130000
v -0.003293 0.031327 0.000000
v -0.003293 0.031327 0.124172
v -0.003277 0.031176 0.124937
v -0.003231 0.030745 0.125586
v -0.002247 -0.085785 0.312707
v -0.002247 -0.080281 0.318212
v -0.001837 0.002223 0.243411
v -0.001837 0.005489 0.238082
v -0.001837 0.007880 0.232308
v -0.001837 0.009339 0.226231
v -0.000991 -0.082297 0.297811
v -0.000991 -0.065384 0.314723
v -0.000991 -0.041992 0.257506
v -0.000991 -0.025079 0.274418
v -0.001221 -0.020964 0.130268
v -0.001178 -0.020234 0.131000
v -0.000927 -0.009957 0.181876
v -0.000919 0.009958 0.181876
v -0.001178 0.020234 0.131000
v -0.001221 0.020964 0.130268
v 0.000000 -0.086211 0.312281
v 0.000000 -0.079855 0.318637
v 0.000000 -0.041124 0.257994
v 0.000000 -0.040089 0.257994
v 0.000000 -0.027086 0.129414
v 0.000000 -0.025672 0.130000
v 0.000000 -0.025568 0.272515
v 0.000000 -0.025568 0.273551
v 0.000000 -0.020000 0.132000
v 0.000000 -0.020000 0.154706
v 0.000000 -0.016422 0.166928
v 0.000000 -0.013820 0.231756
v 0.000000 -0.012928 0.178575
v 0.000000 -0.012396 0.179444
v 0.000000 -0.012180 0.229080
v 0.000000 -0.010979 0.226180
v 0.000000 -0.010421 0.180649
v 0.000000 -0.010246 0.223129
v 0.000000 0.010421 0.180649
v 0.000000 0.012396 0.179444
v 0.000000 0.012928 0.178575
v 0.000000 0.016422 0.166928
v 0.000000 0.020000 0.132000
v 0.000000 0.020000 0.154706
v 0.000000 0.025672 0.130000
v 0.000000 0.027086 0.129414
v 0.000923 -0.039162 0.257507
v 0.001431 -0.026398 0.129848
v 0.000923 -0.025080 0.271589
v 0.000923 -0.015828 0.234172
v 0.000945 -0.011467 0.179938
v 0.000923 -0.009957 0.220000
v 0.000923 -0.001746 0.248254
v 0.000923 0.009957 0.220000
v 0.000955 0.011466 0.179938
v 0.001431 0.026398 0.129848
v 0.002247 -0.085785 0.312707
v 0.002247 -0.080281 0.318212
v 0.001837 0.002223 0.243411
v 0.001837 0.005489 0.238082
v 0.001837 0.007880 0.232308
v 0.001837 0.009339 0.226231
v 0.002946 -0.082066 0.298041
v 0.002946 -0.065615 0.314493
v 0.002946 -0.041761 0.257736
v 0.003399 -0.040744 0.258375
v 0.003173 -0.039734 0.258350
v 0.003293 -0.031327 0.000000
v 0.003293 -0.031327 0.124172
v 0.003277 -0.031176 0.124937
v 0.003231 -0.030745 0.125586
v 0.003173 -0.025923 0.272160
v 0.003399 -0.025949 0.273170
v 0.002946 -0.025310 0.274188
v 0.002652 -0.021840 0.130000
v 0.003216 -0.009912 0.180649
v 0.002733 -0.009619 0.181876
v 0.003224 0.009909 0.180649
v 0.002741 0.009617 0.181876
v 0.002652 0.021840 0.130000
v 0.003293 0.031327 0.000000
v 0.003293 0.031327 0.124172
v 0.003277 0.031176 0.124937
v 0.003231 0.030745 0.125586
v 0.003892 -0.084622 0.313870
v 0.004494 -0.083033 0.315459
v 0.003892 -0.081444 0.317048
v 0.004457 -0.038451 0.258218
v 0.004457 -0.025792 0.270877
v 0.003647 -0.020681 0.130268
v 0.003519 -0.019960 0.131000
v 0.004250 -0.015862 0.166928
v 0.004457 -0.015117 0.234883
v 0.003612 -0.013273 0.232153
v 0.003831 -0.011790 0.179444
v 0.003612 -0.011578 0.229386
v 0.003612 -0.009579 0.223234
v 0.003612 -0.010337 0.226389
v 0.004457 -0.008952 0.220000
v 0.004457 -0.002457 0.247543
v 0.004457 0.008952 0.220000
v 0.003995 0.012295 0.178575
v 0.004250 0.015862 0.166928
v 0.003519 0.019960 0.131000
v 0.003647 0.020681 0.130268
v 0.005176 -0.019319 0.132000
v 0.005155 -0.019237 0.155281
v 0.004617 -0.010539 0.179938
v 0.005264 0.001149 0.242631
v 0.005264 0.004306 0.237480
v 0.005264 0.006618 0.231898
v 0.005264 0.008028 0.226023
v 0.004626 0.010535 0.179938
v 0.005176 0.019319 0.132000
v 0.005176 0.019319 0.154706
v 0.006466 -0.039639 0.259480
v 0.006035 -0.038702 0.259381
v 0.006035 -0.026955 0.271129
v 0.006466 -0.027053 0.272065
v 0.006027 -0.026407 0.129414
v 0.005712 -0.025028 0.130000
v 0.006122 -0.008433 0.180649
v 0.006023 -0.007983 0.181876
v 0.006129 0.008428 0.180649
v 0.006030 0.007978 0.181876
v 0.005712 0.025028 0.130000
v 0.006027 0.026407 0.129414
v 0.006563 -0.080944 0.299163
v 0.006563 -0.066737 0.313371
v 0.006563 -0.040639 0.258858
v 0.007390 -0.036885 0.259784
v 0.007390 -0.027358 0.269311
v 0.006563 -0.026432 0.273066
v 0.007073 -0.025473 0.129848
v 0.007390 -0.013551 0.236449
v 0.006737 -0.011708 0.233290
v 0.007286 -0.010029 0.179444
v 0.006737 -0.009854 0.230265
v 0.006737 -0.007668 0.223537
v 0.006737 -0.008497 0.226987
v 0.007390 -0.006737 0.220000
v 0.007390 -0.004023 0.245977
v 0.007390 0.006737 0.220000
v 0.007286 0.010029 0.179444
v 0.007073 0.025473 0.129848
v 0.008307 -0.037096 0.260987
v 0.008307 -0.028561 0.269522
v 0.007801 -0.020570 0.130000
v 0.008318 -0.019283 0.130268
v 0.008028 -0.018610 0.131000
v 0.008211 -0.014222 0.166928
v 0.007599 -0.010459 0.178575
v 0.007789 -0.008468 0.179938
v 0.008428 -0.006129 0.180649
v 0.008500 -0.005268 0.181876
v 0.007980 -0.000854 0.241176
v 0.007980 0.002100 0.236356
v 0.007980 0.004263 0.231133
v 0.008433 0.006122 0.180649
v 0.007980 0.005583 0.225636
v 0.007796 0.008462 0.179938
v 0.007599 0.010459 0.178575
v 0.008211 0.014222 0.166928
v 0.008318 0.019283 0.130268
v 0.008028 0.018610 0.131000
v 0.007801 0.020570 0.130000
v 0.009470 -0.079052 0.301055
v 0.009470 -0.068629 0.311479
v 0.009470 -0.038747 0.260750
v 0.008899 -0.037918 0.261201
v 0.009325 -0.034676 0.261993
v 0.009325 -0.029567 0.267102
v 0.008899 -0.028774 0.270344
v 0.009470 -0.028324 0.271174
v 0.009325 -0.011341 0.238659
v 0.008952 -0.009336 0.235014
v 0.008952 -0.007241 0.231596
v 0.008952 -0.005708 0.227893
v 0.009325 -0.006232 0.243768
v 0.008952 -0.004772 0.223996
v 0.009325 -0.003612 0.220000
v 0.009325 0.003612 0.220000
v 0.008504 0.005261 0.181876
v 0.010462 -0.035750 0.263369
v 0.009765 -0.035072 0.263011
v 0.010268 -0.032828 0.265255
v 0.010000 -0.032121 0.264548
v 0.009765 -0.030585 0.267498
v 0.010462 -0.030942 0.268176
v 0.009734 -0.029958 0.000000
v 0.009734 -0.029958 0.124172
v 0.009687 -0.029813 0.124937
v 0.009553 -0.029401 0.125586
v 0.010000 -0.017321 0.132000
v 0.009958 -0.017247 0.155281
v 0.010000 -0.008787 0.241213
v 0.010459 -0.007599 0.178575
v 0.010029 -0.007286 0.179444
v 0.009957 -0.006476 0.237091
v 0.010117 -0.005480 0.179938
v 0.009957 -0.004092 0.233201
v 0.009618 -0.003516 0.239242
v 0.009909 -0.003224 0.180649
v 0.009829 -0.001842 0.181876
v 0.009957 -0.002346 0.228985
v 0.009957 -0.001281 0.224549
v 0.009618 -0.000831 0.234862
v 0.010421 0.000000 0.180649
v 0.010000 0.000000 0.220000
v 0.009618 0.001134 0.230116
v 0.009831 0.001833 0.181876
v 0.009618 0.002334 0.225121
v 0.009912 0.003216 0.180649
v 0.010121 0.005472 0.179938
v 0.010029 0.007286 0.179444
v 0.010459 0.007599 0.178575
v 0.010000 0.017321 0.132000
v 0.009958 0.017247 0.155281
v 0.009553 0.029401 0.125586
v 0.009734 0.029958 0.000000
v 0.009734 0.029958 0.124172
v 0.009687 0.029813 0.124937
v 0.011350 -0.076596 0.303512
v 0.011350 -0.071085 0.309022
v 0.011350 -0.036291 0.263207
v 0.011000 -0.033346 0.265772
v 0.011350 -0.030780 0.268717
v 0.011138 -0.023129 0.130000
v 0.011348 -0.001899 0.179938
v 0.011350 0.001889 0.179938
v 0.011138 0.023129 0.130000
v 0.012000 -0.073841 0.306267
v 0.012000 -0.033536 0.265962
v 0.011752 -0.024403 0.129414
v 0.012383 -0.023357 0.129848
v 0.012497 -0.018106 0.130000
v 0.012103 -0.016257 0.131000
v 0.011612 -0.011612 0.166928
v 0.012295 -0.003995 0.178575
v 0.012396 0.000000 0.179444
v 0.011790 0.003831 0.179444
v 0.011612 0.011612 0.166928
v 0.012103 0.016257 0.131000
v 0.012497 0.018106 0.130000
v 0.012383 0.023357 0.129848
v 0.011752 0.024403 0.129414
v 0.012540 -0.016845 0.130268
v 0.012928 0.000000 0.178575
v 0.012540 0.016845 0.130268
v 0.014142 -0.014142 0.132000
v 0.014142 -0.014142 0.154706
v 0.014222 -0.008211 0.166928
v 0.014222 0.008211 0.166928
v 0.014142 0.014142 0.132000
v 0.014142 0.014142 0.154706
v 0.015457 -0.026772 0.125586
v 0.015457 0.026772 0.125586
v 0.015750 -0.027280 0.000000
v 0.015750 -0.027280 0.124172
v 0.015674 -0.027148 0.124937
v 0.016006 -0.020071 0.130000
v 0.016467 -0.014589 0.130000
v 0.016087 -0.013499 0.130268
v 0.015526 -0.013028 0.131000
v 0.015862 -0.004250 0.166928
v 0.016422 0.000000 0.166928
v 0.015862 0.004250 0.166928
v 0.016087 0.013499 0.130268
v 0.015526 0.013028 0.131000
v 0.016467 0.014589 0.130000
v 0.016006 0.020071 0.130000
v 0.015750 0.027280 0.000000
v 0.015750 0.027280 0.124172
v 0.015674 0.027148 0.124937
v 0.016888 -0.021177 0.129414
v 0.017115 -0.020149 0.129848
v 0.017321 -0.010000 0.132000
v 0.017321 -0.010000 0.154706
v 0.017321 0.010000 0.132000
v 0.017321 0.010000 0.154706
v 0.017115 0.020149 0.129848
v 0.016888 0.021177 0.129414
v 0.018112 -0.009096 0.131000
v 0.018112 0.009096 0.131000
v 0.019480 -0.010224 0.130000
v 0.018766 -0.009425 0.130268
v 0.019319 -0.005176 0.132000
v 0.019319 -0.005176 0.154706
v 0.019319 0.005176 0.132000
v 0.019319 0.005176 0.154706
v 0.018766 0.009425 0.130268
v 0.019480 0.010224 0.130000
v 0.020071 -0.016006 0.130000
v 0.020434 -0.004843 0.130268
v 0.019722 -0.004674 0.131000
v 0.020268 0.000000 0.131000
v 0.020000 0.000000 0.132000
v 0.019916 0.000000 0.155281
v 0.020434 0.004843 0.130268
v 0.019722 0.004674 0.131000
v 0.020071 0.016006 0.130000
v 0.021078 -0.023409 0.000000
v 0.021078 -0.023409 0.124172
v 0.020976 -0.023296 0.124937
v 0.020686 -0.022974 0.125586
v 0.021177 -0.016888 0.129414
v 0.021046 -0.015999 0.129848
v 0.021361 -0.005265 0.130000
v 0.021000 0.000000 0.130268
v 0.021361 0.005265 0.130000
v 0.021046 0.015999 0.129848
v 0.021177 0.016888 0.129414
v 0.021078 0.023409 0.000000
v 0.021078 0.023409 0.124172
v 0.020976 0.023296 0.124937
v 0.020686 0.022974 0.125586
v 0.022000 0.000000 0.130000
v 0.023129 -0.011138 0.130000
v 0.023129 0.011138 0.130000
v 0.024403 -0.011752 0.129414
v 0.023994 -0.011101 0.129848
v 0.023994 0.011101 0.129848
v 0.024403 0.011752 0.129414
v 0.025484 -0.018515 0.000000
v 0.025484 -0.018515 0.124172
v 0.025361 -0.018426 0.124937
v 0.025010 -0.018171 0.125586
v 0.025028 -0.005712 0.130000
v 0.025028 0.005712 0.130000
v 0.025361 0.018426 0.124937
v 0.025010 0.018171 0.125586
v 0.025484 0.018515 0.000000
v 0.025484 0.018515 0.124172
v 0.026407 -0.006027 0.129414
v 0.025819 -0.005683 0.129848
v 0.025672 0.000000 0.130000
v 0.026407 0.006027 0.129414
v 0.025819 0.005683 0.129848
v 0.027086 0.000000 0.129414
v 0.028242 -0.012574 0.125586
v 0.028242 0.012574 0.125586
v 0.028777 -0.012812 0.000000
v 0.028777 -0.012812 0.124172
v 0.028638 -0.012750 0.124937
v 0.028777 0.012812 0.000000
v 0.028777 0.012812 0.124172
v 0.028638 0.012750 0.124937
v 0.030239 -0.006427 0.125586
v 0.030239 0.006427 0.125586
v 0.030812 -0.006549 0.000000
v 0.030812 -0.006549 0.124172
v 0.030663 -0.006518 0.124937
v 0.031348 0.000000 0.124937
v 0.030914 0.000000 0.125586
v 0.030812 0.006549 0.000000
v 0.030812 0.006549 0.124172
v 0.030663 0.006518 0.124937
v 0.031500 0.000000 0.000000
v 0.031500 0.000000 0.124172
vt -0.000314 -0.003326 0.000000
vt -0.000314 -0.002976 0.000000
vt -0.000314 -0.002625 0.000000
vt -0.000314 -0.002275 0.000000
vt -0.000314 -0.001925 0.000000
vt -0.000314 -0.001575 0.000000
vt -0.000314 -0.001225 0.000000
vt -0.000314 -0.000875 0.000000
vt -0.000314 -0.000525 0.000000
vt -0.000314 -0.000175 0.000000
vt -0.000314 0.000175 0.000000
vt -0.000314 0.000525 0.000000
vt -0.000314 0.000875 0.000000
vt -0.000314 0.001225 0.000000
vt -0.000314 0.001575 0.000000
vt -0.000314 0.001925 0.000000
vt -0.000314 0.002275 0.000000
vt -0.000314 0.002625 0.000000
vt -0.000314 0.002976 0.000000
vt -0.000628 0.003326 0.000000
vt -0.000628 0.002934 0.000000
vt -0.000628 0.002543 0.000000
vt -0.000628 0.002152 0.000000
vt -0.000628 0.001761 0.000000
vt -0.000628 0.001369 0.000000
vt -0.000628 0.000978 0.000000
vt -0.000628 0.000587 0.000000
vt -0.000628 0.000196 0.000000
vt -0.000628 -0.000196 0.000000
vt -0.000628 -0.000587 0.000000
vt -0.000628 -0.000978 0.000000
vt -0.000628 -0.001369 0.000000
vt -0.000628 -0.001761 0.000000
vt -0.000628 -0.002152 0.000000
vt -0.000628 -0.002543 0.000000
vt -0.000628 -0.002934 0.000000
vt -0.000419 0.003326 0.000000
vt -0.000524 0.003326 0.000000
vt -0.000524 -0.001330 0.000000
vt -0.000524 0.001330 0.000000
vt -0.000419 -0.002993 0.000000
vt -0.000524 -0.002993 0.000000
vt -0.000419 -0.002660 0.000000
vt -0.000524 -0.002660 0.000000
vt -0.000419 -0.002328 0.000000
vt -0.000524 -0.002328 0.000000
vt -0.000419 -0.001995 0.000000
vt -0.000524 -0.001995 0.000000
vt -0.000419 -0.001663 0.000000
vt -0.000524 -0.001663 0.000000
vt -0.000419 -0.001330 0.000000
vt -0.000419 -0.000998 0.000000
vt -0.000524 -0.000998 0.000000
vt -0.000419 -0.000665 0.000000
vt -0.000524 -0.000665 0.000000
vt -0.000419 -0.000333 0.000000
vt -0.000524 -0.000333 0.000000
vt -0.000419 0.000000 0.000000
vt -0.000524 0.000000 0.000000
vt -0.000419 0.000333 0.000000
vt -0.000524 0.000333 0.000000
vt -0.000419 0.000665 0.000000
vt -0.000524 0.000665 0.000000
vt -0.000419 0.000998 0.000000
vt -0.000524 0.000998 0.000000
vt -0.000419 0.001330 0.000000
vt -0.000419 0.001663 0.000000
vt -0.000524 0.001663 0.000000
vt -0.000419 0.001995 0.000000
vt -0.000524 0.001995 0.000000
vt -0.000419 0.002328 0.000000
vt -0.000524 0.002328 0.000000
vt -0.000419 0.002660 0.000000
vt -0.000524 0.002660 0.000000
vt -0.000419 0.002993 0.000000
vt -0.000524 0.002993 0.000000
vt -0.000419 -0.003326 0.000000
vt -0.000314 0.003326 0.000000
vt -0.000314 0.003326 0.000000
vt -0.000628 -0.003326 0.000000
vt -0.000524 0.003658 0.000000
vt -0.000524 0.003658 0.000000
vt -0.000419 -0.003326 0.000000
vt -0.000000 0.000000 0.000000
vt -0.000000 0.000370 0.000000
vt -0.000000 0.000739 0.000000
vt -0.000000 0.001109 0.000000
vt -0.000000 0.001478 0.000000
vt -0.000000 0.001848 0.000000
vt -0.000000 0.002218 0.000000
vt -0.000000 0.002587 0.000000
vt -0.000000 0.002957 0.000000
vt -0.000000 -0.002957 0.000000
vt -0.000000 -0.002587 0.000000
vt -0.000000 -0.002218 0.000000
vt -0.000000 -0.001848 0.000000
vt -0.000000 -0.001478 0.000000
vt -0.000000 -0.001109 0.000000
vt -0.000000 -0.000739 0.000000
vt -0.000000 -0.000370 0.000000
vt -0.003300 0.000000 0.000000
vt -0.003300 -0.000370 0.000000
vt -0.003300 -0.000739 0.000000
vt -0.003300 -0.001109 0.000000
vt -0.003300 -0.001478 0.000000
vt -0.003300 -0.001848 0.000000
vt -0.003300 -0.002218 0.000000
vt -0.003300 -0.002587 0.000000
vt -0.003300 0.003326 0.000000
vt -0.003300 0.002957 0.000000
vt -0.003300 0.002587 0.000000
vt -0.003300 0.002218 0.000000
vt -0.003300 0.001848 0.000000
vt -0.003300 0.001478 0.000000
vt -0.003300 0.001109 0.000000
vt -0.003300 0.000739 0.000000
vt -0.003300 0.000370 0.000000
vt -0.003300 -0.002957 0.000000
vt -0.003300 -0.002957 0.000000
vt -0.000000 0.003326 0.000000
vt -0.000000 0.003326 0.000000
vt -0.000628 0.003274 0.000000
vt -0.000628 0.002889 0.000000
vt -0.000628 0.002503 0.000000
vt -0.000628 0.002118 0.000000
vt -0.000628 0.001733 0.000000
vt -0.000628 0.001348 0.000000
vt -0.000628 0.000963 0.000000
vt -0.000628 0.000578 0.000000
vt -0.000628 0.000193 0.000000
vt -0.000628 -0.000193 0.000000
vt -0.000628 -0.000578 0.000000
vt -0.000628 -0.000963 0.000000
vt -0.000628 -0.001348 0.000000
vt -0.000628 -0.001733 0.000000
vt -0.000628 -0.002118 0.000000
vt -0.000628 -0.002503 0.000000
vt -0.000628 -0.002889 0.000000
vt -0.000364 -0.003274 0.000000
vt -0.000364 -0.002929 0.000000
vt -0.000364 -0.002585 0.000000
vt -0.000364 -0.002240 0.000000
vt -0.000364 -0.001895 0.000000
vt -0.000364 -0.001551 0.000000
vt -0.000364 -0.001206 0.000000
vt -0.000364 -0.000862 0.000000
vt -0.000364 -0.000517 0.000000
vt -0.000364 -0.000172 0.000000
vt -0.000364 0.000172 0.000000
vt -0.000364 0.000517 0.000000
vt -0.000364 0.000862 0.000000
vt -0.000364 0.001206 0.000000
vt -0.000364 0.001551 0.000000
vt -0.000364 0.001895 0.000000
vt -0.000364 0.002240 0.000000
vt -0.000364 0.002585 0.000000
vt -0.000364 0.002929 0.000000
vt -0.000496 -0.003274 0.000000
vt -0.000496 -0.001310 0.000000
vt -0.000496 0.001310 0.000000
vt -0.000496 0.002946 0.000000
vt -0.000496 0.002619 0.000000
vt -0.000496 0.002292 0.000000
vt -0.000496 0.001964 0.000000
vt -0.000496 0.001637 0.000000
vt -0.000496 0.000982 0.000000
vt -0.000496 0.000655 0.000000
vt -0.000496 0.000327 0.000000
vt -0.000496 0.000000 0.000000
vt -0.000496 -0.000327 0.000000
vt -0.000496 -0.000655 0.000000
vt -0.000496 -0.000982 0.000000
vt -0.000496 -0.001637 0.000000
vt -0.000496 -0.001964 0.000000
vt -0.000496 -0.002292 0.000000
vt -0.000496 -0.002619 0.000000
vt -0.000496 -0.002946 0.000000
vt -0.000496 0.003274 0.000000
vt -0.000628 -0.003274 0.000000
vt -0.000628 -0.003274 0.000000
vt -0.000364 0.003274 0.000000
vt -0.000496 -0.003601 0.000000
vt -0.004000 0.000000 0.000000
vt -0.004000 -0.000370 0.000000
vt -0.004000 -0.000739 0.000000
vt -0.004000 -0.001109 0.000000
vt -0.004000 -0.001478 0.000000
vt -0.004000 -0.001848 0.000000
vt -0.004000 -0.002218 0.000000
vt -0.004000 -0.002587 0.000000
vt -0.004000 -0.002957 0.000000
vt -0.004000 0.002957 0.000000
vt -0.004000 0.002587 0.000000
vt -0.004000 0.002218 0.000000
vt -0.004000 0.001848 0.000000
vt -0.004000 0.001478 0.000000
vt -0.004000 0.001109 0.000000
vt -0.004000 0.000739 0.000000
vt -0.004000 0.000370 0.000000
vt -0.000188 -0.003142 0.000000
vt -0.000188 -0.002772 0.000000
vt -0.000188 -0.002403 0.000000
vt -0.000188 -0.002033 0.000000
vt -0.000188 -0.001664 0.000000
vt -0.000188 -0.001294 0.000000
vt -0.000188 -0.000924 0.000000
vt -0.000188 -0.000555 0.000000
vt -0.000188 -0.000185 0.000000
vt -0.000188 0.000184 0.000000
vt -0.000188 0.000554 0.000000
vt -0.000188 0.000924 0.000000
vt -0.000188 0.001293 0.000000
vt -0.000188 0.001663 0.000000
vt -0.000188 0.002032 0.000000
vt -0.000188 0.002402 0.000000
vt -0.000188 0.002772 0.000000
vt -0.000188 0.003141 0.000000
vt -0.004000 -0.003326 0.000000
vt -0.000058 -0.001947 0.000000
vt -0.000058 -0.001558 0.000000
vt -0.000058 -0.001168 0.000000
vt -0.000058 -0.000779 0.000000
vt -0.000058 -0.000389 0.000000
vt -0.000058 0.000000 0.000000
vt -0.000058 0.000389 0.000000
vt -0.000058 0.000779 0.000000
vt -0.000058 0.001168 0.000000
vt -0.000058 0.001558 0.000000
vt -0.000058 0.001947 0.000000
vt -0.000058 0.002337 0.000000
vt -0.000058 0.002726 0.000000
vt -0.000058 0.003116 0.000000
vt -0.000058 0.003505 0.000000
vt -0.000058 -0.003894 0.000000
vt -0.000058 -0.003505 0.000000
vt -0.000058 -0.003116 0.000000
vt -0.000058 -0.002726 0.000000
vt -0.000058 -0.002337 0.000000
vt -0.000264 0.003894 0.000000
vt -0.000264 0.003484 0.000000
vt -0.000264 0.003074 0.000000
vt -0.000264 0.002664 0.000000
vt -0.000264 0.002254 0.000000
vt -0.000264 0.001844 0.000000
vt -0.000264 0.001434 0.000000
vt -0.000264 0.001024 0.000000
vt -0.000264 0.000614 0.000000
vt -0.000264 0.000204 0.000000
vt -0.000264 -0.000205 0.000000
vt -0.000264 -0.000615 0.000000
vt -0.000264 -0.001025 0.000000
vt -0.000264 -0.001435 0.000000
vt -0.000264 -0.001845 0.000000
vt -0.000264 -0.002255 0.000000
vt -0.000264 -0.002665 0.000000
vt -0.000264 -0.003075 0.000000
vt -0.000264 0.004304 0.000000
vt -0.000161 -0.003894 0.000000
vt -0.000161 -0.001558 0.000000
vt -0.000161 -0.001947 0.000000
vt -0.000161 -0.001168 0.000000
vt -0.000161 -0.000779 0.000000
vt -0.000161 -0.000389 0.000000
vt -0.000161 0.000000 0.000000
vt -0.000161 0.000389 0.000000
vt -0.000161 0.000779 0.000000
vt -0.000161 0.001168 0.000000
vt -0.000161 0.001558 0.000000
vt -0.000161 0.001947 0.000000
vt -0.000161 0.002337 0.000000
vt -0.000161 0.002726 0.000000
vt -0.000161 0.003116 0.000000
vt -0.000161 0.003505 0.000000
vt -0.000161 -0.003505 0.000000
vt -0.000161 -0.003116 0.000000
vt -0.000161 -0.002726 0.000000
vt -0.000161 -0.002337 0.000000
vt -0.000058 -0.004284 0.000000
vt -0.000161 0.003894 0.000000
vt -0.000161 0.003894 0.000000
vt -0.000264 -0.003895 0.000000
vt -0.000264 -0.003485 0.000000
vt -0.000264 -0.003485 0.000000
vt -0.000161 0.004284 0.000000
vt 0.001276 0.000000 0.000000
vt 0.001276 0.000430 0.000000
vt 0.001276 0.000860 0.000000
vt 0.001276 0.001290 0.000000
vt 0.001276 0.001720 0.000000
vt 0.001276 0.002150 0.000000
vt 0.001276 0.002580 0.000000
vt 0.001276 0.003009 0.000000
vt 0.001276 0.003439 0.000000
vt 0.001276 0.003869 0.000000
vt 0.001276 0.004299 0.000000
vt 0.001276 0.004729 0.000000
vt 0.001276 -0.005159 0.000000
vt 0.001276 -0.004729 0.000000
vt 0.001276 -0.004299 0.000000
vt 0.001276 -0.003869 0.000000
vt 0.001276 -0.003439 0.000000
vt 0.001276 -0.003009 0.000000
vt 0.001276 -0.002580 0.000000
vt 0.001276 -0.002150 0.000000
vt 0.001276 -0.001720 0.000000
vt 0.001276 -0.001290 0.000000
vt 0.001276 -0.000860 0.000000
vt 0.001276 -0.000430 0.000000
vt -0.001156 0.000000 0.000000
vt -0.001156 -0.000516 0.000000
vt -0.001156 -0.001032 0.000000
vt -0.001156 -0.001548 0.000000
vt -0.001156 -0.002064 0.000000
vt -0.001156 -0.002580 0.000000
vt -0.001156 -0.003095 0.000000
vt -0.001156 -0.003611 0.000000
vt -0.001156 -0.004127 0.000000
vt -0.001156 -0.004643 0.000000
vt -0.001156 0.005159 0.000000
vt -0.001156 0.004643 0.000000
vt -0.001156 0.004127 0.000000
vt -0.001156 0.003611 0.000000
vt -0.001156 0.003095 0.000000
vt -0.001156 0.002580 0.000000
vt -0.001156 0.002064 0.000000
vt -0.001156 0.001548 0.000000
vt -0.001156 0.001032 0.000000
vt -0.001156 0.000516 0.000000
vt 0.000060 0.005159 0.000000
vt 0.000060 0.000430 0.000000
vt 0.000060 0.000000 0.000000
vt 0.000060 0.000860 0.000000
vt 0.000060 0.001290 0.000000
vt 0.000060 0.001720 0.000000
vt 0.000060 0.002150 0.000000
vt 0.000060 0.002580 0.000000
vt 0.000060 0.003009 0.000000
vt 0.000060 0.003439 0.000000
vt 0.000060 0.003869 0.000000
vt 0.000060 0.004299 0.000000
vt 0.000060 0.004729 0.000000
vt 0.000060 -0.004729 0.000000
vt 0.000060 -0.004299 0.000000
vt 0.000060 -0.003869 0.000000
vt 0.000060 -0.003439 0.000000
vt 0.000060 -0.003009 0.000000
vt 0.000060 -0.002580 0.000000
vt 0.000060 -0.002150 0.000000
vt 0.000060 -0.001720 0.000000
vt 0.000060 -0.001290 0.000000
vt 0.000060 -0.000860 0.000000
vt 0.000060 -0.000430 0.000000
vt 0.000060 -0.005159 0.000000
vt 0.001276 0.005159 0.000000
vt -0.001156 -0.005159 0.000000
vt 0.000060 0.005589 0.000000
vt -0.000000 -0.003138 0.000000
vt -0.000000 -0.002615 0.000000
vt -0.000000 -0.002092 0.000000
vt -0.000000 -0.001569 0.000000
vt -0.000000 -0.001046 0.000000
vt -0.000000 -0.000523 0.000000
vt -0.000000 0.000000 0.000000
vt -0.000000 0.000523 0.000000
vt -0.000000 0.001046 0.000000
vt -0.000000 0.001569 0.000000
vt -0.000000 0.002092 0.000000
vt -0.000000 0.002615 0.000000
vt -0.000000 0.003138 0.000000
vt -0.000000 0.003661 0.000000
vt -0.000000 0.004184 0.000000
vt -0.000000 0.004707 0.000000
vt -0.000000 0.005230 0.000000
vt -0.000000 0.005753 0.000000
vt -0.000000 -0.006277 0.000000
vt -0.000000 -0.005753 0.000000
vt -0.000000 -0.005230 0.000000
vt -0.000000 -0.004707 0.000000
vt -0.000000 -0.004184 0.000000
vt -0.000000 -0.003661 0.000000
vt -0.000058 -0.003138 0.000000
vt -0.000058 -0.003661 0.000000
vt -0.000058 -0.004184 0.000000
vt -0.000058 -0.004707 0.000000
vt -0.000058 -0.005230 0.000000
vt -0.000058 -0.005753 0.000000
vt -0.000058 0.006277 0.000000
vt -0.000058 0.005753 0.000000
vt -0.000058 0.005230 0.000000
vt -0.000058 0.004707 0.000000
vt -0.000058 0.004184 0.000000
vt -0.000058 0.003661 0.000000
vt -0.000058 0.003138 0.000000
vt -0.000058 0.002615 0.000000
vt -0.000058 0.002092 0.000000
vt -0.000058 0.001569 0.000000
vt -0.000058 0.001046 0.000000
vt -0.000058 0.000523 0.000000
vt -0.000058 0.000000 0.000000
vt -0.000058 -0.000523 0.000000
vt -0.000058 -0.001046 0.000000
vt -0.000058 -0.001569 0.000000
vt -0.000058 -0.002092 0.000000
vt -0.000058 -0.002615 0.000000
vt -0.000058 -0.006277 0.000000
vt -0.000000 0.006277 0.000000
vt -0.000200 0.000000 0.000000
vt -0.000200 0.000524 0.000000
vt -0.000200 0.001047 0.000000
vt -0.000200 0.001571 0.000000
vt -0.000200 0.002094 0.000000
vt -0.000200 0.002618 0.000000
vt -0.000200 0.003142 0.000000
vt -0.000200 0.003665 0.000000
vt -0.000200 0.004189 0.000000
vt -0.000200 0.004712 0.000000
vt -0.000200 0.005236 0.000000
vt -0.000200 0.005760 0.000000
vt -0.000200 -0.006283 0.000000
vt -0.000200 -0.005760 0.000000
vt -0.000200 -0.005236 0.000000
vt -0.000200 -0.004712 0.000000
vt -0.000200 -0.004189 0.000000
vt -0.000200 -0.003665 0.000000
vt -0.000200 -0.003142 0.000000
vt -0.000200 -0.002618 0.000000
vt -0.000200 -0.002094 0.000000
vt -0.000200 -0.001571 0.000000
vt -0.000200 -0.001047 0.000000
vt -0.000200 -0.000524 0.000000
vt -0.002471 -0.003142 0.000000
vt -0.002471 -0.003665 0.000000
vt -0.002471 -0.004189 0.000000
vt -0.002471 -0.004712 0.000000
vt -0.002471 -0.005236 0.000000
vt -0.002471 -0.005760 0.000000
vt -0.002471 0.006283 0.000000
vt -0.002471 0.005760 0.000000
vt -0.002471 0.005236 0.000000
vt -0.002471 0.004712 0.000000
vt -0.002471 0.004189 0.000000
vt -0.002471 0.003665 0.000000
vt -0.002471 0.003142 0.000000
vt -0.002471 0.002618 0.000000
vt -0.002471 0.002094 0.000000
vt -0.002471 0.001571 0.000000
vt -0.002471 0.001047 0.000000
vt -0.002471 0.000524 0.000000
vt -0.002471 0.000000 0.000000
vt -0.002471 -0.000524 0.000000
vt -0.002471 -0.001047 0.000000
vt -0.002471 -0.001571 0.000000
vt -0.002471 -0.002094 0.000000
vt -0.002471 -0.002618 0.000000
vt -0.002471 -0.006283 0.000000
vt -0.000200 0.006283 0.000000
vt 0.000628 -0.006467 0.000000
vt 0.000628 -0.005928 0.000000
vt 0.000628 -0.005389 0.000000
vt 0.000628 -0.004850 0.000000
vt 0.000628 -0.004311 0.000000
vt 0.000628 -0.003773 0.000000
vt 0.000628 -0.003234 0.000000
vt 0.000628 -0.002695 0.000000
vt 0.000628 -0.002156 0.000000
vt 0.000628 -0.001617 0.000000
vt 0.000628 -0.001078 0.000000
vt 0.000628 -0.000539 0.000000
vt 0.000628 0.000000 0.000000
vt 0.000628 0.000539 0.000000
vt 0.000628 0.001078 0.000000
vt 0.000628 0.001617 0.000000
vt 0.000628 0.002156 0.000000
vt 0.000628 0.002695 0.000000
vt 0.000628 0.003234 0.000000
vt 0.000628 0.003773 0.000000
vt 0.000628 0.004311 0.000000
vt 0.000628 0.004850 0.000000
vt 0.000628 0.005389 0.000000
vt 0.000628 0.005928 0.000000
vt 0.000314 0.006467 0.000000
vt 0.000314 0.005970 0.000000
vt 0.000314 0.005472 0.000000
vt 0.000314 0.004975 0.000000
vt 0.000314 0.004477 0.000000
vt 0.000314 0.003980 0.000000
vt 0.000314 0.003482 0.000000
vt 0.000314 0.002985 0.000000
vt 0.000314 0.002487 0.000000
vt 0.000314 0.001990 0.000000
vt 0.000314 0.001492 0.000000
vt 0.000314 0.000995 0.000000
vt 0.000314 0.000497 0.000000
vt 0.000314 0.000000 0.000000
vt 0.000314 -0.000497 0.000000
vt 0.000314 -0.000995 0.000000
vt 0.000314 -0.001492 0.000000
vt 0.000314 -0.001990 0.000000
vt 0.000314 -0.002487 0.000000
vt 0.000314 -0.002985 0.000000
vt 0.000314 -0.003482 0.000000
vt 0.000314 -0.003980 0.000000
vt 0.000314 -0.004477 0.000000
vt 0.000314 -0.004975 0.000000
vt 0.000314 -0.005472 0.000000
vt 0.000314 -0.005970 0.000000
vt 0.000524 0.006467 0.000000
vt 0.000419 0.006467 0.000000
vt 0.000524 -0.005988 0.000000
vt 0.000419 -0.005988 0.000000
vt 0.000524 -0.005509 0.000000
vt 0.000419 -0.005509 0.000000
vt 0.000524 -0.005030 0.000000
vt 0.000419 -0.005030 0.000000
vt 0.000524 -0.004551 0.000000
vt 0.000419 -0.004551 0.000000
vt 0.000524 -0.004072 0.000000
vt 0.000419 -0.004072 0.000000
vt 0.000524 -0.003593 0.000000
vt 0.000419 -0.003593 0.000000
vt 0.000524 -0.003114 0.000000
vt 0.000419 -0.003114 0.000000
vt 0.000524 -0.002635 0.000000
vt 0.000419 -0.002635 0.000000
vt 0.000524 -0.001677 0.000000
vt 0.000419 -0.001677 0.000000
vt 0.000419 -0.002156 0.000000
vt 0.000524 -0.002156 0.000000
vt 0.000524 -0.001198 0.000000
vt 0.000419 -0.001198 0.000000
vt 0.000524 -0.000719 0.000000
vt 0.000419 -0.000719 0.000000
vt 0.000524 -0.000240 0.000000
vt 0.000419 -0.000240 0.000000
vt 0.000524 0.000240 0.000000
vt 0.000419 0.000240 0.000000
vt 0.000524 0.000719 0.000000
vt 0.000419 0.000719 0.000000
vt 0.000524 0.001198 0.000000
vt 0.000419 0.001198 0.000000
vt 0.000524 0.001677 0.000000
vt 0.000419 0.001677 0.000000
vt 0.000524 0.002635 0.000000
vt 0.000419 0.002635 0.000000
vt 0.000419 0.002156 0.000000
vt 0.000524 0.002156 0.000000
vt 0.000524 0.003114 0.000000
vt 0.000419 0.003114 0.000000
vt 0.000524 0.003593 0.000000
vt 0.000419 0.003593 0.000000
vt 0.000524 0.004072 0.000000
vt 0.000419 0.004072 0.000000
vt 0.000524 0.004551 0.000000
vt 0.000419 0.004551 0.000000
vt 0.000524 0.005030 0.000000
vt 0.000419 0.005030 0.000000
vt 0.000524 0.005509 0.000000
vt 0.000419 0.005509 0.000000
vt 0.000524 0.005988 0.000000
vt 0.000419 0.005988 0.000000
vt 0.000524 -0.006467 0.000000
vt 0.000628 0.006467 0.000000
vt 0.000628 0.006467 0.000000
vt 0.000524 -0.006467 0.000000
vt 0.000314 -0.006467 0.000000
vt 0.000419 0.006946 0.000000
vt 0.000419 0.006946 0.000000
vt 0.002567 0.000000 0.000000
vt 0.002503 0.000571 0.000000
vt 0.002313 0.001114 0.000000
vt 0.002007 0.001601 0.000000
vt 0.001601 0.002007 0.000000
vt 0.001114 0.002313 0.000000
vt 0.000571 0.002503 0.000000
vt 0.000000 0.002567 0.000000
vt -0.000571 0.002503 0.000000
vt -0.001114 0.002313 0.000000
vt -0.001601 0.002007 0.000000
vt -0.002007 0.001601 0.000000
vt -0.002313 0.001114 0.000000
vt -0.002503 0.000571 0.000000
vt -0.002567 0.000000 0.000000
vt -0.002503 -0.000571 0.000000
vt -0.002313 -0.001114 0.000000
vt -0.002007 -0.001601 0.000000
vt -0.001601 -0.002007 0.000000
vt -0.001114 -0.002313 0.000000
vt -0.000571 -0.002503 0.000000
vt 0.000000 -0.002567 0.000000
vt 0.000571 -0.002503 0.000000
vt 0.001114 -0.002313 0.000000
vt 0.001601 -0.002007 0.000000
vt 0.002007 -0.001601 0.000000
vt 0.002313 -0.001114 0.000000
vt 0.002503 -0.000571 0.000000
vt 0.002200 0.000000 0.000000
vt 0.002136 -0.000526 0.000000
vt 0.001948 -0.001022 0.000000
vt 0.001647 -0.001459 0.000000
vt 0.001250 -0.001811 0.000000
vt 0.000780 -0.002057 0.000000
vt 0.000265 -0.002184 0.000000
vt -0.000265 -0.002184 0.000000
vt -0.000780 -0.002057 0.000000
vt -0.001250 -0.001811 0.000000
vt -0.001647 -0.001459 0.000000
vt -0.001948 -0.001022 0.000000
vt -0.002136 -0.000526 0.000000
vt -0.002200 0.000000 0.000000
vt -0.002136 0.000526 0.000000
vt -0.001948 0.001022 0.000000
vt -0.001647 0.001459 0.000000
vt -0.001250 0.001811 0.000000
vt -0.000780 0.002057 0.000000
vt -0.000265 0.002184 0.000000
vt 0.000265 0.002184 0.000000
vt 0.000780 0.002057 0.000000
vt 0.001250 0.001811 0.000000
vt 0.001647 0.001459 0.000000
vt 0.001948 0.001022 0.000000
vt 0.002136 0.000526 0.000000
vt 0.000314 -0.008305 0.000000
vt 0.000314 -0.007712 0.000000
vt 0.000314 -0.007119 0.000000
vt 0.000314 -0.006526 0.000000
vt 0.000314 -0.005932 0.000000
vt 0.000314 -0.005339 0.000000
vt 0.000314 -0.004746 0.000000
vt 0.000314 -0.004153 0.000000
vt 0.000314 -0.003559 0.000000
vt 0.000314 -0.002966 0.000000
vt 0.000314 -0.002373 0.000000
vt 0.000314 -0.001780 0.000000
vt 0.000314 -0.001186 0.000000
vt 0.000314 -0.000593 0.000000
vt 0.000314 0.000000 0.000000
vt 0.000314 0.000593 0.000000
vt 0.000314 0.001186 0.000000
vt 0.000314 0.001780 0.000000
vt 0.000314 0.002373 0.000000
vt 0.000314 0.002966 0.000000
vt 0.000314 0.003559 0.000000
vt 0.000314 0.004153 0.000000
vt 0.000314 0.004746 0.000000
vt 0.000314 0.005339 0.000000
vt 0.000314 0.005932 0.000000
vt 0.000314 0.006526 0.000000
vt 0.000314 0.007119 0.000000
vt 0.000314 0.007712 0.000000
vt 0.000157 0.008305 0.000000
vt 0.000157 0.007712 0.000000
vt 0.000157 0.007119 0.000000
vt 0.000157 0.006526 0.000000
vt 0.000157 0.005932 0.000000
vt 0.000157 0.005339 0.000000
vt 0.000157 0.004746 0.000000
vt 0.000157 0.004153 0.000000
vt 0.000157 0.003559 0.000000
vt 0.000157 0.002966 0.000000
vt 0.000157 0.002373 0.000000
vt 0.000157 0.001780 0.000000
vt 0.000157 0.001186 0.000000
vt 0.000157 0.000593 0.000000
vt 0.000157 0.000000 0.000000
vt 0.000157 -0.000593 0.000000
vt 0.000157 -0.001186 0.000000
vt 0.000157 -0.001780 0.000000
vt 0.000157 -0.002373 0.000000
vt 0.000157 -0.002966 0.000000
vt 0.000157 -0.003559 0.000000
vt 0.000157 -0.004153 0.000000
vt 0.000157 -0.004746 0.000000
vt 0.000157 -0.005339 0.000000
vt 0.000157 -0.005932 0.000000
vt 0.000157 -0.006526 0.000000
vt 0.000157 -0.007119 0.000000
vt 0.000157 -0.007712 0.000000
vt 0.000236 0.008305 0.000000
vt 0.000236 -0.007733 0.000000
vt 0.000236 -0.007160 0.000000
vt 0.000236 -0.006587 0.000000
vt 0.000236 -0.006014 0.000000
vt 0.000236 -0.005441 0.000000
vt 0.000236 -0.004869 0.000000
vt 0.000236 -0.004296 0.000000
vt 0.000236 -0.003723 0.000000
vt 0.000236 -0.003150 0.000000
vt 0.000236 -0.002578 0.000000
vt 0.000236 -0.002005 0.000000
vt 0.000236 -0.001432 0.000000
vt 0.000236 -0.000859 0.000000
vt 0.000236 -0.000286 0.000000
vt 0.000236 0.000286 0.000000
vt 0.000236 0.000859 0.000000
vt 0.000236 0.001432 0.000000
vt 0.000236 0.002005 0.000000
vt 0.000236 0.002578 0.000000
vt 0.000236 0.003150 0.000000
vt 0.000236 0.003723 0.000000
vt 0.000236 0.004296 0.000000
vt 0.000236 0.004869 0.000000
vt 0.000236 0.005441 0.000000
vt 0.000236 0.006014 0.000000
vt 0.000236 0.006587 0.000000
vt 0.000236 0.007160 0.000000
vt 0.000236 0.007733 0.000000
vt 0.000236 -0.008305 0.000000
vt 0.000314 0.008305 0.000000
vt 0.000314 0.008305 0.000000
vt 0.000157 -0.008305 0.000000
vt 0.000236 0.008878 0.000000
vt 0.000271 -0.009111 0.000000
vt 0.000271 -0.008503 0.000000
vt 0.000271 -0.007896 0.000000
vt 0.000271 -0.007288 0.000000
vt 0.000271 -0.006681 0.000000
vt 0.000271 -0.006074 0.000000
vt 0.000271 -0.005466 0.000000
vt 0.000271 -0.004859 0.000000
vt 0.000271 -0.004252 0.000000
vt 0.000271 -0.003644 0.000000
vt 0.000271 -0.003037 0.000000
vt 0.000271 -0.002429 0.000000
vt 0.000271 -0.001822 0.000000
vt 0.000271 -0.001215 0.000000
vt 0.000271 -0.000607 0.000000
vt 0.000271 0.000000 0.000000
vt 0.000271 0.000607 0.000000
vt 0.000271 0.001215 0.000000
vt 0.000271 0.001822 0.000000
vt 0.000271 0.002429 0.000000
vt 0.000271 0.003037 0.000000
vt 0.000271 0.003644 0.000000
vt 0.000271 0.004252 0.000000
vt 0.000271 0.004859 0.000000
vt 0.000271 0.005466 0.000000
vt 0.000271 0.006074 0.000000
vt 0.000271 0.006681 0.000000
vt 0.000271 0.007288 0.000000
vt 0.000271 0.007896 0.000000
vt 0.000271 0.008503 0.000000
vt -0.000271 0.009111 0.000000
vt -0.000271 0.008460 0.000000
vt -0.000271 0.007809 0.000000
vt -0.000271 0.007158 0.000000
vt -0.000271 0.006508 0.000000
vt -0.000271 0.005857 0.000000
vt -0.000271 0.005206 0.000000
vt -0.000271 0.004555 0.000000
vt -0.000271 0.003905 0.000000
vt -0.000271 0.003254 0.000000
vt -0.000271 0.002603 0.000000
vt -0.000271 0.001952 0.000000
vt -0.000271 0.001302 0.000000
vt -0.000271 0.000651 0.000000
vt -0.000271 0.000000 0.000000
vt -0.000271 -0.000651 0.000000
vt -0.000271 -0.001302 0.000000
vt -0.000271 -0.001952 0.000000
vt -0.000271 -0.002603 0.000000
vt -0.000271 -0.003254 0.000000
vt -0.000271 -0.003905 0.000000
vt -0.000271 -0.004555 0.000000
vt -0.000271 -0.005206 0.000000
vt -0.000271 -0.005857 0.000000
vt -0.000271 -0.006508 0.000000
vt -0.000271 -0.007158 0.000000
vt -0.000271 -0.007809 0.000000
vt -0.000271 -0.008460 0.000000
vt 0.000271 0.009111 0.000000
vt -0.000271 -0.009111 0.000000
vt -0.000271 -0.009111 0.000000
vt -0.000000 0.000000 0.000000
vt -0.000000 0.000657 0.000000
vt -0.000000 0.001313 0.000000
vt -0.000000 0.001970 0.000000
vt -0.000000 0.002626 0.000000
vt -0.000000 0.003283 0.000000
vt -0.000000 0.003939 0.000000
vt -0.000000 0.004596 0.000000
vt -0.000000 0.005252 0.000000
vt -0.000000 0.005909 0.000000
vt -0.000000 0.006565 0.000000
vt -0.000000 0.007222 0.000000
vt -0.000000 0.007879 0.000000
vt -0.000000 0.008535 0.000000
vt -0.000000 0.009192 0.000000
vt -0.000000 -0.009848 0.000000
vt -0.000000 -0.009192 0.000000
vt -0.000000 -0.008535 0.000000
vt -0.000000 -0.007879 0.000000
vt -0.000000 -0.007222 0.000000
vt -0.000000 -0.006565 0.000000
vt -0.000000 -0.005909 0.000000
vt -0.000000 -0.005252 0.000000
vt -0.000000 -0.004596 0.000000
vt -0.000000 -0.003939 0.000000
vt -0.000000 -0.003283 0.000000
vt -0.000000 -0.002626 0.000000
vt -0.000000 -0.001970 0.000000
vt -0.000000 -0.001313 0.000000
vt -0.000000 -0.000657 0.000000
vt -0.000157 0.000000 0.000000
vt -0.000157 -0.000657 0.000000
vt -0.000157 -0.001313 0.000000
vt -0.000157 -0.001970 0.000000
vt -0.000157 -0.002626 0.000000
vt -0.000157 -0.003283 0.000000
vt -0.000157 -0.003939 0.000000
vt -0.000157 -0.004596 0.000000
vt -0.000157 -0.005252 0.000000
vt -0.000157 -0.005909 0.000000
vt -0.000157 -0.006565 0.000000
vt -0.000157 -0.007222 0.000000
vt -0.000157 -0.007879 0.000000
vt -0.000157 -0.008535 0.000000
vt -0.000157 -0.009192 0.000000
vt -0.000157 0.009848 0.000000
vt -0.000157 0.009192 0.000000
vt -0.000157 0.008535 0.000000
vt -0.000157 0.007879 0.000000
vt -0.000157 0.007222 0.000000
vt -0.000157 0.006565 0.000000
vt -0.000157 0.005909 0.000000
vt -0.000157 0.005252 0.000000
vt -0.000157 0.004596 0.000000
vt -0.000157 0.003939 0.000000
vt -0.000157 0.003283 0.000000
vt -0.000157 0.002626 0.000000
vt -0.000157 0.001970 0.000000
vt -0.000157 0.001313 0.000000
vt -0.000157 0.000657 0.000000
vt -0.000079 0.009848 0.000000
vt -0.000079 0.000657 0.000000
vt -0.000079 0.000000 0.000000
vt -0.000079 0.001313 0.000000
vt -0.000079 0.001970 0.000000
vt -0.000079 0.002626 0.000000
vt -0.000079 0.003283 0.000000
vt -0.000079 0.003939 0.000000
vt -0.000079 0.004596 0.000000
vt -0.000079 0.005252 0.000000
vt -0.000079 0.005909 0.000000
vt -0.000079 0.006565 0.000000
vt -0.000079 0.007222 0.000000
vt -0.000079 0.007879 0.000000
vt -0.000079 0.008535 0.000000
vt -0.000079 0.009192 0.000000
vt -0.000079 -0.009192 0.000000
vt -0.000079 -0.008535 0.000000
vt -0.000079 -0.007879 0.000000
vt -0.000079 -0.007222 0.000000
vt -0.000079 -0.006565 0.000000
vt -0.000079 -0.005909 0.000000
vt -0.000079 -0.005252 0.000000
vt -0.000079 -0.004596 0.000000
vt -0.000079 -0.003939 0.000000
vt -0.000079 -0.003283 0.000000
vt -0.000079 -0.002626 0.000000
vt -0.000079 -0.001970 0.000000
vt -0.000079 -0.001313 0.000000
vt -0.000079 -0.000657 0.000000
vt -0.000079 -0.009848 0.000000
vt -0.000000 0.009848 0.000000
vt -0.000157 0.010505 0.000000
vt -0.000079 -0.009848 0.000000
vt -0.000000 0.000000 0.000000
vt -0.000000 0.000660 0.000000
vt -0.000000 0.001319 0.000000
vt -0.000000 0.001979 0.000000
vt -0.000000 0.002639 0.000000
vt -0.000000 0.003299 0.000000
vt -0.000000 0.003958 0.000000
vt -0.000000 0.004618 0.000000
vt -0.000000 0.005278 0.000000
vt -0.000000 0.005938 0.000000
vt -0.000000 0.006597 0.000000
vt -0.000000 0.007257 0.000000
vt -0.000000 0.007917 0.000000
vt -0.000000 0.008577 0.000000
vt -0.000000 0.009236 0.000000
vt -0.000000 -0.009896 0.000000
vt -0.000000 -0.009236 0.000000
vt -0.000000 -0.008577 0.000000
vt -0.000000 -0.007917 0.000000
vt -0.000000 -0.007257 0.000000
vt -0.000000 -0.006597 0.000000
vt -0.000000 -0.005938 0.000000
vt -0.000000 -0.005278 0.000000
vt -0.000000 -0.004618 0.000000
vt -0.000000 -0.003958 0.000000
vt -0.000000 -0.003299 0.000000
vt -0.000000 -0.002639 0.000000
vt -0.000000 -0.001979 0.000000
vt -0.000000 -0.001319 0.000000
vt -0.000000 -0.000660 0.000000
vt -0.012417 0.000000 0.000000
vt -0.012417 -0.000660 0.000000
vt -0.012417 -0.001319 0.000000
vt -0.012417 -0.001979 0.000000
vt -0.012417 -0.002639 0.000000
vt -0.012417 -0.003299 0.000000
vt -0.012417 -0.003958 0.000000
vt -0.012417 -0.004618 0.000000
vt -0.012417 -0.005278 0.000000
vt -0.012417 -0.005938 0.000000
vt -0.012417 -0.006597 0.000000
vt -0.012417 -0.007257 0.000000
vt -0.012417 -0.007917 0.000000
vt -0.012417 -0.008577 0.000000
vt -0.012417 -0.009236 0.000000
vt -0.012417 0.009896 0.000000
vt -0.012417 0.009236 0.000000
vt -0.012417 0.008577 0.000000
vt -0.012417 0.007917 0.000000
vt -0.012417 0.007257 0.000000
vt -0.012417 0.006597 0.000000
vt -0.012417 0.005938 0.000000
vt -0.012417 0.005278 0.000000
vt -0.012417 0.004618 0.000000
vt -0.012417 0.003958 0.000000
vt -0.012417 0.003299 0.000000
vt -0.012417 0.002639 0.000000
vt -0.012417 0.001979 0.000000
vt -0.012417 0.001319 0.000000
vt -0.012417 0.000660 0.000000
vt -0.012417 -0.009896 0.000000
vt -0.000000 0.009896 0.000000
vt 0.000751 -0.002591 0.000000
vt 0.000751 -0.002318 0.000000
vt 0.000751 -0.002045 0.000000
vt 0.000751 -0.001773 0.000000
vt 0.000751 -0.001500 0.000000
vt 0.000751 -0.001227 0.000000
vt 0.000751 -0.000955 0.000000
vt 0.000751 -0.000682 0.000000
vt 0.000751 -0.000409 0.000000
vt 0.000751 -0.000136 0.000000
vt 0.000751 0.000136 0.000000
vt 0.000751 0.000409 0.000000
vt 0.000751 0.000682 0.000000
vt 0.000751 0.000955 0.000000
vt 0.000751 0.001227 0.000000
vt 0.000751 0.001500 0.000000
vt 0.000751 0.001773 0.000000
vt 0.000751 0.002045 0.000000
vt 0.000751 0.002318 0.000000
vt -0.000751 0.002591 0.000000
vt -0.000751 0.002159 0.000000
vt -0.000751 0.001727 0.000000
vt -0.000751 0.001295 0.000000
vt -0.000751 0.000864 0.000000
vt -0.000751 0.000432 0.000000
vt -0.000751 0.000000 0.000000
vt -0.000751 -0.000432 0.000000
vt -0.000751 -0.000864 0.000000
vt -0.000751 -0.001295 0.000000
vt -0.000751 -0.001727 0.000000
vt -0.000751 -0.002159 0.000000
vt 0.000751 0.002591 0.000000
vt -0.000751 -0.002591 0.000000
vt -0.000751 -0.002591 0.000000
vt 0.000449 0.000000 0.000000
vt 0.000389 0.000225 0.000000
vt 0.000225 0.000389 0.000000
vt 0.000000 0.000449 0.000000
vt -0.000225 0.000389 0.000000
vt -0.000389 0.000225 0.000000
vt -0.000449 0.000000 0.000000
vt -0.000389 -0.000225 0.000000
vt -0.000225 -0.000389 0.000000
vt 0.000000 -0.000449 0.000000
vt 0.000225 -0.000389 0.000000
vt 0.000389 -0.000225 0.000000
vt -0.001500 0.000000 0.000000
vt -0.001500 -0.000397 0.000000
vt -0.001500 -0.000794 0.000000
vt -0.001500 -0.001190 0.000000
vt -0.001500 -0.001587 0.000000
vt -0.001500 -0.001984 0.000000
vt -0.001500 -0.002381 0.000000
vt -0.001500 -0.002778 0.000000
vt -0.001500 -0.003175 0.000000
vt -0.001500 -0.003571 0.000000
vt -0.001500 0.003571 0.000000
vt -0.001500 0.003175 0.000000
vt -0.001500 0.002778 0.000000
vt -0.001500 0.002381 0.000000
vt -0.001500 0.001984 0.000000
vt -0.001500 0.001587 0.000000
vt -0.001500 0.001190 0.000000
vt -0.001500 0.000794 0.000000
vt -0.001500 0.000397 0.000000
vt 0.004200 0.000000 0.000000
vt 0.004200 0.000397 0.000000
vt 0.004200 0.000794 0.000000
vt 0.004200 0.001190 0.000000
vt 0.004200 0.001587 0.000000
vt 0.004200 0.001984 0.000000
vt 0.004200 0.002381 0.000000
vt 0.004200 0.002778 0.000000
vt 0.004200 0.003175 0.000000
vt 0.004200 -0.003968 0.000000
vt 0.004200 -0.003571 0.000000
vt 0.004200 -0.003175 0.000000
vt 0.004200 -0.002778 0.000000
vt 0.004200 -0.002381 0.000000
vt 0.004200 -0.001984 0.000000
vt 0.004200 -0.001587 0.000000
vt 0.004200 -0.001190 0.000000
vt 0.004200 -0.000794 0.000000
vt 0.004200 -0.000397 0.000000
vt 0.004200 0.003571 0.000000
vt 0.004200 0.003571 0.000000
vt -0.001500 -0.003968 0.000000
vt -0.001500 -0.003968 0.000000
vt -0.001571 0.009415 0.000000
vt -0.001940 0.009415 0.000000
vt -0.002310 0.009415 0.000000
vt -0.002680 0.009415 0.000000
vt 0.003234 0.009415 0.000000
vt 0.002864 0.009415 0.000000
vt 0.002495 0.009415 0.000000
vt 0.002125 0.009415 0.000000
vt 0.001756 0.009415 0.000000
vt 0.001386 0.009415 0.000000
vt 0.001016 0.009415 0.000000
vt 0.000647 0.009415 0.000000
vt 0.000277 0.009415 0.000000
vt -0.000092 0.009415 0.000000
vt -0.000462 0.009415 0.000000
vt -0.000832 0.009415 0.000000
vt -0.001201 0.009415 0.000000
vt -0.001571 0.006276 0.000000
vt -0.001201 0.006276 0.000000
vt -0.000832 0.006276 0.000000
vt -0.000462 0.006276 0.000000
vt -0.000092 0.006276 0.000000
vt 0.000277 0.006276 0.000000
vt 0.000647 0.006276 0.000000
vt 0.001016 0.006276 0.000000
vt 0.001386 0.006276 0.000000
vt 0.001756 0.006276 0.000000
vt 0.002125 0.006276 0.000000
vt 0.002495 0.006276 0.000000
vt -0.003419 0.006276 0.000000
vt -0.003049 0.006276 0.000000
vt -0.002680 0.006276 0.000000
vt -0.002310 0.006276 0.000000
vt -0.001940 0.006276 0.000000
vt -0.003142 0.006904 0.000000
vt 0.003142 0.008787 0.000000
vt -0.003142 0.008159 0.000000
vt -0.003142 0.007532 0.000000
vt -0.002772 0.008787 0.000000
vt -0.002402 0.008787 0.000000
vt -0.002033 0.008787 0.000000
vt -0.001663 0.008787 0.000000
vt -0.001294 0.008787 0.000000
vt -0.000924 0.008787 0.000000
vt -0.000554 0.008787 0.000000
vt -0.000185 0.008787 0.000000
vt 0.000185 0.008787 0.000000
vt 0.000554 0.008787 0.000000
vt 0.000924 0.008787 0.000000
vt 0.001294 0.008787 0.000000
vt 0.001663 0.008787 0.000000
vt 0.002033 0.008787 0.000000
vt 0.002402 0.008787 0.000000
vt 0.002772 0.008787 0.000000
vt 0.002772 0.006904 0.000000
vt 0.002402 0.006904 0.000000
vt 0.002033 0.006904 0.000000
vt 0.001663 0.006904 0.000000
vt 0.001294 0.006904 0.000000
vt 0.000924 0.006904 0.000000
vt 0.000554 0.006904 0.000000
vt 0.000185 0.006904 0.000000
vt -0.000185 0.006904 0.000000
vt -0.000554 0.006904 0.000000
vt -0.000924 0.006904 0.000000
vt -0.001294 0.006904 0.000000
vt -0.001663 0.006904 0.000000
vt -0.002033 0.006904 0.000000
vt -0.002402 0.006904 0.000000
vt -0.002772 0.006904 0.000000
vt -0.002772 0.008159 0.000000
vt -0.002402 0.008159 0.000000
vt -0.002033 0.008159 0.000000
vt -0.001663 0.008159 0.000000
vt -0.001294 0.008159 0.000000
vt -0.000924 0.008159 0.000000
vt -0.000554 0.008159 0.000000
vt -0.000185 0.008159 0.000000
vt 0.000185 0.008159 0.000000
vt 0.000554 0.008159 0.000000
vt 0.000924 0.008159 0.000000
vt 0.001294 0.008159 0.000000
vt 0.001663 0.008159 0.000000
vt 0.002033 0.008159 0.000000
vt 0.002402 0.008159 0.000000
vt 0.002772 0.008159 0.000000
vt -0.002772 0.007532 0.000000
vt -0.002402 0.007532 0.000000
vt -0.002033 0.007532 0.000000
vt -0.001663 0.007532 0.000000
vt -0.001294 0.007532 0.000000
vt -0.000924 0.007532 0.000000
vt -0.000554 0.007532 0.000000
vt -0.000185 0.007532 0.000000
vt 0.000185 0.007532 0.000000
vt 0.000554 0.007532 0.000000
vt 0.000924 0.007532 0.000000
vt 0.001294 0.007532 0.000000
vt 0.001663 0.007532 0.000000
vt 0.002033 0.007532 0.000000
vt 0.002402 0.007532 0.000000
vt 0.002772 0.007532 0.000000
vt 0.003511 0.008787 0.000000
vt -0.003049 0.009415 0.000000
vt -0.003511 0.006904 0.000000
vt 0.002864 0.006276 0.000000
vt -0.003142 0.008787 0.000000
vt 0.003142 0.008159 0.000000
vt 0.003142 0.008159 0.000000
vt -0.003511 0.008159 0.000000
vt 0.003142 0.007532 0.000000
vt -0.003511 0.007532 0.000000
vt 0.003142 0.006904 0.000000
vt -0.003142 0.008787 0.000000
vt -0.003150 0.000000 0.000000
vt -0.003081 -0.000655 0.000000
vt -0.002878 -0.001281 0.000000
vt -0.002548 -0.001852 0.000000
vt -0.002108 -0.002341 0.000000
vt -0.001575 -0.002728 0.000000
vt -0.000973 -0.002996 0.000000
vt -0.000329 -0.003133 0.000000
vt 0.000329 -0.003133 0.000000
vt 0.000973 -0.002996 0.000000
vt 0.001575 -0.002728 0.000000
vt 0.002108 -0.002341 0.000000
vt 0.002548 -0.001852 0.000000
vt 0.002878 -0.001281 0.000000
vt 0.003081 -0.000655 0.000000
vt 0.003150 0.000000 0.000000
vt 0.003081 0.000655 0.000000
vt 0.002878 0.001281 0.000000
vt 0.002548 0.001852 0.000000
vt 0.002108 0.002341 0.000000
vt 0.001575 0.002728 0.000000
vt 0.000973 0.002996 0.000000
vt 0.000329 0.003133 0.000000
vt -0.000329 0.003133 0.000000
vt -0.000973 0.002996 0.000000
vt -0.001575 0.002728 0.000000
vt -0.002108 0.002341 0.000000
vt -0.002548 0.001852 0.000000
vt -0.002878 0.001281 0.000000
vt -0.003081 0.000655 0.000000
vn 0.000000 0.070711 -0.070711
vn 0.000000 0.070711 -0.070711
vn 0.000000 0.070711 -0.070711
vn 0.000000 0.070711 -0.070711
vn 0.000000 0.070711 -0.070711
vn 0.000000 0.070711 -0.070711
vn 0.000000 0.070711 -0.070711
vn 0.000000 0.070711 -0.070711
vn 0.000000 0.070711 -0.070711
vn 0.000000 0.070711 -0.070711
vn 0.000000 0.070711 -0.070711
vn 0.000000 0.070711 -0.070711
vn 0.000000 0.070711 -0.070711
vn 0.000000 0.070711 -0.070711
vn 0.000000 0.070711 -0.070711
vn 0.000000 0.070711 -0.070711
vn 0.000000 0.070711 -0.070711
vn 0.000000 0.070711 -0.070711
vn 0.000000 0.070711 -0.070711
vn 0.100000 0.000000 0.000000
vn 0.093247 0.025544 0.025544
vn 0.073901 0.047637 0.047637
vn 0.044574 0.063298 0.063298
vn 0.009227 0.070409 0.070409
vn -0.027366 0.068011 0.068011
vn -0.060263 0.056428 0.056428
vn -0.085022 0.037224 0.037224
vn -0.098297 0.012993 0.012993
vn -0.098297 -0.012993 -0.012993
vn -0.085022 -0.037224 -0.037224
vn -0.060263 -0.056428 -0.056428
vn -0.027366 -0.068011 -0.068011
vn 0.009227 -0.070409 -0.070409
vn 0.044574 -0.063298 -0.063298
vn 0.073901 -0.047637 -0.047637
vn 0.093247 -0.025544 -0.025544
vn 0.050000 0.061237 -0.061237
vn 0.086603 0.035355 -0.035355
vn -0.026762 -0.022885 -0.093595
vn -0.026762 0.093595 0.022885
vn 0.047553 0.050312 -0.072163
vn 0.082364 0.016432 -0.054279
vn 0.040451 0.040456 -0.082019
vn 0.070063 -0.000639 -0.071350
vn 0.029389 0.032634 -0.089840
vn 0.050904 -0.014187 -0.084897
vn 0.015451 0.027612 -0.094862
vn 0.026762 -0.022885 -0.093595
vn 0.000000 0.025882 -0.096593
vn 0.000000 -0.025882 -0.096593
vn -0.015451 0.027612 -0.094862
vn -0.029389 0.032634 -0.089840
vn -0.050904 -0.014187 -0.084897
vn -0.040451 0.040456 -0.082019
vn -0.070063 -0.000639 -0.071350
vn -0.047553 0.050312 -0.072163
vn -0.082364 0.016432 -0.054279
vn -0.050000 0.061237 -0.061237
vn -0.086603 0.035355 -0.035355
vn -0.047553 0.072163 -0.050312
vn -0.082364 0.054279 -0.016432
vn -0.040451 0.082019 -0.040456
vn -0.070063 0.071350 0.000639
vn -0.029389 0.089840 -0.032634
vn -0.050904 0.084897 0.014187
vn -0.015451 0.094862 -0.027612
vn 0.000000 0.096593 -0.025882
vn 0.000000 0.096593 0.025882
vn 0.015451 0.094862 -0.027612
vn 0.026762 0.093595 0.022885
vn 0.029389 0.089840 -0.032634
vn 0.050904 0.084897 0.014187
vn 0.040451 0.082019 -0.040456
vn 0.070063 0.071350 0.000639
vn 0.047553 0.072163 -0.050312
vn 0.082364 0.054279 -0.016432
vn 0.050000 0.061237 -0.061237
vn 0.000000 0.070711 -0.070711
vn 0.000000 0.070711 -0.070711
vn 0.100000 0.000000 0.000000
vn 0.082364 0.016432 -0.054279
vn 0.082364 0.016432 -0.054279
vn 0.050000 0.061237 -0.061237
vn 0.100000 0.000000 0.000000
vn 0.093247 0.025544 0.025544
vn 0.073901 0.047637 0.047637
vn 0.044574 0.063298 0.063298
vn 0.009227 0.070409 0.070409
vn -0.027366 0.068011 0.068011
vn -0.060263 0.056428 0.056428
vn -0.085022 0.037224 0.037224
vn -0.098297 0.012993 0.012993
vn -0.098297 -0.012993 -0.012993
vn -0.085022 -0.037224 -0.037224
vn -0.060263 -0.056428 -0.056428
vn -0.027366 -0.068011 -0.068011
vn 0.009227 -0.070409 -0.070409
vn 0.044574 -0.063298 -0.063298
vn 0.073901 -0.047637 -0.047637
vn 0.093247 -0.025544 -0.025544
vn 0.100000 0.000000 0.000000
vn 0.093247 -0.025544 -0.025544
vn 0.073901 -0.047637 -0.047637
vn 0.044574 -0.063298 -0.063298
vn 0.009227 -0.070409 -0.070409
vn -0.027366 -0.068011 -0.068011
vn -0.060263 -0.056428 -0.056428
vn -0.085022 -0.037224 -0.037224
vn -0.098297 -0.012993 -0.012993
vn -0.098297 0.012993 0.012993
vn -0.085022 0.037224 0.037224
vn -0.060263 0.056428 0.056428
vn -0.027366 0.068011 0.068011
vn 0.009227 0.070409 0.070409
vn 0.044574 0.063298 0.063298
vn 0.073901 0.047637 0.047637
vn 0.093247 0.025544 0.025544
vn -0.098297 -0.012993 -0.012993
vn -0.098297 -0.012993 -0.012993
vn -0.098297 -0.012993 -0.012993
vn -0.098297 -0.012993 -0.012993
vn -0.100000 0.000042 0.000000
vn -0.093232 0.036163 0.000000
vn -0.073873 0.067401 0.000000
vn -0.044536 0.089535 0.000000
vn -0.009185 0.099577 0.000000
vn 0.027407 0.096171 0.000000
vn 0.060297 0.079776 0.000000
vn 0.085044 0.052607 0.000000
vn 0.098305 0.018334 0.000000
vn 0.098290 -0.018416 0.000000
vn 0.085000 -0.052679 0.000000
vn 0.060230 -0.079827 0.000000
vn 0.027326 -0.096194 0.000000
vn -0.009269 -0.099570 0.000000
vn -0.044611 -0.089498 0.000000
vn -0.073929 -0.067339 0.000000
vn -0.093262 -0.036085 0.000000
vn -0.024702 0.000010 0.096901
vn -0.023367 -0.008011 0.096901
vn -0.019499 -0.015164 0.096901
vn -0.013519 -0.020674 0.096901
vn -0.006074 -0.023943 0.096901
vn 0.002029 -0.024618 0.096901
vn 0.009913 -0.022625 0.096901
vn 0.016722 -0.018181 0.096901
vn 0.021719 -0.011766 0.096901
vn 0.024363 -0.004076 0.096901
vn 0.024366 0.004056 0.096901
vn 0.021729 0.011748 0.096901
vn 0.016738 0.018166 0.096901
vn 0.009932 0.022617 0.096901
vn 0.002050 0.024616 0.096901
vn -0.006054 0.023948 0.096901
vn -0.013502 0.020685 0.096901
vn -0.019487 0.015180 0.096901
vn -0.023360 0.008030 0.096901
vn -0.078962 0.000033 0.061359
vn 0.024369 -0.075108 0.061359
vn 0.024432 0.075088 0.061359
vn -0.075088 0.024432 0.061359
vn -0.063863 0.046440 0.061359
vn -0.046386 0.063901 0.061359
vn -0.024369 0.075108 0.061359
vn 0.000033 0.078962 0.061359
vn 0.046440 0.063863 0.061359
vn 0.063901 0.046386 0.061359
vn 0.075108 0.024369 0.061359
vn 0.078962 -0.000033 0.061359
vn 0.075088 -0.024432 0.061359
vn 0.063863 -0.046440 0.061359
vn 0.046386 -0.063901 0.061359
vn -0.000033 -0.078962 0.061359
vn -0.024432 -0.075088 0.061359
vn -0.046440 -0.063863 0.061359
vn -0.063901 -0.046386 0.061359
vn -0.075108 -0.024369 0.061359
vn -0.078962 0.000033 0.061359
vn -0.100000 0.000042 0.000000
vn -0.100000 0.000042 0.000000
vn -0.024702 0.000010 0.096901
vn -0.075088 0.024432 0.061359
vn 0.100000 0.000000 0.000000
vn 0.093247 -0.036124 0.000000
vn 0.073901 -0.067370 0.000000
vn 0.044574 -0.089516 0.000000
vn 0.009227 -0.099573 0.000000
vn -0.027366 -0.096183 0.000000
vn -0.060263 -0.079802 0.000000
vn -0.085022 -0.052643 0.000000
vn -0.098297 -0.018375 0.000000
vn -0.098297 0.018375 0.000000
vn -0.085022 0.052643 0.000000
vn -0.060263 0.079802 0.000000
vn -0.027366 0.096183 0.000000
vn 0.009227 0.099573 0.000000
vn 0.044574 0.089516 0.000000
vn 0.073901 0.067370 0.000000
vn 0.093247 0.036124 0.000000
vn -0.100000 0.000042 0.000000
vn -0.093262 -0.036085 0.000000
vn -0.073929 -0.067339 0.000000
vn -0.044611 -0.089498 0.000000
vn -0.009269 -0.099570 0.000000
vn 0.027326 -0.096194 0.000000
vn 0.060230 -0.079827 0.000000
vn 0.085000 -0.052679 0.000000
vn 0.098290 -0.018416 0.000000
vn 0.098305 0.018334 0.000000
vn 0.085044 0.052607 0.000000
vn 0.060297 0.079776 0.000000
vn 0.027407 0.096171 0.000000
vn -0.009185 0.099577 0.000000
vn -0.044536 0.089535 0.000000
vn -0.073873 0.067401 0.000000
vn -0.093232 0.036163 0.000000
vn -0.100000 0.000042 0.000000
vn -0.098297 0.018375 0.000000
vn 0.000000 -0.095783 0.028735
vn 0.029598 -0.091095 0.028735
vn 0.056300 -0.077490 0.028735
vn 0.077490 -0.056300 0.028735
vn 0.091095 -0.029598 0.028735
vn 0.095783 0.000000 0.028735
vn 0.091095 0.029598 0.028735
vn 0.077490 0.056300 0.028735
vn 0.056300 0.077490 0.028735
vn 0.029598 0.091095 0.028735
vn 0.000000 0.095783 0.028735
vn -0.029598 0.091095 0.028735
vn -0.056300 0.077490 0.028735
vn -0.077490 0.056300 0.028735
vn -0.091095 0.029598 0.028735
vn -0.095783 0.000000 0.028735
vn -0.091095 -0.029598 0.028735
vn -0.077490 -0.056300 0.028735
vn -0.056300 -0.077490 0.028735
vn -0.029598 -0.091095 0.028735
vn -0.024702 0.000010 0.096901
vn -0.023360 0.008030 0.096901
vn -0.019487 0.015180 0.096901
vn -0.013502 0.020685 0.096901
vn -0.006054 0.023948 0.096901
vn 0.002050 0.024616 0.096901
vn 0.009932 0.022617 0.096901
vn 0.016738 0.018166 0.096901
vn 0.021729 0.011748 0.096901
vn 0.024366 0.004056 0.096901
vn 0.024363 -0.004076 0.096901
vn 0.021719 -0.011766 0.096901
vn 0.016722 -0.018181 0.096901
vn 0.009913 -0.022625 0.096901
vn 0.002029 -0.024618 0.096901
vn -0.006074 -0.023943 0.096901
vn -0.013519 -0.020674 0.096901
vn -0.019499 -0.015164 0.096901
vn -0.023367 -0.008011 0.096901
vn -0.069215 0.000000 0.072175
vn 0.021389 -0.065828 0.072175
vn 0.000000 -0.069215 0.072175
vn 0.040684 -0.055996 0.072175
vn 0.055996 -0.040684 0.072175
vn 0.065828 -0.021389 0.072175
vn 0.069215 0.000000 0.072175
vn 0.065828 0.021389 0.072175
vn 0.055996 0.040684 0.072175
vn 0.040684 0.055996 0.072175
vn 0.021389 0.065828 0.072175
vn 0.000000 0.069215 0.072175
vn -0.021389 0.065828 0.072175
vn -0.040684 0.055996 0.072175
vn -0.055996 0.040684 0.072175
vn -0.065828 0.021389 0.072175
vn -0.065828 -0.021389 0.072175
vn -0.055996 -0.040684 0.072175
vn -0.040684 -0.055996 0.072175
vn -0.021389 -0.065828 0.072175
vn -0.091095 0.029598 0.028735
vn -0.069215 0.000000 0.072175
vn -0.069215 0.000000 0.072175
vn -0.024702 0.000010 0.096901
vn -0.023367 -0.008011 0.096901
vn -0.023367 -0.008011 0.096901
vn -0.065828 -0.021389 0.072175
vn 0.000000 -0.095783 0.028735
vn 0.024790 -0.092519 0.028735
vn 0.047891 -0.082950 0.028735
vn 0.067729 -0.067729 0.028735
vn 0.082950 -0.047891 0.028735
vn 0.092519 -0.024790 0.028735
vn 0.095783 0.000000 0.028735
vn 0.092519 0.024790 0.028735
vn 0.082950 0.047891 0.028735
vn 0.067729 0.067729 0.028735
vn 0.047891 0.082950 0.028735
vn 0.024790 0.092519 0.028735
vn 0.000000 0.095783 0.028735
vn -0.024790 0.092519 0.028735
vn -0.047891 0.082950 0.028735
vn -0.067729 0.067729 0.028735
vn -0.082950 0.047891 0.028735
vn -0.092519 0.024790 0.028735
vn -0.095783 0.000000 0.028735
vn -0.092519 -0.024790 0.028735
vn -0.082950 -0.047891 0.028735
vn -0.067729 -0.067729 0.028735
vn -0.047891 -0.082950 0.028735
vn -0.024790 -0.092519 0.028735
vn 0.000000 -0.095783 0.028735
vn -0.029598 -0.091095 0.028735
vn -0.056300 -0.077490 0.028735
vn -0.077490 -0.056300 0.028735
vn -0.091095 -0.029598 0.028735
vn -0.095783 0.000000 0.028735
vn -0.091095 0.029598 0.028735
vn -0.077490 0.056300 0.028735
vn -0.056300 0.077490 0.028735
vn -0.029598 0.091095 0.028735
vn 0.000000 0.095783 0.028735
vn 0.029598 0.091095 0.028735
vn 0.056300 0.077490 0.028735
vn 0.077490 0.056300 0.028735
vn 0.091095 0.029598 0.028735
vn 0.095783 0.000000 0.028735
vn 0.091095 -0.029598 0.028735
vn 0.077490 -0.056300 0.028735
vn 0.056300 -0.077490 0.028735
vn 0.029598 -0.091095 0.028735
vn 0.000000 0.095783 0.028735
vn 0.024790 -0.092519 0.028735
vn 0.000000 -0.095783 0.028735
vn 0.047891 -0.082950 0.028735
vn 0.067729 -0.067729 0.028735
vn 0.082950 -0.047891 0.028735
vn 0.092519 -0.024790 0.028735
vn 0.095783 0.000000 0.028735
vn 0.092519 0.024790 0.028735
vn 0.082950 0.047891 0.028735
vn 0.067729 0.067729 0.028735
vn 0.047891 0.082950 0.028735
vn 0.024790 0.092519 0.028735
vn -0.024790 0.092519 0.028735
vn -0.047891 0.082950 0.028735
vn -0.067729 0.067729 0.028735
vn -0.082950 0.047891 0.028735
vn -0.092519 0.024790 0.028735
vn -0.095783 0.000000 0.028735
vn -0.092519 -0.024790 0.028735
vn -0.082950 -0.047891 0.028735
vn -0.067729 -0.067729 0.028735
vn -0.047891 -0.082950 0.028735
vn -0.024790 -0.092519 0.028735
vn 0.000000 0.095783 0.028735
vn 0.000000 0.095783 0.028735
vn 0.000000 0.095783 0.028735
vn -0.024790 0.092519 0.028735
vn 0.000000 -0.100000 0.000000
vn 0.025882 -0.096593 0.000000
vn 0.050000 -0.086603 0.000000
vn 0.070711 -0.070711 0.000000
vn 0.086603 -0.050000 0.000000
vn 0.096593 -0.025882 0.000000
vn 0.100000 0.000000 0.000000
vn 0.096593 0.025882 0.000000
vn 0.086603 0.050000 0.000000
vn 0.070711 0.070711 0.000000
vn 0.050000 0.086603 0.000000
vn 0.025882 0.096593 0.000000
vn 0.000000 0.100000 0.000000
vn -0.025882 0.096593 0.000000
vn -0.050000 0.086603 0.000000
vn -0.070711 0.070711 0.000000
vn -0.086603 0.050000 0.000000
vn -0.096593 0.025882 0.000000
vn -0.100000 0.000000 0.000000
vn -0.096593 -0.025882 0.000000
vn -0.086603 -0.050000 0.000000
vn -0.070711 -0.070711 0.000000
vn -0.050000 -0.086603 0.000000
vn -0.025882 -0.096593 0.000000
vn 0.000000 -0.095783 0.028735
vn -0.024790 -0.092519 0.028735
vn -0.047891 -0.082950 0.028735
vn -0.067729 -0.067729 0.028735
vn -0.082950 -0.047891 0.028735
vn -0.092519 -0.024790 0.028735
vn -0.095783 0.000000 0.028735
vn -0.092519 0.024790 0.028735
vn -0.082950 0.047891 0.028735
vn -0.067729 0.067729 0.028735
vn -0.047891 0.082950 0.028735
vn -0.024790 0.092519 0.028735
vn 0.000000 0.095783 0.028735
vn 0.024790 0.092519 0.028735
vn 0.047891 0.082950 0.028735
vn 0.067729 0.067729 0.028735
vn 0.082950 0.047891 0.028735
vn 0.092519 0.024790 0.028735
vn 0.095783 0.000000 0.028735
vn 0.092519 -0.024790 0.028735
vn 0.082950 -0.047891 0.028735
vn 0.067729 -0.067729 0.028735
vn 0.047891 -0.082950 0.028735
vn 0.024790 -0.092519 0.028735
vn -0.095783 0.000000 0.028735
vn -0.100000 0.000000 0.000000
vn 0.100000 0.000000 0.000000
vn 0.096593 0.025882 0.000000
vn 0.086603 0.050000 0.000000
vn 0.070711 0.070711 0.000000
vn 0.050000 0.086603 0.000000
vn 0.025882 0.096593 0.000000
vn 0.000000 0.100000 0.000000
vn -0.025882 0.096593 0.000000
vn -0.050000 0.086603 0.000000
vn -0.070711 0.070711 0.000000
vn -0.086603 0.050000 0.000000
vn -0.096593 0.025882 0.000000
vn -0.100000 0.000000 0.000000
vn -0.096593 -0.025882 0.000000
vn -0.086603 -0.050000 0.000000
vn -0.070711 -0.070711 0.000000
vn -0.050000 -0.086603 0.000000
vn -0.025882 -0.096593 0.000000
vn 0.000000 -0.100000 0.000000
vn 0.025882 -0.096593 0.000000
vn 0.050000 -0.086603 0.000000
vn 0.070711 -0.070711 0.000000
vn 0.086603 -0.050000 0.000000
vn 0.096593 -0.025882 0.000000
vn 0.000000 -0.100000 0.000000
vn -0.025882 -0.096593 0.000000
vn -0.050000 -0.086603 0.000000
vn -0.070711 -0.070711 0.000000
vn -0.086603 -0.050000 0.000000
vn -0.096593 -0.025882 0.000000
vn -0.100000 0.000000 0.000000
vn -0.096593 0.025882 0.000000
vn -0.086603 0.050000 0.000000
vn -0.070711 0.070711 0.000000
vn -0.050000 0.086603 0.000000
vn -0.025882 0.096593 0.000000
vn 0.000000 0.100000 0.000000
vn 0.025882 0.096593 0.000000
vn 0.050000 0.086603 0.000000
vn 0.070711 0.070711 0.000000
vn 0.086603 0.050000 0.000000
vn 0.096593 0.025882 0.000000
vn 0.100000 0.000000 0.000000
vn 0.096593 -0.025882 0.000000
vn 0.086603 -0.050000 0.000000
vn 0.070711 -0.070711 0.000000
vn 0.050000 -0.086603 0.000000
vn 0.025882 -0.096593 0.000000
vn -0.100000 0.000000 0.000000
vn -0.100000 0.000000 0.000000
vn 0.100000 0.000000 0.000000
vn 0.096593 -0.025882 0.000000
vn 0.086603 -0.050000 0.000000
vn 0.070711 -0.070711 0.000000
vn 0.050000 -0.086603 0.000000
vn 0.025882 -0.096593 0.000000
vn 0.000000 -0.100000 0.000000
vn -0.025882 -0.096593 0.000000
vn -0.050000 -0.086603 0.000000
vn -0.070711 -0.070711 0.000000
vn -0.086603 -0.050000 0.000000
vn -0.096593 -0.025882 0.000000
vn -0.100000 0.000000 0.000000
vn -0.096593 0.025882 0.000000
vn -0.086603 0.050000 0.000000
vn -0.070711 0.070711 0.000000
vn -0.050000 0.086603 0.000000
vn -0.025882 0.096593 0.000000
vn 0.000000 0.100000 0.000000
vn 0.025882 0.096593 0.000000
vn 0.050000 0.086603 0.000000
vn 0.070711 0.070711 0.000000
vn 0.086603 0.050000 0.000000
vn 0.096593 0.025882 0.000000
vn 0.000000 0.000000 0.100000
vn 0.000000 0.000000 0.100000
vn 0.000000 0.000000 0.100000
vn 0.000000 0.000000 0.100000
vn 0.000000 0.000000 0.100000
vn 0.000000 0.000000 0.100000
vn 0.000000 0.000000 0.100000
vn 0.000000 0.000000 0.100000
vn 0.000000 0.000000 0.100000
vn 0.000000 0.000000 0.100000
vn 0.000000 0.000000 0.100000
vn 0.000000 0.000000 0.100000
vn 0.000000 0.000000 0.100000
vn 0.000000 0.000000 0.100000
vn 0.000000 0.000000 0.100000
vn 0.000000 0.000000 0.100000
vn 0.000000 0.000000 0.100000
vn 0.000000 0.000000 0.100000
vn 0.000000 0.000000 0.100000
vn 0.000000 0.000000 0.100000
vn 0.000000 0.000000 0.100000
vn 0.000000 0.000000 0.100000
vn 0.000000 0.000000 0.100000
vn 0.000000 0.000000 0.100000
vn 0.000000 0.000000 0.100000
vn 0.000000 0.000000 0.100000
vn 0.086603 0.000000 0.050000
vn 0.050000 0.000000 0.086603
vn 0.084268 -0.019972 0.050000
vn 0.048652 -0.011531 0.086603
vn 0.077391 -0.038867 0.050000
vn 0.044682 -0.022440 0.086603
vn 0.066341 -0.055667 0.050000
vn 0.038302 -0.032139 0.086603
vn 0.051715 -0.069466 0.050000
vn 0.029858 -0.040106 0.086603
vn 0.034302 -0.079520 0.050000
vn 0.019804 -0.045911 0.086603
vn 0.015038 -0.085287 0.050000
vn 0.008682 -0.049240 0.086603
vn -0.005035 -0.086456 0.050000
vn -0.002907 -0.049915 0.086603
vn -0.024838 -0.082964 0.050000
vn -0.014340 -0.047899 0.086603
vn -0.059430 -0.062992 0.050000
vn -0.034312 -0.036369 0.086603
vn -0.025000 -0.043301 0.086603
vn -0.043301 -0.075000 0.050000
vn -0.072355 -0.047589 0.050000
vn -0.041774 -0.027475 0.086603
vn -0.081380 -0.029620 0.050000
vn -0.046985 -0.017101 0.086603
vn -0.086017 -0.010054 0.050000
vn -0.049662 -0.005805 0.086603
vn -0.086017 0.010054 0.050000
vn -0.049662 0.005805 0.086603
vn -0.081380 0.029620 0.050000
vn -0.046985 0.017101 0.086603
vn -0.072355 0.047589 0.050000
vn -0.041774 0.027475 0.086603
vn -0.059430 0.062992 0.050000
vn -0.034312 0.036369 0.086603
vn -0.024838 0.082964 0.050000
vn -0.014340 0.047899 0.086603
vn -0.025000 0.043301 0.086603
vn -0.043301 0.075000 0.050000
vn -0.005035 0.086456 0.050000
vn -0.002907 0.049915 0.086603
vn 0.015038 0.085287 0.050000
vn 0.008682 0.049240 0.086603
vn 0.034302 0.079520 0.050000
vn 0.019804 0.045911 0.086603
vn 0.051715 0.069466 0.050000
vn 0.029858 0.040106 0.086603
vn 0.066341 0.055667 0.050000
vn 0.038302 0.032139 0.086603
vn 0.077391 0.038867 0.050000
vn 0.044682 0.022440 0.086603
vn 0.084268 0.019972 0.050000
vn 0.048652 0.011531 0.086603
vn 0.086603 0.000000 0.050000
vn 0.100000 0.000000 0.000000
vn 0.100000 0.000000 0.000000
vn 0.086603 0.000000 0.050000
vn 0.000000 0.000000 0.100000
vn 0.048652 -0.011531 0.086603
vn 0.048652 -0.011531 0.086603
vn 0.000000 0.000000 0.100000
vn 0.000000 0.000000 0.100000
vn 0.000000 0.000000 0.100000
vn 0.000000 0.000000 0.100000
vn 0.000000 0.000000 0.100000
vn 0.000000 0.000000 0.100000
vn 0.000000 0.000000 0.100000
vn 0.000000 0.000000 0.100000
vn 0.000000 0.000000 0.100000
vn 0.000000 0.000000 0.100000
vn 0.000000 0.000000 0.100000
vn 0.000000 0.000000 0.100000
vn 0.000000 0.000000 0.100000
vn 0.000000 0.000000 0.100000
vn 0.000000 0.000000 0.100000
vn 0.000000 0.000000 0.100000
vn 0.000000 0.000000 0.100000
vn 0.000000 0.000000 0.100000
vn 0.000000 0.000000 0.100000
vn 0.000000 0.000000 0.100000
vn 0.000000 0.000000 0.100000
vn 0.000000 0.000000 0.100000
vn 0.000000 0.000000 0.100000
vn 0.000000 0.000000 0.100000
vn 0.000000 0.000000 0.100000
vn 0.000000 0.000000 0.100000
vn 0.000000 0.000000 0.100000
vn 0.000000 0.000000 0.100000
vn 0.000000 0.000000 0.100000
vn 0.000000 0.000000 0.100000
vn 0.000000 0.000000 0.100000
vn 0.000000 0.000000 0.100000
vn 0.000000 0.000000 0.100000
vn 0.000000 0.000000 0.100000
vn 0.000000 0.000000 0.100000
vn 0.000000 0.000000 0.100000
vn 0.000000 0.000000 0.100000
vn 0.000000 0.000000 0.100000
vn 0.000000 0.000000 0.100000
vn 0.000000 0.000000 0.100000
vn 0.000000 0.000000 0.100000
vn 0.000000 0.000000 0.100000
vn 0.000000 0.000000 0.100000
vn 0.000000 0.000000 0.100000
vn 0.000000 0.000000 0.100000
vn 0.000000 0.000000 0.100000
vn 0.000000 0.000000 0.100000
vn 0.000000 0.000000 0.100000
vn 0.000000 0.000000 0.100000
vn 0.000000 0.000000 0.100000
vn 0.000000 0.000000 0.100000
vn 0.000000 0.000000 0.100000
vn 0.000000 0.000000 0.100000
vn 0.000000 0.000000 0.100000
vn 0.000000 0.000000 0.100000
vn 0.000000 0.000000 0.100000
vn 0.000000 0.000000 0.100000
vn 0.000000 0.000000 0.100000
vn 0.000000 0.000000 0.100000
vn 0.000000 0.000000 0.100000
vn 0.000000 0.000000 0.100000
vn 0.000000 0.000000 0.100000
vn 0.000000 0.000000 0.100000
vn 0.000000 0.000000 0.100000
vn 0.000000 0.000000 0.100000
vn 0.000000 0.000000 0.100000
vn 0.000000 0.000000 0.100000
vn 0.000000 0.000000 0.100000
vn 0.000000 0.000000 0.100000
vn 0.000000 0.000000 0.100000
vn 0.000000 0.000000 0.100000
vn 0.000000 0.000000 0.100000
vn 0.000000 0.000000 0.100000
vn 0.000000 0.000000 0.100000
vn 0.000000 0.000000 0.100000
vn 0.000000 0.000000 0.100000
vn 0.000000 0.000000 0.100000
vn 0.000000 0.000000 0.100000
vn 0.000000 0.000000 0.100000
vn 0.000000 0.000000 0.100000
vn 0.000000 0.000000 0.100000
vn 0.000000 0.000000 0.100000
vn 0.070711 0.000000 0.070711
vn 0.068938 0.015735 0.070711
vn 0.063708 0.030680 0.070711
vn 0.055284 0.044087 0.070711
vn 0.044087 0.055284 0.070711
vn 0.030680 0.063708 0.070711
vn 0.015735 0.068938 0.070711
vn 0.000000 0.070711 0.070711
vn -0.015735 0.068938 0.070711
vn -0.030680 0.063708 0.070711
vn -0.044087 0.055284 0.070711
vn -0.055284 0.044087 0.070711
vn -0.063708 0.030680 0.070711
vn -0.068938 0.015735 0.070711
vn -0.070711 0.000000 0.070711
vn -0.068938 -0.015735 0.070711
vn -0.063708 -0.030680 0.070711
vn -0.055284 -0.044087 0.070711
vn -0.044087 -0.055284 0.070711
vn -0.030680 -0.063708 0.070711
vn -0.015735 -0.068938 0.070711
vn 0.000000 -0.070711 0.070711
vn 0.015735 -0.068938 0.070711
vn 0.030680 -0.063708 0.070711
vn 0.044087 -0.055284 0.070711
vn 0.055284 -0.044087 0.070711
vn 0.063708 -0.030680 0.070711
vn 0.068938 -0.015735 0.070711
vn 0.038268 0.000000 0.092388
vn 0.037374 -0.008227 0.092388
vn 0.034731 -0.016068 0.092388
vn 0.030465 -0.023159 0.092388
vn 0.024774 -0.029167 0.092388
vn 0.017925 -0.033811 0.092388
vn 0.010238 -0.036873 0.092388
vn 0.002072 -0.038212 0.092388
vn -0.006191 -0.037764 0.092388
vn -0.014165 -0.035550 0.092388
vn -0.021476 -0.031674 0.092388
vn -0.027783 -0.026317 0.092388
vn -0.032791 -0.019729 0.092388
vn -0.036265 -0.012219 0.092388
vn -0.038044 -0.004138 0.092388
vn -0.038044 0.004138 0.092388
vn -0.036265 0.012219 0.092388
vn -0.032791 0.019729 0.092388
vn -0.027783 0.026317 0.092388
vn -0.021476 0.031674 0.092388
vn -0.014165 0.035550 0.092388
vn -0.006191 0.037764 0.092388
vn 0.002072 0.038212 0.092388
vn 0.010238 0.036873 0.092388
vn 0.017925 0.033811 0.092388
vn 0.024774 0.029167 0.092388
vn 0.030465 0.023159 0.092388
vn 0.034731 0.016068 0.092388
vn 0.037374 0.008227 0.092388
vn 0.038268 0.000000 0.092388
vn 0.000000 0.000000 0.100000
vn 0.000000 0.000000 0.100000
vn 0.070711 0.000000 0.070711
vn 0.037374 -0.008227 0.092388
vn 0.070711 0.000000 0.070711
vn 0.069165 0.014702 0.070711
vn 0.064597 0.028761 0.070711
vn 0.057206 0.041563 0.070711
vn 0.047315 0.052548 0.070711
vn 0.035355 0.061237 0.070711
vn 0.021851 0.067250 0.070711
vn 0.007391 0.070323 0.070711
vn -0.007391 0.070323 0.070711
vn -0.021851 0.067250 0.070711
vn -0.035355 0.061237 0.070711
vn -0.047315 0.052548 0.070711
vn -0.057206 0.041563 0.070711
vn -0.064597 0.028761 0.070711
vn -0.069165 0.014702 0.070711
vn -0.070711 0.000000 0.070711
vn -0.069165 -0.014702 0.070711
vn -0.064597 -0.028761 0.070711
vn -0.057206 -0.041563 0.070711
vn -0.047315 -0.052548 0.070711
vn -0.035355 -0.061237 0.070711
vn -0.021851 -0.067250 0.070711
vn -0.007391 -0.070323 0.070711
vn 0.007391 -0.070323 0.070711
vn 0.021851 -0.067250 0.070711
vn 0.035355 -0.061237 0.070711
vn 0.047315 -0.052548 0.070711
vn 0.057206 -0.041563 0.070711
vn 0.064597 -0.028761 0.070711
vn 0.069165 -0.014702 0.070711
vn 0.070711 0.000000 0.070711
vn 0.068938 -0.015735 0.070711
vn 0.063708 -0.030680 0.070711
vn 0.055284 -0.044087 0.070711
vn 0.044087 -0.055284 0.070711
vn 0.030680 -0.063708 0.070711
vn 0.015735 -0.068938 0.070711
vn 0.000000 -0.070711 0.070711
vn -0.015735 -0.068938 0.070711
vn -0.030680 -0.063708 0.070711
vn -0.044087 -0.055284 0.070711
vn -0.055284 -0.044087 0.070711
vn -0.063708 -0.030680 0.070711
vn -0.068938 -0.015735 0.070711
vn -0.070711 0.000000 0.070711
vn -0.068938 0.015735 0.070711
vn -0.063708 0.030680 0.070711
vn -0.055284 0.044087 0.070711
vn -0.044087 0.055284 0.070711
vn -0.030680 0.063708 0.070711
vn -0.015735 0.068938 0.070711
vn 0.000000 0.070711 0.070711
vn 0.015735 0.068938 0.070711
vn 0.030680 0.063708 0.070711
vn 0.044087 0.055284 0.070711
vn 0.055284 0.044087 0.070711
vn 0.063708 0.030680 0.070711
vn 0.068938 0.015735 0.070711
vn 0.070711 0.000000 0.070711
vn 0.070711 0.000000 0.070711
vn 0.070711 0.000000 0.070711
vn 0.100000 0.000000 0.000000
vn 0.097815 0.020791 0.000000
vn 0.091355 0.040674 0.000000
vn 0.080902 0.058779 0.000000
vn 0.066913 0.074314 0.000000
vn 0.050000 0.086603 0.000000
vn 0.030902 0.095106 0.000000
vn 0.010453 0.099452 0.000000
vn -0.010453 0.099452 0.000000
vn -0.030902 0.095106 0.000000
vn -0.050000 0.086603 0.000000
vn -0.066913 0.074314 0.000000
vn -0.080902 0.058779 0.000000
vn -0.091355 0.040674 0.000000
vn -0.097815 0.020791 0.000000
vn -0.100000 0.000000 0.000000
vn -0.097815 -0.020791 0.000000
vn -0.091355 -0.040674 0.000000
vn -0.080902 -0.058779 0.000000
vn -0.066913 -0.074314 0.000000
vn -0.050000 -0.086603 0.000000
vn -0.030902 -0.095106 0.000000
vn -0.010453 -0.099452 0.000000
vn 0.010453 -0.099452 0.000000
vn 0.030902 -0.095106 0.000000
vn 0.050000 -0.086603 0.000000
vn 0.066913 -0.074314 0.000000
vn 0.080902 -0.058779 0.000000
vn 0.091355 -0.040674 0.000000
vn 0.097815 -0.020791 0.000000
vn 0.070711 0.000000 0.070711
vn 0.069165 -0.014702 0.070711
vn 0.064597 -0.028761 0.070711
vn 0.057206 -0.041563 0.070711
vn 0.047315 -0.052548 0.070711
vn 0.035355 -0.061237 0.070711
vn 0.021851 -0.067250 0.070711
vn 0.007391 -0.070323 0.070711
vn -0.007391 -0.070323 0.070711
vn -0.021851 -0.067250 0.070711
vn -0.035355 -0.061237 0.070711
vn -0.047315 -0.052548 0.070711
vn -0.057206 -0.041563 0.070711
vn -0.064597 -0.028761 0.070711
vn -0.069165 -0.014702 0.070711
vn -0.070711 0.000000 0.070711
vn -0.069165 0.014702 0.070711
vn -0.064597 0.028761 0.070711
vn -0.057206 0.041563 0.070711
vn -0.047315 0.052548 0.070711
vn -0.035355 0.061237 0.070711
vn -0.021851 0.067250 0.070711
vn -0.007391 0.070323 0.070711
vn 0.007391 0.070323 0.070711
vn 0.021851 0.067250 0.070711
vn 0.035355 0.061237 0.070711
vn 0.047315 0.052548 0.070711
vn 0.057206 0.041563 0.070711
vn 0.064597 0.028761 0.070711
vn 0.069165 0.014702 0.070711
vn -0.092388 0.000000 0.038268
vn 0.090369 0.019209 0.038268
vn 0.092388 0.000000 0.038268
vn 0.084401 0.037578 0.038268
vn 0.074743 0.054304 0.038268
vn 0.061820 0.068658 0.038268
vn 0.046194 0.080010 0.038268
vn 0.028549 0.087866 0.038268
vn 0.009657 0.091882 0.038268
vn -0.009657 0.091882 0.038268
vn -0.028549 0.087866 0.038268
vn -0.046194 0.080010 0.038268
vn -0.061820 0.068658 0.038268
vn -0.074743 0.054304 0.038268
vn -0.084401 0.037578 0.038268
vn -0.090369 0.019209 0.038268
vn -0.090369 -0.019209 0.038268
vn -0.084401 -0.037578 0.038268
vn -0.074743 -0.054304 0.038268
vn -0.061820 -0.068658 0.038268
vn -0.046194 -0.080010 0.038268
vn -0.028549 -0.087866 0.038268
vn -0.009657 -0.091882 0.038268
vn 0.009657 -0.091882 0.038268
vn 0.028549 -0.087866 0.038268
vn 0.046194 -0.080010 0.038268
vn 0.061820 -0.068658 0.038268
vn 0.074743 -0.054304 0.038268
vn 0.084401 -0.037578 0.038268
vn 0.090369 -0.019209 0.038268
vn -0.092388 0.000000 0.038268
vn -0.100000 0.000000 0.000000
vn -0.069165 -0.014702 0.070711
vn -0.092388 0.000000 0.038268
vn 0.100000 0.000000 0.000000
vn 0.097815 0.020791 0.000000
vn 0.091355 0.040674 0.000000
vn 0.080902 0.058779 0.000000
vn 0.066913 0.074314 0.000000
vn 0.050000 0.086603 0.000000
vn 0.030902 0.095106 0.000000
vn 0.010453 0.099452 0.000000
vn -0.010453 0.099452 0.000000
vn -0.030902 0.095106 0.000000
vn -0.050000 0.086603 0.000000
vn -0.066913 0.074314 0.000000
vn -0.080902 0.058779 0.000000
vn -0.091355 0.040674 0.000000
vn -0.097815 0.020791 0.000000
vn -0.100000 0.000000 0.000000
vn -0.097815 -0.020791 0.000000
vn -0.091355 -0.040674 0.000000
vn -0.080902 -0.058779 0.000000
vn -0.066913 -0.074314 0.000000
vn -0.050000 -0.086603 0.000000
vn -0.030902 -0.095106 0.000000
vn -0.010453 -0.099452 0.000000
vn 0.010453 -0.099452 0.000000
vn 0.030902 -0.095106 0.000000
vn 0.050000 -0.086603 0.000000
vn 0.066913 -0.074314 0.000000
vn 0.080902 -0.058779 0.000000
vn 0.091355 -0.040674 0.000000
vn 0.097815 -0.020791 0.000000
vn 0.100000 0.000000 0.000000
vn 0.097815 -0.020791 0.000000
vn 0.091355 -0.040674 0.000000
vn 0.080902 -0.058779 0.000000
vn 0.066913 -0.074314 0.000000
vn 0.050000 -0.086603 0.000000
vn 0.030902 -0.095106 0.000000
vn 0.010453 -0.099452 0.000000
vn -0.010453 -0.099452 0.000000
vn -0.030902 -0.095106 0.000000
vn -0.050000 -0.086603 0.000000
vn -0.066913 -0.074314 0.000000
vn -0.080902 -0.058779 0.000000
vn -0.091355 -0.040674 0.000000
vn -0.097815 -0.020791 0.000000
vn -0.100000 0.000000 0.000000
vn -0.097815 0.020791 0.000000
vn -0.091355 0.040674 0.000000
vn -0.080902 0.058779 0.000000
vn -0.066913 0.074314 0.000000
vn -0.050000 0.086603 0.000000
vn -0.030902 0.095106 0.000000
vn -0.010453 0.099452 0.000000
vn 0.010453 0.099452 0.000000
vn 0.030902 0.095106 0.000000
vn 0.050000 0.086603 0.000000
vn 0.066913 0.074314 0.000000
vn 0.080902 0.058779 0.000000
vn 0.091355 0.040674 0.000000
vn 0.097815 0.020791 0.000000
vn -0.100000 0.000000 0.000000
vn -0.100000 0.000000 0.000000
vn 0.086603 -0.035355 0.035355
vn 0.081910 -0.015472 0.055239
vn 0.068342 0.002257 0.072968
vn 0.047367 0.015910 0.086621
vn 0.021260 0.024008 0.094719
vn -0.007152 0.025673 0.096383
vn -0.034788 0.020724 0.091435
vn -0.058654 0.009698 0.080409
vn -0.076165 -0.006210 0.064501
vn -0.085421 -0.025276 0.045435
vn -0.085421 -0.045435 0.025276
vn -0.076165 -0.064501 0.006210
vn -0.058654 -0.080409 -0.009698
vn -0.034788 -0.091435 -0.020724
vn -0.007152 -0.096383 -0.025673
vn 0.021260 -0.094719 -0.024008
vn 0.047367 -0.086621 -0.015910
vn 0.068342 -0.072968 -0.002257
vn 0.081910 -0.055239 0.015472
vn 0.086603 -0.035355 0.035355
vn 0.075000 -0.065974 0.004737
vn 0.043301 -0.088388 -0.017678
vn 0.000000 -0.096593 -0.025882
vn -0.043301 -0.088388 -0.017678
vn -0.075000 -0.065974 0.004737
vn -0.086603 -0.035355 0.035355
vn -0.075000 -0.004737 0.065974
vn -0.043301 0.017678 0.088388
vn 0.000000 0.025882 0.096593
vn 0.043301 0.017678 0.088388
vn 0.075000 -0.004737 0.065974
vn 0.086603 -0.035355 0.035355
vn 0.086603 -0.035355 0.035355
vn 0.086603 -0.035355 0.035355
vn 0.000000 -0.070711 0.070711
vn 0.000000 -0.070711 0.070711
vn 0.000000 -0.070711 0.070711
vn 0.000000 -0.070711 0.070711
vn 0.000000 -0.070711 0.070711
vn 0.000000 -0.070711 0.070711
vn 0.000000 -0.070711 0.070711
vn 0.000000 -0.070711 0.070711
vn 0.000000 -0.070711 0.070711
vn 0.000000 -0.070711 0.070711
vn 0.000000 -0.070711 0.070711
vn 0.000000 -0.070711 0.070711
vn 0.100000 0.000000 0.000000
vn 0.094582 0.022960 0.022960
vn 0.078914 0.043431 0.043431
vn 0.054695 0.059197 0.059197
vn 0.024549 0.068547 0.068547
vn -0.008258 0.070469 0.070469
vn -0.040170 0.064755 0.064755
vn -0.067728 0.052024 0.052024
vn -0.087947 0.033655 0.033655
vn -0.098636 0.011639 0.011639
vn -0.098636 -0.011639 -0.011639
vn -0.087947 -0.033655 -0.033655
vn -0.067728 -0.052024 -0.052024
vn -0.040170 -0.064755 -0.064755
vn -0.008258 -0.070469 -0.070469
vn 0.024549 -0.068547 -0.068547
vn 0.054695 -0.059197 -0.059197
vn 0.078914 -0.043431 -0.043431
vn 0.094582 -0.022960 -0.022960
vn 0.100000 0.000000 0.000000
vn 0.094582 -0.022960 -0.022960
vn 0.078914 -0.043431 -0.043431
vn 0.054695 -0.059197 -0.059197
vn 0.024549 -0.068547 -0.068547
vn -0.008258 -0.070469 -0.070469
vn -0.040170 -0.064755 -0.064755
vn -0.067728 -0.052024 -0.052024
vn -0.087947 -0.033655 -0.033655
vn -0.098636 -0.011639 -0.011639
vn -0.098636 0.011639 0.011639
vn -0.087947 0.033655 0.033655
vn -0.067728 0.052024 0.052024
vn -0.040170 0.064755 0.064755
vn -0.008258 0.070469 0.070469
vn 0.024549 0.068547 0.068547
vn 0.054695 0.059197 0.059197
vn 0.078914 0.043431 0.043431
vn 0.094582 0.022960 0.022960
vn -0.098636 -0.011639 -0.011639
vn -0.098636 -0.011639 -0.011639
vn -0.098636 -0.011639 -0.011639
vn -0.098636 -0.011639 -0.011639
vn 0.100000 0.000000 0.000000
vn 0.093247 -0.025544 -0.025544
vn 0.073901 -0.047637 -0.047637
vn 0.044574 -0.063298 -0.063298
vn 0.009227 -0.070409 -0.070409
vn -0.027366 -0.068011 -0.068011
vn -0.060263 -0.056428 -0.056428
vn -0.085022 -0.037224 -0.037224
vn -0.098297 -0.012993 -0.012993
vn -0.098297 0.012993 0.012993
vn -0.085022 0.037224 0.037224
vn -0.060263 0.056428 0.056428
vn -0.027366 0.068011 0.068011
vn 0.009227 0.070409 0.070409
vn 0.044574 0.063298 0.063298
vn 0.073901 0.047637 0.047637
vn 0.093247 0.025544 0.025544
vn 0.100000 0.000000 0.000000
vn 0.093247 0.036124 0.000000
vn 0.073901 0.067370 0.000000
vn 0.044574 0.089516 0.000000
vn 0.009227 0.099573 0.000000
vn -0.027366 0.096183 0.000000
vn -0.060263 0.079802 0.000000
vn -0.085022 0.052643 0.000000
vn -0.098297 0.018375 0.000000
vn -0.098297 -0.018375 0.000000
vn -0.085022 -0.052643 0.000000
vn -0.060263 -0.079802 0.000000
vn -0.027366 -0.096183 0.000000
vn 0.009227 -0.099573 0.000000
vn 0.044574 -0.089516 0.000000
vn 0.073901 -0.067370 0.000000
vn 0.093247 -0.036124 0.000000
vn 0.000000 -0.098769 -0.015643
vn 0.000000 -0.080902 -0.058779
vn 0.000000 -0.089101 -0.045399
vn 0.000000 -0.095106 -0.030902
vn 0.036124 -0.075439 -0.054809
vn 0.067370 -0.059787 -0.043438
vn 0.089516 -0.036061 -0.026200
vn 0.099573 -0.007465 -0.005423
vn 0.096183 0.022140 0.016086
vn 0.079802 0.048754 0.035422
vn 0.052643 0.068784 0.049975
vn 0.018375 0.079524 0.057778
vn -0.018375 0.079524 0.057778
vn -0.052643 0.068784 0.049975
vn -0.079802 0.048754 0.035422
vn -0.096183 0.022140 0.016086
vn -0.099573 -0.007465 -0.005423
vn -0.089516 -0.036061 -0.026200
vn -0.067370 -0.059787 -0.043438
vn -0.036124 -0.075439 -0.054809
vn -0.036124 -0.092099 -0.014587
vn -0.067370 -0.072991 -0.011561
vn -0.089516 -0.044025 -0.006973
vn -0.099573 -0.009113 -0.001443
vn -0.096183 0.027029 0.004281
vn -0.079802 0.059522 0.009427
vn -0.052643 0.083975 0.013300
vn -0.018375 0.097087 0.015377
vn 0.018375 0.097087 0.015377
vn 0.052643 0.083975 0.013300
vn 0.079802 0.059522 0.009427
vn 0.096183 0.027029 0.004281
vn 0.099573 -0.009113 -0.001443
vn 0.089516 -0.044025 -0.006973
vn 0.067370 -0.072991 -0.011561
vn 0.036124 -0.092099 -0.014587
vn 0.036124 -0.083084 -0.042333
vn 0.067370 -0.065846 -0.033550
vn 0.089516 -0.039716 -0.020236
vn 0.099573 -0.008221 -0.004189
vn 0.096183 0.024384 0.012424
vn 0.079802 0.053695 0.027359
vn 0.052643 0.075755 0.038599
vn 0.018375 0.087584 0.044626
vn -0.018375 0.087584 0.044626
vn -0.052643 0.075755 0.038599
vn -0.079802 0.053695 0.027359
vn -0.096183 0.024384 0.012424
vn -0.099573 -0.008221 -0.004189
vn -0.089516 -0.039716 -0.020236
vn -0.067370 -0.065846 -0.033550
vn -0.036124 -0.083084 -0.042333
vn 0.036124 -0.088683 -0.028815
vn 0.067370 -0.070284 -0.022837
vn 0.089516 -0.042392 -0.013774
vn 0.099573 -0.008775 -0.002851
vn 0.096183 0.026027 0.008457
vn 0.079802 0.057314 0.018622
vn 0.052643 0.080860 0.026273
vn 0.018375 0.093486 0.030376
vn -0.018375 0.093486 0.030376
vn -0.052643 0.080860 0.026273
vn -0.079802 0.057314 0.018622
vn -0.096183 0.026027 0.008457
vn -0.099573 -0.008775 -0.002851
vn -0.089516 -0.042392 -0.013774
vn -0.067370 -0.070284 -0.022837
vn -0.036124 -0.088683 -0.028815
vn 0.036124 -0.075439 -0.054809
vn 0.009227 -0.070409 -0.070409
vn -0.036124 -0.092099 -0.014587
vn -0.027366 -0.096183 0.000000
vn 0.000000 -0.080902 -0.058779
vn 0.000000 -0.089101 -0.045399
vn 0.000000 -0.089101 -0.045399
vn -0.036124 -0.083084 -0.042333
vn 0.000000 -0.095106 -0.030902
vn -0.036124 -0.088683 -0.028815
vn 0.000000 -0.098769 -0.015643
vn 0.000000 -0.080902 -0.058779
vn 0.000000 0.000000 -0.100000
vn 0.000000 0.000000 -0.100000
vn 0.000000 0.000000 -0.100000
vn 0.000000 0.000000 -0.100000
vn 0.000000 0.000000 -0.100000
vn 0.000000 0.000000 -0.100000
vn 0.000000 0.000000 -0.100000
vn 0.000000 0.000000 -0.100000
vn 0.000000 0.000000 -0.100000
vn 0.000000 0.000000 -0.100000
vn 0.000000 0.000000 -0.100000
vn 0.000000 0.000000 -0.100000
vn 0.000000 0.000000 -0.100000
vn 0.000000 0.000000 -0.100000
vn 0.000000 0.000000 -0.100000
vn 0.000000 0.000000 -0.100000
vn 0.000000 0.000000 -0.100000
vn 0.000000 0.000000 -0.100000
vn 0.000000 0.000000 -0.100000
vn 0.000000 0.000000 -0.100000
vn 0.000000 0.000000 -0.100000
vn 0.000000 0.000000 -0.100000
vn 0.000000 0.000000 -0.100000
vn 0.000000 0.000000 -0.100000
vn 0.000000 0.000000 -0.100000
vn 0.000000 0.000000 -0.100000
vn 0.000000 0.000000 -0.100000
vn 0.000000 0.000000 -0.100000
vn 0.000000 0.000000 -0.100000
vn 0.000000 0.000000 -0.100000
usemtl 191,191,191
f 519/2/2 478/41/41 527/1/1
f 527/1/1 478/41/41 520/77/77
f 527/78/78 520/37/37 483/75/75
f 483/75/75 520/37/37 480/38/38
f 483/75/75 480/38/38 482/76/76
f 482/76/76 480/38/38 481/20/20
f 482/76/76 481/20/20 466/21/21
f 478/41/41 519/2/2 464/43/43
f 464/43/43 519/2/2 463/3/3
f 464/43/43 463/3/3 410/45/45
f 410/45/45 463/3/3 424/4/4
f 410/45/45 424/4/4 360/47/47
f 360/47/47 424/4/4 359/5/5
f 360/47/47 359/5/5 317/49/49
f 317/49/49 359/5/5 307/6/6
f 317/49/49 307/6/6 275/51/51
f 275/51/51 307/6/6 250/7/7
f 275/51/51 250/7/7 226/52/52
f 226/52/52 250/7/7 202/8/8
f 226/52/52 202/8/8 184/54/54
f 184/54/54 202/8/8 132/9/9
f 184/54/54 132/9/9 139/56/56
f 139/56/56 132/9/9 118/10/10
f 139/56/56 118/10/10 133/58/58
f 133/58/58 118/10/10 119/11/11
f 133/58/58 119/11/11 145/60/60
f 145/60/60 119/11/11 134/12/12
f 145/60/60 134/12/12 186/62/62
f 186/62/62 134/12/12 205/13/13
f 186/62/62 205/13/13 230/64/64
f 230/64/64 205/13/13 251/14/14
f 230/64/64 251/14/14 283/66/66
f 283/66/66 251/14/14 308/15/15
f 283/66/66 308/15/15 322/67/67
f 322/67/67 308/15/15 368/16/16
f 322/67/67 368/16/16 367/69/69
f 367/69/69 368/16/16 427/17/17
f 367/69/69 427/17/17 413/71/71
f 413/71/71 427/17/17 468/18/18
f 413/71/71 468/18/18 467/73/73
f 467/73/73 468/18/18 521/19/19
f 467/73/73 521/19/19 483/75/75
f 483/75/75 521/19/19 527/79/79
f 482/76/76 466/21/21 441/74/74
f 441/74/74 466/21/21 426/22/22
f 441/74/74 426/22/22 412/72/72
f 412/72/72 426/22/22 383/23/23
f 412/72/72 383/23/23 366/70/70
f 366/70/70 383/23/23 343/24/24
f 366/70/70 343/24/24 321/68/68
f 321/68/68 343/24/24 284/25/25
f 321/68/68 284/25/25 282/40/40
f 282/40/40 284/25/25 232/26/26
f 282/40/40 232/26/26 229/65/65
f 229/65/65 232/26/26 204/63/63
f 229/65/65 204/63/63 186/62/62
f 186/62/62 204/63/63 145/60/60
f 232/26/26 187/27/27 204/63/63
f 204/63/63 187/27/27 144/61/61
f 204/63/63 144/61/61 145/60/60
f 145/60/60 144/61/61 133/58/58
f 187/27/27 143/28/28 144/61/61
f 144/61/61 143/28/28 142/59/59
f 144/61/61 142/59/59 133/58/58
f 133/58/58 142/59/59 139/56/56
f 143/28/28 141/29/29 142/59/59
f 142/59/59 141/29/29 140/57/57
f 142/59/59 140/57/57 139/56/56
f 139/56/56 140/57/57 184/54/54
f 141/29/29 185/30/30 140/57/57
f 140/57/57 185/30/30 203/55/55
f 140/57/57 203/55/55 184/54/54
f 184/54/54 203/55/55 226/52/52
f 185/30/30 228/31/31 203/55/55
f 203/55/55 228/31/31 227/53/53
f 203/55/55 227/53/53 226/52/52
f 226/52/52 227/53/53 275/51/51
f 227/53/53 228/31/31 276/39/39
f 276/39/39 228/31/31 277/32/32
f 276/39/39 277/32/32 318/50/50
f 318/50/50 277/32/32 341/33/33
f 318/50/50 341/33/33 361/48/48
f 361/48/48 341/33/33 382/34/34
f 361/48/48 382/34/34 411/46/46
f 411/46/46 382/34/34 425/35/35
f 411/46/46 425/35/35 440/44/44
f 440/44/44 425/35/35 465/36/36
f 440/44/44 465/36/36 479/42/42
f 479/42/42 465/36/36 481/80/80
f 479/81/81 481/20/20 480/38/38
f 479/82/82 480/38/38 520/37/37
f 479/42/42 520/83/83 478/41/41
f 440/44/44 479/42/42 478/41/41
f 411/46/46 440/44/44 464/43/43
f 464/43/43 440/44/44 478/41/41
f 361/48/48 411/46/46 410/45/45
f 410/45/45 411/46/46 464/43/43
f 318/50/50 361/48/48 360/47/47
f 360/47/47 361/48/48 410/45/45
f 276/39/39 318/50/50 317/49/49
f 317/49/49 318/50/50 360/47/47
f 227/53/53 276/39/39 275/51/51
f 275/51/51 276/39/39 317/49/49
f 282/40/40 229/65/65 230/64/64
f 230/64/64 229/65/65 186/62/62
f 321/68/68 282/40/40 283/66/66
f 283/66/66 282/40/40 230/64/64
f 366/70/70 321/68/68 322/67/67
f 322/67/67 321/68/68 283/66/66
f 412/72/72 366/70/70 367/69/69
f 367/69/69 366/70/70 322/67/67
f 441/74/74 412/72/72 413/71/71
f 413/71/71 412/72/72 367/69/69
f 482/76/76 441/74/74 467/73/73
f 467/73/73 441/74/74 413/71/71
f 483/75/75 482/76/76 467/73/73
f 473/85/85 481/101/101 490/84/84
f 490/84/84 481/101/101 465/102/102
f 490/84/84 465/102/102 469/100/100
f 469/100/100 465/102/102 425/103/103
f 469/100/100 425/103/103 429/99/99
f 429/99/99 425/103/103 382/104/104
f 429/99/99 382/104/104 387/98/98
f 387/98/98 382/104/104 341/105/105
f 387/98/98 341/105/105 344/97/97
f 344/97/97 341/105/105 277/106/106
f 344/97/97 277/106/106 286/96/96
f 286/96/96 277/106/106 228/107/107
f 286/96/96 228/107/107 236/95/95
f 236/95/95 228/107/107 185/108/108
f 236/95/95 185/108/108 188/94/94
f 188/94/94 185/108/108 141/118/118
f 188/94/94 141/119/119 155/93/93
f 155/120/120 141/109/109 143/110/110
f 155/121/121 143/110/110 158/92/92
f 158/92/92 143/110/110 187/111/111
f 158/92/92 187/111/111 195/91/91
f 195/91/91 187/111/111 232/112/112
f 195/91/91 232/112/112 240/90/90
f 240/90/90 232/112/112 284/113/113
f 240/90/90 284/113/113 290/89/89
f 290/89/89 284/113/113 343/114/114
f 290/89/89 343/114/114 347/88/88
f 347/88/88 343/114/114 383/115/115
f 347/88/88 383/115/115 394/87/87
f 394/87/87 383/115/115 426/116/116
f 394/87/87 426/116/116 436/86/86
f 436/86/86 426/116/116 466/117/117
f 436/86/86 466/117/117 473/85/85
f 473/85/85 466/117/117 481/101/101
f 197/123/123 172/161/161 168/122/122
f 168/122/122 172/161/161 167/178/178
f 168/179/179 167/158/158 162/177/177
f 162/177/177 167/158/158 125/139/139
f 162/177/177 125/139/139 136/140/140
f 172/161/161 197/123/123 213/162/162
f 213/162/162 197/123/123 224/124/124
f 213/162/162 224/124/124 241/163/163
f 241/163/163 224/124/124 271/125/125
f 241/163/163 271/125/125 291/164/164
f 291/164/164 271/125/125 312/126/126
f 291/164/164 312/126/126 333/165/165
f 333/165/165 312/126/126 373/127/127
f 333/165/165 373/127/127 372/160/160
f 372/160/160 373/127/127 419/128/128
f 372/160/160 419/128/128 418/166/166
f 418/166/166 419/128/128 453/167/167
f 418/166/166 453/167/167 455/151/151
f 455/151/151 453/167/167 508/150/150
f 508/150/150 453/167/167 507/168/168
f 508/150/150 507/168/168 524/149/149
f 524/149/149 507/168/168 502/169/169
f 524/149/149 502/169/169 523/148/148
f 523/148/148 502/169/169 497/170/170
f 523/148/148 497/170/170 494/147/147
f 494/147/147 497/170/170 448/171/171
f 494/147/147 448/171/171 447/146/146
f 447/146/146 448/171/171 416/172/172
f 447/146/146 416/172/172 402/145/145
f 402/145/145 416/172/172 370/159/159
f 402/145/145 370/159/159 345/144/144
f 345/144/144 370/159/159 331/173/173
f 345/144/144 331/173/173 287/143/143
f 287/143/143 331/173/173 288/174/174
f 287/143/143 288/174/174 237/142/142
f 237/142/142 288/174/174 238/175/175
f 237/142/142 238/175/175 190/141/141
f 190/141/141 238/175/175 209/176/176
f 190/141/141 209/176/176 136/140/140
f 136/140/140 209/176/176 162/177/177
f 419/128/128 477/129/129 453/167/167
f 453/167/167 477/129/129 507/168/168
f 477/129/129 505/130/130 507/168/168
f 507/168/168 505/130/130 502/169/169
f 505/130/130 498/131/131 502/169/169
f 502/169/169 498/131/131 497/170/170
f 498/131/131 449/132/132 497/170/170
f 497/170/170 449/132/132 448/171/171
f 449/132/132 417/133/133 448/171/171
f 448/171/171 417/133/133 416/172/172
f 416/172/172 417/133/133 370/159/159
f 370/159/159 417/133/133 371/134/134
f 370/159/159 371/134/134 331/173/173
f 331/173/173 371/134/134 311/135/135
f 331/173/173 311/135/135 288/174/174
f 288/174/174 311/135/135 270/136/136
f 288/174/174 270/136/136 238/175/175
f 238/175/175 270/136/136 223/137/137
f 238/175/175 223/137/137 209/176/176
f 209/176/176 223/137/137 196/138/138
f 209/176/176 196/138/138 162/177/177
f 162/177/177 196/138/138 168/180/180
f 455/151/151 407/152/152 418/166/166
f 418/166/166 407/152/152 372/160/160
f 407/152/152 349/153/153 372/160/160
f 372/160/160 349/153/153 333/165/165
f 349/153/153 293/154/154 333/165/165
f 333/165/165 293/154/154 291/164/164
f 293/154/154 243/155/155 291/164/164
f 291/164/164 243/155/155 241/163/163
f 243/155/155 199/156/156 241/163/163
f 241/163/163 199/156/156 213/162/162
f 199/156/156 137/157/157 213/162/162
f 213/162/162 137/157/157 172/161/161
f 137/157/157 125/181/181 172/161/161
f 172/182/182 125/139/139 167/158/158
f 475/184/184 498/208/208 503/183/183
f 503/183/183 498/208/208 505/209/209
f 503/183/183 505/209/209 476/199/199
f 476/199/199 505/209/209 477/210/210
f 476/199/199 477/210/210 437/198/198
f 437/198/198 477/210/210 419/211/211
f 437/198/198 419/211/211 395/197/197
f 395/197/197 419/211/211 373/212/212
f 395/197/197 373/212/212 348/196/196
f 348/196/196 373/212/212 312/213/213
f 348/196/196 312/213/213 292/195/195
f 292/195/195 312/213/213 271/214/214
f 292/195/195 271/214/214 242/194/194
f 242/194/194 271/214/214 224/215/215
f 242/194/194 224/215/215 198/193/193
f 198/193/193 224/215/215 197/216/216
f 198/193/193 197/216/216 170/192/192
f 170/192/192 197/216/216 168/217/217
f 170/218/218 168/200/200 163/191/191
f 163/191/191 168/200/200 196/201/201
f 163/191/191 196/201/201 193/190/190
f 193/190/190 196/201/201 223/202/202
f 193/190/190 223/202/202 239/189/189
f 239/189/189 223/202/202 270/203/203
f 239/189/189 270/203/203 289/188/188
f 289/188/188 270/203/203 311/204/204
f 289/188/188 311/204/204 346/187/187
f 346/187/187 311/204/204 371/205/205
f 346/187/187 371/205/205 393/186/186
f 393/186/186 371/205/205 417/206/206
f 393/186/186 417/206/206 435/185/185
f 435/185/185 417/206/206 449/207/207
f 435/185/185 449/207/207 475/184/184
f 475/184/184 449/207/207 498/208/208
f 389/220/220 389/259/259 327/219/219
f 327/219/219 389/259/259 328/260/260
f 327/219/219 328/260/260 266/238/238
f 266/238/238 328/260/260 266/277/277
f 266/238/238 266/277/277 208/237/237
f 208/237/237 266/277/277 219/276/276
f 208/237/237 219/276/276 156/236/236
f 156/236/236 219/276/276 157/275/275
f 156/236/236 157/275/275 123/235/235
f 123/235/235 157/275/275 123/274/274
f 123/235/235 123/274/274 115/234/234
f 115/234/234 123/274/274 124/258/258
f 115/234/234 124/258/258 126/278/278
f 126/233/233 124/279/279 126/273/273
f 126/233/233 126/273/273 174/232/232
f 174/232/232 126/273/273 173/272/272
f 174/232/232 173/272/272 215/231/231
f 215/231/231 173/272/272 225/271/271
f 215/231/231 225/271/271 272/230/230
f 272/230/230 225/271/271 272/270/270
f 272/230/230 272/270/270 335/229/229
f 335/229/229 272/270/270 334/269/269
f 335/229/229 334/269/269 396/228/228
f 396/228/228 334/269/269 396/268/268
f 396/228/228 396/268/268 456/227/227
f 456/227/227 396/268/268 438/267/267
f 456/227/227 438/267/267 510/226/226
f 510/226/226 438/267/267 509/266/266
f 510/226/226 509/266/266 535/225/225
f 535/225/225 509/266/266 535/265/265
f 535/225/225 535/265/265 542/224/224
f 542/224/224 535/265/265 534/264/264
f 542/224/224 534/264/264 533/223/223
f 533/223/223 534/264/264 533/263/263
f 533/223/223 533/263/263 491/222/222
f 491/222/222 533/263/263 492/262/262
f 491/222/222 492/262/262 446/221/221
f 446/221/221 492/262/262 431/261/261
f 446/221/221 431/261/261 389/220/220
f 389/220/220 431/261/261 389/259/259
f 137/240/240 126/273/273 125/239/239
f 125/239/239 126/273/273 124/280/280
f 125/281/281 124/258/258 123/274/274
f 126/273/273 137/240/240 173/272/272
f 173/272/272 137/240/240 199/241/241
f 173/272/272 199/241/241 225/271/271
f 225/271/271 199/241/241 243/242/242
f 225/271/271 243/242/242 272/270/270
f 272/270/270 243/242/242 293/243/243
f 272/270/270 293/243/243 334/269/269
f 334/269/269 293/243/243 349/244/244
f 334/269/269 349/244/244 396/268/268
f 396/268/268 349/244/244 407/245/245
f 396/268/268 407/245/245 438/267/267
f 438/267/267 407/245/245 455/246/246
f 438/267/267 455/246/246 509/266/266
f 509/266/266 455/246/246 508/247/247
f 509/266/266 508/247/247 535/265/265
f 535/265/265 508/247/247 524/248/248
f 535/265/265 524/248/248 534/264/264
f 534/264/264 524/248/248 523/249/249
f 534/264/264 523/249/249 533/263/263
f 533/263/263 523/249/249 494/250/250
f 533/263/263 494/250/250 492/262/262
f 492/262/262 494/250/250 447/251/251
f 492/262/262 447/251/251 431/261/261
f 431/261/261 447/251/251 402/252/252
f 431/261/261 402/252/252 389/259/259
f 389/259/259 402/252/252 345/253/253
f 389/259/259 345/253/253 328/260/260
f 328/260/260 345/253/253 287/254/254
f 328/260/260 287/254/254 266/277/277
f 266/277/277 287/254/254 237/255/255
f 266/277/277 237/255/255 219/276/276
f 219/276/276 237/255/255 190/256/256
f 219/276/276 190/256/256 157/275/275
f 157/275/275 190/256/256 136/282/282
f 157/275/275 136/283/283 123/274/274
f 123/284/284 136/257/257 125/239/239
f 401/286/286 386/330/330 324/285/285
f 324/285/285 386/330/330 325/331/331
f 324/285/285 325/331/331 253/308/308
f 253/308/308 325/331/331 264/352/352
f 253/308/308 264/352/352 154/307/307
f 154/307/307 264/352/352 207/351/351
f 154/307/307 207/351/351 108/306/306
f 108/306/306 207/351/351 122/350/350
f 108/306/306 122/350/350 83/305/305
f 83/305/305 122/350/350 109/349/349
f 83/305/305 109/349/349 72/304/304
f 72/304/304 109/349/349 93/348/348
f 72/304/304 93/348/348 64/303/303
f 64/303/303 93/348/348 94/347/347
f 64/303/303 94/347/347 74/302/302
f 74/302/302 94/347/347 95/346/346
f 74/302/302 95/346/346 85/301/301
f 85/301/301 95/346/346 110/345/345
f 85/301/301 110/345/345 112/300/300
f 112/300/300 110/345/345 127/344/344
f 112/300/300 127/344/344 176/299/299
f 176/299/299 127/344/344 216/343/343
f 176/299/299 216/343/343 259/298/298
f 259/298/298 216/343/343 273/342/342
f 259/298/298 273/342/342 338/297/297
f 338/297/297 273/342/342 336/353/353
f 338/354/354 336/329/329 409/296/296
f 409/296/296 336/329/329 397/341/341
f 409/296/296 397/341/341 512/295/295
f 512/295/295 397/341/341 457/340/340
f 512/295/295 457/340/340 549/294/294
f 549/294/294 457/340/340 536/339/339
f 549/294/294 536/339/339 574/293/293
f 574/293/293 536/339/339 547/338/338
f 574/293/293 547/338/338 584/292/292
f 584/292/292 547/338/338 561/337/337
f 584/292/292 561/337/337 592/291/291
f 592/291/291 561/337/337 560/336/336
f 592/291/291 560/336/336 582/290/290
f 582/290/290 560/336/336 559/335/335
f 582/290/290 559/335/335 572/289/289
f 572/289/289 559/335/335 546/334/334
f 572/289/289 546/334/334 545/288/288
f 545/288/288 546/334/334 532/333/333
f 545/288/288 532/333/333 489/287/287
f 489/287/287 532/333/333 445/332/332
f 489/287/287 445/332/332 401/286/286
f 401/286/286 445/332/332 386/330/330
f 266/310/310 264/352/352 327/309/309
f 327/309/309 264/352/352 325/331/331
f 327/309/309 325/331/331 386/330/330
f 264/352/352 266/310/310 207/351/351
f 207/351/351 266/310/310 208/311/311
f 207/351/351 208/311/311 122/350/350
f 122/350/350 208/311/311 156/312/312
f 122/350/350 156/312/312 109/349/349
f 109/349/349 156/312/312 123/313/313
f 109/349/349 123/313/313 93/348/348
f 93/348/348 123/313/313 115/314/314
f 93/348/348 115/314/314 94/347/347
f 94/347/347 115/314/314 95/346/346
f 115/314/314 126/315/315 95/346/346
f 95/346/346 126/315/315 110/345/345
f 126/315/315 174/316/316 110/345/345
f 110/345/345 174/316/316 127/344/344
f 174/316/316 215/317/317 127/344/344
f 127/344/344 215/317/317 216/343/343
f 215/317/317 272/318/318 216/343/343
f 216/343/343 272/318/318 273/342/342
f 272/318/318 335/355/355 273/342/342
f 273/356/356 335/319/319 336/329/329
f 336/329/329 335/319/319 397/341/341
f 397/341/341 335/319/319 396/320/320
f 397/341/341 396/320/320 457/340/340
f 457/340/340 396/320/320 456/321/321
f 457/340/340 456/321/321 536/339/339
f 536/339/339 456/321/321 510/322/322
f 536/339/339 510/322/322 547/338/338
f 547/338/338 510/322/322 535/323/323
f 547/338/338 535/323/323 561/337/337
f 561/337/337 535/323/323 542/324/324
f 561/337/337 542/324/324 560/336/336
f 560/336/336 542/324/324 559/335/335
f 542/324/324 533/325/325 559/335/335
f 559/335/335 533/325/325 546/334/334
f 533/325/325 491/326/326 546/334/334
f 546/334/334 491/326/326 532/333/333
f 491/326/326 446/327/327 532/333/333
f 532/333/333 446/327/327 445/332/332
f 446/327/327 389/328/328 445/332/332
f 445/332/332 389/328/328 386/330/330
f 389/328/328 327/309/309 386/330/330
f 401/358/358 401/404/404 324/357/357
f 324/357/357 401/404/404 324/381/381
f 324/357/357 324/381/381 253/380/380
f 253/380/380 324/381/381 253/382/382
f 253/380/380 253/382/382 154/379/379
f 154/379/379 253/382/382 154/383/383
f 154/379/379 154/383/383 108/378/378
f 108/378/378 154/383/383 108/384/384
f 108/378/378 108/384/384 83/377/377
f 83/377/377 108/384/384 83/385/385
f 83/377/377 83/385/385 72/376/376
f 72/376/376 83/385/385 72/386/386
f 72/376/376 72/386/386 64/375/375
f 64/375/375 72/386/386 64/405/405
f 64/406/406 64/387/387 74/374/374
f 74/374/374 64/387/387 74/388/388
f 74/374/374 74/388/388 85/373/373
f 85/373/373 74/388/388 85/389/389
f 85/373/373 85/389/389 112/372/372
f 112/372/372 85/389/389 112/390/390
f 112/372/372 112/390/390 176/371/371
f 176/371/371 112/390/390 176/391/391
f 176/371/371 176/391/391 259/370/370
f 259/370/370 176/391/391 259/392/392
f 259/370/370 259/392/392 338/369/369
f 338/369/369 259/392/392 338/393/393
f 338/369/369 338/393/393 409/368/368
f 409/368/368 338/393/393 409/394/394
f 409/368/368 409/394/394 512/367/367
f 512/367/367 409/394/394 512/395/395
f 512/367/367 512/395/395 549/366/366
f 549/366/366 512/395/395 549/396/396
f 549/366/366 549/396/396 574/365/365
f 574/365/365 549/396/396 574/397/397
f 574/365/365 574/397/397 584/364/364
f 584/364/364 574/397/397 584/398/398
f 584/364/364 584/398/398 592/363/363
f 592/363/363 584/398/398 592/399/399
f 592/363/363 592/399/399 582/362/362
f 582/362/362 592/399/399 582/400/400
f 582/362/362 582/400/400 572/361/361
f 572/361/361 582/400/400 572/401/401
f 572/361/361 572/401/401 545/360/360
f 545/360/360 572/401/401 545/402/402
f 545/360/360 545/402/402 489/359/359
f 489/359/359 545/402/402 489/403/403
f 489/359/359 489/403/403 401/358/358
f 401/358/358 489/403/403 401/404/404
f 583/408/408 584/448/448 591/407/407
f 591/407/407 584/448/448 592/449/449
f 591/407/407 592/449/449 581/430/430
f 581/430/430 592/449/449 582/450/450
f 581/430/430 582/450/450 571/429/429
f 571/429/429 582/450/450 572/451/451
f 571/429/429 572/451/451 544/428/428
f 544/428/428 572/451/451 545/452/452
f 544/428/428 545/452/452 488/427/427
f 488/427/427 545/452/452 489/453/453
f 488/427/427 489/453/453 400/426/426
f 400/426/426 489/453/453 401/454/454
f 400/426/426 401/454/454 323/425/425
f 323/425/425 401/454/454 324/431/431
f 323/425/425 324/431/431 252/424/424
f 252/424/424 324/431/431 253/432/432
f 252/424/424 253/432/432 153/423/423
f 153/423/423 253/432/432 154/433/433
f 153/423/423 154/433/433 107/422/422
f 107/422/422 154/433/433 108/434/434
f 107/422/422 108/434/434 82/421/421
f 82/421/421 108/434/434 83/435/435
f 82/421/421 83/435/435 71/420/420
f 71/420/420 83/435/435 72/436/436
f 71/420/420 72/436/436 63/419/419
f 63/419/419 72/436/436 64/455/455
f 63/456/456 64/437/437 73/418/418
f 73/418/418 64/437/437 74/438/438
f 73/418/418 74/438/438 84/417/417
f 84/417/417 74/438/438 85/439/439
f 84/417/417 85/439/439 111/416/416
f 111/416/416 85/439/439 112/440/440
f 111/416/416 112/440/440 175/415/415
f 175/415/415 112/440/440 176/441/441
f 175/415/415 176/441/441 258/414/414
f 258/414/414 176/441/441 259/442/442
f 258/414/414 259/442/442 337/413/413
f 337/413/413 259/442/442 338/443/443
f 337/413/413 338/443/443 408/412/412
f 408/412/412 338/443/443 409/444/444
f 408/412/412 409/444/444 511/411/411
f 511/411/411 409/444/444 512/445/445
f 511/411/411 512/445/445 548/410/410
f 548/410/410 512/445/445 549/446/446
f 548/410/410 549/446/446 573/409/409
f 573/409/409 549/446/446 574/447/447
f 573/409/409 574/447/447 583/408/408
f 583/408/408 574/447/447 584/448/448
f 581/458/458 589/509/509 591/457/457
f 591/457/457 589/509/509 590/561/561
f 591/562/562 590/507/507 594/559/559
f 594/559/559 590/507/507 603/508/508
f 594/559/559 603/508/508 593/560/560
f 593/560/560 603/508/508 611/481/481
f 593/560/560 611/481/481 604/482/482
f 589/509/509 581/458/458 577/511/511
f 577/511/511 581/458/458 571/459/459
f 577/511/511 571/459/459 558/513/513
f 558/513/513 571/459/459 544/460/460
f 558/513/513 544/460/460 531/515/515
f 531/515/515 544/460/460 488/461/461
f 531/515/515 488/461/461 444/517/517
f 444/517/517 488/461/461 400/462/462
f 444/517/517 400/462/462 385/519/519
f 385/519/519 400/462/462 323/463/463
f 385/519/519 323/463/463 310/521/521
f 310/521/521 323/463/463 252/464/464
f 310/521/521 252/464/464 235/523/523
f 235/523/523 252/464/464 153/465/465
f 235/523/523 153/465/465 152/528/528
f 152/528/528 153/465/465 106/525/525
f 152/528/528 106/525/525 105/526/526
f 105/526/526 106/525/525 78/530/530
f 105/526/526 78/530/530 92/497/497
f 92/497/497 78/530/530 69/496/496
f 69/496/496 78/530/530 61/532/532
f 69/496/496 61/532/532 51/495/495
f 51/495/495 61/532/532 52/534/534
f 51/495/495 52/534/534 45/494/494
f 45/494/494 52/534/534 53/536/536
f 45/494/494 53/536/536 54/493/493
f 54/493/493 53/536/536 66/538/538
f 54/493/493 66/538/538 76/492/492
f 76/492/492 66/538/538 79/540/540
f 76/492/492 79/540/540 96/491/491
f 96/491/491 79/540/540 113/542/542
f 96/491/491 113/542/542 128/490/490
f 128/490/490 113/542/542 177/545/545
f 128/490/490 177/545/545 217/489/489
f 217/489/489 177/545/545 245/544/544
f 217/489/489 245/544/544 294/488/488
f 294/488/488 245/544/544 314/548/548
f 294/488/488 314/548/548 374/487/487
f 374/487/487 314/548/548 399/550/550
f 374/487/487 399/550/550 460/486/486
f 460/486/486 399/550/550 458/552/552
f 460/486/486 458/552/552 538/485/485
f 538/485/485 458/552/552 543/554/554
f 538/485/485 543/554/554 564/484/484
f 564/484/484 543/554/554 562/556/556
f 564/484/484 562/556/556 586/483/483
f 586/483/483 562/556/556 585/558/558
f 586/483/483 585/558/558 604/482/482
f 604/482/482 585/558/558 593/560/560
f 153/465/465 107/466/466 106/525/525
f 106/525/525 107/466/466 81/529/529
f 106/525/525 81/529/529 78/530/530
f 78/530/530 81/529/529 61/532/532
f 107/466/466 82/467/467 81/529/529
f 81/529/529 82/467/467 70/531/531
f 81/529/529 70/531/531 61/532/532
f 61/532/532 70/531/531 52/534/534
f 82/467/467 71/468/468 70/531/531
f 70/531/531 71/468/468 62/533/533
f 70/531/531 62/533/533 52/534/534
f 52/534/534 62/533/533 53/536/536
f 71/468/468 63/469/469 62/533/533
f 62/533/533 63/469/469 65/535/535
f 62/533/533 65/535/535 53/536/536
f 53/536/536 65/535/535 66/538/538
f 63/469/469 73/470/470 65/535/535
f 65/535/535 73/470/470 75/537/537
f 65/535/535 75/537/537 66/538/538
f 66/538/538 75/537/537 79/540/540
f 73/470/470 84/471/471 75/537/537
f 75/537/537 84/471/471 86/539/539
f 75/537/537 86/539/539 79/540/540
f 79/540/540 86/539/539 113/542/542
f 84/471/471 111/472/472 86/539/539
f 86/539/539 111/472/472 114/541/541
f 86/539/539 114/541/541 113/542/542
f 113/542/542 114/541/541 177/545/545
f 111/472/472 175/473/473 114/541/541
f 114/541/541 175/473/473 178/546/546
f 114/541/541 178/546/546 177/545/545
f 177/545/545 178/546/546 245/544/544
f 178/546/546 175/473/473 244/543/543
f 244/543/543 175/473/473 258/474/474
f 244/543/543 258/474/474 313/547/547
f 313/547/547 258/474/474 337/475/475
f 313/547/547 337/475/475 398/549/549
f 398/549/549 337/475/475 408/476/476
f 398/549/549 408/476/476 459/551/551
f 459/551/551 408/476/476 511/477/477
f 459/551/551 511/477/477 537/553/553
f 537/553/553 511/477/477 548/478/478
f 537/553/553 548/478/478 563/555/555
f 563/555/555 548/478/478 573/479/479
f 563/555/555 573/479/479 578/557/557
f 578/557/557 573/479/479 583/480/480
f 578/557/557 583/480/480 594/559/559
f 594/559/559 583/480/480 591/563/563
f 92/497/497 121/498/498 105/526/526
f 105/526/526 121/498/498 151/527/527
f 105/526/526 151/527/527 152/528/528
f 152/528/528 151/527/527 235/523/523
f 121/498/498 206/499/499 151/527/527
f 151/527/527 206/499/499 234/524/524
f 151/527/527 234/524/524 235/523/523
f 235/523/523 234/524/524 310/521/521
f 206/499/499 285/500/500 234/524/524
f 234/524/524 285/500/500 309/522/522
f 234/524/524 309/522/522 310/521/521
f 310/521/521 309/522/522 385/519/519
f 285/500/500 369/501/501 309/522/522
f 309/522/522 369/501/501 384/520/520
f 309/522/522 384/520/520 385/519/519
f 385/519/519 384/520/520 444/517/517
f 369/501/501 442/502/502 384/520/520
f 384/520/520 442/502/502 443/518/518
f 384/520/520 443/518/518 444/517/517
f 444/517/517 443/518/518 531/515/515
f 442/502/502 530/503/503 443/518/518
f 443/518/518 530/503/503 541/516/516
f 443/518/518 541/516/516 531/515/515
f 531/515/515 541/516/516 558/513/513
f 530/503/503 556/504/504 541/516/516
f 541/516/516 556/504/504 557/514/514
f 541/516/516 557/514/514 558/513/513
f 558/513/513 557/514/514 577/511/511
f 556/504/504 579/505/505 557/514/514
f 557/514/514 579/505/505 580/512/512
f 557/514/514 580/512/512 577/511/511
f 577/511/511 580/512/512 589/509/509
f 579/505/505 602/506/506 580/512/512
f 580/512/512 602/506/506 588/510/510
f 580/512/512 588/510/510 589/509/509
f 589/509/509 588/510/510 590/564/564
f 602/506/506 611/565/565 588/510/510
f 588/566/566 611/481/481 603/508/508
f 588/567/567 603/508/508 590/507/507
f 314/548/548 245/544/544 244/543/543
f 244/543/543 245/544/544 178/546/546
f 399/550/550 314/548/548 313/547/547
f 313/547/547 314/548/548 244/543/543
f 458/552/552 399/550/550 398/549/549
f 398/549/549 399/550/550 313/547/547
f 543/554/554 458/552/552 459/551/551
f 459/551/551 458/552/552 398/549/549
f 562/556/556 543/554/554 537/553/553
f 537/553/553 543/554/554 459/551/551
f 585/558/558 562/556/556 563/555/555
f 563/555/555 562/556/556 537/553/553
f 593/560/560 585/558/558 578/557/557
f 578/557/557 585/558/558 563/555/555
f 594/559/559 593/560/560 578/557/557
f 622/595/595 630/568/568 611/596/596
f 611/596/596 630/568/568 623/569/569
f 611/596/596 623/569/569 604/621/621
f 604/621/621 623/569/569 613/570/570
f 604/621/621 613/570/570 586/620/620
f 586/620/620 613/570/570 595/571/571
f 586/620/620 595/571/571 564/619/619
f 564/619/619 595/571/571 565/572/572
f 564/619/619 565/572/572 538/618/618
f 538/618/618 565/572/572 525/573/573
f 538/618/618 525/573/573 460/617/617
f 460/617/617 525/573/573 420/574/574
f 460/617/617 420/574/574 374/616/616
f 374/616/616 420/574/574 339/575/575
f 374/616/616 339/575/575 294/615/615
f 294/615/615 339/575/575 246/576/576
f 294/615/615 246/576/576 217/614/614
f 217/614/614 246/576/576 138/577/577
f 217/614/614 138/577/577 128/613/613
f 128/613/613 138/577/577 97/578/578
f 128/613/613 97/578/578 96/612/612
f 96/612/612 97/578/578 67/579/579
f 96/612/612 67/579/579 76/611/611
f 76/611/611 67/579/579 43/580/580
f 76/611/611 43/580/580 54/610/610
f 54/610/610 43/580/580 33/581/581
f 54/610/610 33/581/581 45/609/609
f 45/609/609 33/581/581 24/582/582
f 45/609/609 24/582/582 32/583/583
f 45/609/609 32/583/583 51/608/608
f 51/608/608 32/583/583 42/584/584
f 51/608/608 42/584/584 69/607/607
f 69/607/607 42/584/584 60/585/585
f 69/607/607 60/585/585 92/606/606
f 92/606/606 60/585/585 91/586/586
f 92/606/606 91/586/586 121/605/605
f 121/605/605 91/586/586 135/587/587
f 121/605/605 135/587/587 206/604/604
f 206/604/604 135/587/587 233/588/588
f 206/604/604 233/588/588 285/603/603
f 285/603/603 233/588/588 320/589/589
f 285/603/603 320/589/589 369/602/602
f 369/602/602 320/589/589 415/590/590
f 369/602/602 415/590/590 442/601/601
f 442/601/601 415/590/590 522/591/591
f 442/601/601 522/591/591 530/600/600
f 530/600/600 522/591/591 555/592/592
f 530/600/600 555/592/592 556/599/599
f 556/599/599 555/592/592 587/593/593
f 556/599/599 587/593/593 579/598/598
f 579/598/598 587/593/593 612/594/594
f 579/598/598 612/594/594 602/597/597
f 602/597/597 612/594/594 622/595/595
f 602/597/597 622/595/595 611/596/596
f 622/623/623 629/679/679 630/622/622
f 630/622/622 629/679/679 630/707/707
f 630/708/708 630/678/678 632/706/706
f 632/706/706 630/678/678 633/650/650
f 632/706/706 633/650/650 631/651/651
f 629/679/679 622/623/623 615/680/680
f 615/680/680 622/623/623 612/624/624
f 615/680/680 612/624/624 601/681/681
f 601/681/681 612/624/624 587/625/625
f 601/681/681 587/625/625 570/682/682
f 570/682/682 587/625/625 555/626/626
f 570/682/682 555/626/626 529/683/683
f 529/683/683 555/626/626 522/627/627
f 529/683/683 522/627/627 428/684/684
f 428/684/684 522/627/627 415/628/628
f 428/684/684 415/628/628 342/685/685
f 342/685/685 415/628/628 320/629/629
f 342/685/685 320/629/629 263/686/686
f 263/686/686 320/629/629 233/630/630
f 263/686/686 233/630/630 150/687/687
f 150/687/687 233/630/630 135/631/631
f 150/687/687 135/631/631 102/688/688
f 102/688/688 135/631/631 91/632/632
f 102/688/688 91/632/632 68/689/689
f 68/689/689 91/632/632 60/633/633
f 68/689/689 60/633/633 41/690/690
f 41/690/690 60/633/633 42/634/634
f 41/690/690 42/634/634 31/691/691
f 31/691/691 42/634/634 32/635/635
f 31/691/691 32/635/635 23/692/692
f 23/692/692 32/635/635 24/636/636
f 23/692/692 24/636/636 25/693/693
f 25/693/693 24/636/636 33/637/637
f 25/693/693 33/637/637 34/694/694
f 34/694/694 33/637/637 43/638/638
f 34/694/694 43/638/638 44/695/695
f 44/695/695 43/638/638 67/639/639
f 44/695/695 67/639/639 77/696/696
f 77/696/696 67/639/639 97/640/640
f 77/696/696 97/640/640 103/697/697
f 103/697/697 97/640/640 138/641/641
f 103/697/697 138/641/641 179/698/698
f 179/698/698 138/641/641 246/642/642
f 179/698/698 246/642/642 274/699/699
f 274/699/699 246/642/642 339/643/643
f 274/699/699 339/643/643 350/700/700
f 350/700/700 339/643/643 420/644/644
f 350/700/700 420/644/644 439/701/701
f 439/701/701 420/644/644 525/645/645
f 439/701/701 525/645/645 539/702/702
f 539/702/702 525/645/645 565/646/646
f 539/702/702 565/646/646 575/703/703
f 575/703/703 565/646/646 595/647/647
f 575/703/703 595/647/647 605/704/704
f 605/704/704 595/647/647 613/648/648
f 605/704/704 613/648/648 616/705/705
f 616/705/705 613/648/648 623/649/649
f 616/705/705 623/649/649 632/706/706
f 632/706/706 623/649/649 630/709/709
f 632/706/706 631/651/651 616/705/705
f 616/705/705 631/651/651 617/652/652
f 616/705/705 617/652/652 605/704/704
f 605/704/704 617/652/652 606/653/653
f 605/704/704 606/653/653 575/703/703
f 575/703/703 606/653/653 576/654/654
f 575/703/703 576/654/654 539/702/702
f 539/702/702 576/654/654 540/655/655
f 539/702/702 540/655/655 439/701/701
f 439/701/701 540/655/655 421/656/656
f 439/701/701 421/656/656 350/700/700
f 350/700/700 421/656/656 340/657/657
f 350/700/700 340/657/657 274/699/699
f 274/699/699 340/657/657 247/658/658
f 274/699/699 247/658/658 179/698/698
f 179/698/698 247/658/658 129/659/659
f 179/698/698 129/659/659 103/697/697
f 103/697/697 129/659/659 87/660/660
f 103/697/697 87/660/660 77/696/696
f 77/696/696 87/660/660 55/661/661
f 77/696/696 55/661/661 44/695/695
f 44/695/695 55/661/661 40/662/662
f 44/695/695 40/662/662 34/694/694
f 34/694/694 40/662/662 26/663/663
f 34/694/694 26/663/663 25/693/693
f 25/693/693 26/663/663 21/664/664
f 25/693/693 21/664/664 23/692/692
f 23/692/692 21/664/664 22/665/665
f 23/692/692 22/665/665 31/691/691
f 31/691/691 22/665/665 39/666/666
f 31/691/691 39/666/666 41/690/690
f 41/690/690 39/666/666 50/667/667
f 41/690/690 50/667/667 68/689/689
f 68/689/689 50/667/667 80/668/668
f 68/689/689 80/668/668 102/688/688
f 102/688/688 80/668/668 120/669/669
f 102/688/688 120/669/669 150/687/687
f 150/687/687 120/669/669 231/670/670
f 150/687/687 231/670/670 263/686/686
f 263/686/686 231/670/670 319/671/671
f 263/686/686 319/671/671 342/685/685
f 342/685/685 319/671/671 414/672/672
f 342/685/685 414/672/672 428/684/684
f 428/684/684 414/672/672 528/673/673
f 428/684/684 528/673/673 529/683/683
f 529/683/683 528/673/673 569/674/674
f 529/683/683 569/674/674 570/682/682
f 570/682/682 569/674/674 600/675/675
f 570/682/682 600/675/675 601/681/681
f 601/681/681 600/675/675 614/676/676
f 601/681/681 614/676/676 615/680/680
f 615/680/680 614/676/676 628/677/677
f 615/680/680 628/677/677 629/679/679
f 629/679/679 628/677/677 633/710/710
f 629/711/711 633/650/650 630/678/678
f 642/741/741 648/770/770 633/742/742
f 633/771/771 648/712/712 643/713/713
f 633/772/772 643/713/713 631/769/769
f 631/769/769 643/713/713 635/714/714
f 631/769/769 635/714/714 617/768/768
f 617/768/768 635/714/714 625/715/715
f 617/768/768 625/715/715 606/767/767
f 606/767/767 625/715/715 610/716/716
f 606/767/767 610/716/716 576/766/766
f 576/766/766 610/716/716 551/717/717
f 576/766/766 551/717/717 540/765/765
f 540/765/765 551/717/717 513/718/718
f 540/765/765 513/718/718 421/764/764
f 421/764/764 513/718/718 378/719/719
f 421/764/764 378/719/719 340/763/763
f 340/763/763 378/719/719 298/720/720
f 340/763/763 298/720/720 247/762/762
f 247/762/762 298/720/720 180/721/721
f 247/762/762 180/721/721 129/761/761
f 129/761/761 180/721/721 104/722/722
f 129/761/761 104/722/722 87/760/760
f 87/760/760 104/722/722 59/723/723
f 87/760/760 59/723/723 55/759/759
f 55/759/759 59/723/723 36/724/724
f 55/759/759 36/724/724 40/758/758
f 40/758/758 36/724/724 20/725/725
f 40/758/758 20/725/725 26/757/757
f 26/757/757 20/725/725 12/726/726
f 26/757/757 12/726/726 21/756/756
f 21/756/756 12/726/726 7/727/727
f 21/756/756 7/727/727 11/728/728
f 21/756/756 11/728/728 22/755/755
f 22/755/755 11/728/728 19/729/729
f 22/755/755 19/729/729 39/754/754
f 39/754/754 19/729/729 30/730/730
f 39/754/754 30/730/730 50/753/753
f 50/753/753 30/730/730 49/731/731
f 50/753/753 49/731/731 80/752/752
f 80/752/752 49/731/731 101/732/732
f 80/752/752 101/732/732 120/751/751
f 120/751/751 101/732/732 149/733/733
f 120/751/751 149/733/733 231/750/750
f 231/750/750 149/733/733 281/734/734
f 231/750/750 281/734/734 319/749/749
f 319/749/749 281/734/734 365/735/735
f 319/749/749 365/735/735 414/748/748
f 414/748/748 365/735/735 487/736/736
f 414/748/748 487/736/736 528/747/747
f 528/747/747 487/736/736 550/737/737
f 528/747/747 550/737/737 569/746/746
f 569/746/746 550/737/737 599/738/738
f 569/746/746 599/738/738 600/745/745
f 600/745/745 599/738/738 621/739/739
f 600/745/745 621/739/739 614/744/744
f 614/744/744 621/739/739 634/740/740
f 614/744/744 634/740/740 628/743/743
f 628/743/743 634/740/740 642/741/741
f 628/743/743 642/741/741 633/742/742
f 650/774/774 651/834/834 653/773/773
f 653/773/773 651/834/834 647/835/835
f 653/773/773 647/835/835 645/802/802
f 645/802/802 647/835/835 646/862/862
f 645/802/802 646/862/862 637/801/801
f 637/801/801 646/862/862 638/861/861
f 637/801/801 638/861/861 619/800/800
f 619/800/800 638/861/861 620/860/860
f 619/800/800 620/860/860 597/799/799
f 597/799/799 620/860/860 598/859/859
f 597/799/799 598/859/859 553/798/798
f 553/798/798 598/859/859 554/858/858
f 553/798/798 554/858/858 485/797/797
f 485/797/797 554/858/858 486/857/857
f 485/797/797 486/857/857 363/796/796
f 363/796/796 486/857/857 364/856/856
f 363/796/796 364/856/856 279/795/795
f 279/795/795 364/856/856 280/855/855
f 279/795/795 280/855/855 147/794/794
f 147/794/794 280/855/855 148/854/854
f 147/794/794 148/854/854 89/793/793
f 89/793/793 148/854/854 90/853/853
f 89/793/793 90/853/853 47/792/792
f 47/792/792 90/853/853 48/852/852
f 47/792/792 48/852/852 28/791/791
f 28/791/791 48/852/852 29/851/851
f 28/791/791 29/851/851 14/790/790
f 14/790/790 29/851/851 15/850/850
f 14/790/790 15/850/850 4/789/789
f 4/789/789 15/850/850 5/849/849
f 4/789/789 5/849/849 2/788/788
f 2/788/788 5/849/849 6/863/863
f 2/864/864 6/833/833 9/787/787
f 9/787/787 6/833/833 10/848/848
f 9/787/787 10/848/848 17/786/786
f 17/786/786 10/848/848 18/847/847
f 17/786/786 18/847/847 38/785/785
f 38/785/785 18/847/847 35/846/846
f 38/785/785 35/846/846 57/784/784
f 57/784/784 35/846/846 58/845/845
f 57/784/784 58/845/845 99/783/783
f 99/783/783 58/845/845 100/844/844
f 99/783/783 100/844/844 182/782/782
f 182/782/782 100/844/844 183/843/843
f 182/782/782 183/843/843 296/781/781
f 296/781/781 183/843/843 297/842/842
f 296/781/781 297/842/842 376/780/780
f 376/780/780 297/842/842 377/841/841
f 376/780/780 377/841/841 515/779/779
f 515/779/779 377/841/841 516/840/840
f 515/779/779 516/840/840 567/778/778
f 567/778/778 516/840/840 568/839/839
f 567/778/778 568/839/839 608/777/777
f 608/777/777 568/839/839 609/838/838
f 608/777/777 609/838/838 627/776/776
f 627/776/776 609/838/838 624/837/837
f 627/776/776 624/837/837 640/775/775
f 640/775/775 624/837/837 641/836/836
f 640/775/775 641/836/836 650/774/774
f 650/774/774 641/836/836 651/834/834
f 642/804/804 646/862/862 648/803/803
f 648/803/803 646/862/862 647/835/835
f 648/803/803 647/835/835 643/832/832
f 643/832/832 647/835/835 651/834/834
f 643/832/832 651/834/834 635/831/831
f 635/831/831 651/834/834 641/836/836
f 635/831/831 641/836/836 625/830/830
f 625/830/830 641/836/836 624/837/837
f 625/830/830 624/837/837 610/829/829
f 610/829/829 624/837/837 609/838/838
f 610/829/829 609/838/838 551/828/828
f 551/828/828 609/838/838 568/839/839
f 551/828/828 568/839/839 513/827/827
f 513/827/827 568/839/839 516/840/840
f 513/827/827 516/840/840 378/826/826
f 378/826/826 516/840/840 377/841/841
f 378/826/826 377/841/841 298/825/825
f 298/825/825 377/841/841 297/842/842
f 298/825/825 297/842/842 180/824/824
f 180/824/824 297/842/842 183/843/843
f 180/824/824 183/843/843 104/823/823
f 104/823/823 183/843/843 100/844/844
f 104/823/823 100/844/844 59/822/822
f 59/822/822 100/844/844 58/845/845
f 59/822/822 58/845/845 36/821/821
f 36/821/821 58/845/845 35/846/846
f 36/821/821 35/846/846 20/820/820
f 20/820/820 35/846/846 18/847/847
f 20/820/820 18/847/847 12/819/819
f 12/819/819 18/847/847 10/848/848
f 12/819/819 10/848/848 7/818/818
f 7/818/818 10/848/848 6/833/833
f 7/818/818 6/833/833 11/865/865
f 11/817/817 6/866/866 5/849/849
f 11/817/817 5/849/849 19/816/816
f 19/816/816 5/849/849 15/850/850
f 19/816/816 15/850/850 30/815/815
f 30/815/815 15/850/850 29/851/851
f 30/815/815 29/851/851 49/814/814
f 49/814/814 29/851/851 48/852/852
f 49/814/814 48/852/852 101/813/813
f 101/813/813 48/852/852 90/853/853
f 101/813/813 90/853/853 149/812/812
f 149/812/812 90/853/853 148/854/854
f 149/812/812 148/854/854 281/811/811
f 281/811/811 148/854/854 280/855/855
f 281/811/811 280/855/855 365/810/810
f 365/810/810 280/855/855 364/856/856
f 365/810/810 364/856/856 487/809/809
f 487/809/809 364/856/856 486/857/857
f 487/809/809 486/857/857 550/808/808
f 550/808/808 486/857/857 554/858/858
f 550/808/808 554/858/858 599/807/807
f 599/807/807 554/858/858 598/859/859
f 599/807/807 598/859/859 621/806/806
f 621/806/806 598/859/859 620/860/860
f 621/806/806 620/860/860 634/805/805
f 634/805/805 620/860/860 638/861/861
f 634/805/805 638/861/861 642/804/804
f 642/804/804 638/861/861 646/862/862
f 649/868/868 650/926/926 652/867/867
f 652/867/867 650/926/926 653/897/897
f 652/867/867 653/897/897 644/896/896
f 644/896/896 653/897/897 645/898/898
f 644/896/896 645/898/898 636/895/895
f 636/895/895 645/898/898 637/899/899
f 636/895/895 637/899/899 618/894/894
f 618/894/894 637/899/899 619/900/900
f 618/894/894 619/900/900 596/893/893
f 596/893/893 619/900/900 597/901/901
f 596/893/893 597/901/901 552/892/892
f 552/892/892 597/901/901 553/902/902
f 552/892/892 553/902/902 484/891/891
f 484/891/891 553/902/902 485/903/903
f 484/891/891 485/903/903 362/890/890
f 362/890/890 485/903/903 363/904/904
f 362/890/890 363/904/904 278/889/889
f 278/889/889 363/904/904 279/905/905
f 278/889/889 279/905/905 146/888/888
f 146/888/888 279/905/905 147/906/906
f 146/888/888 147/906/906 88/887/887
f 88/887/887 147/906/906 89/907/907
f 88/887/887 89/907/907 46/886/886
f 46/886/886 89/907/907 47/908/908
f 46/886/886 47/908/908 27/885/885
f 27/885/885 47/908/908 28/909/909
f 27/885/885 28/909/909 13/884/884
f 13/884/884 28/909/909 14/910/910
f 13/884/884 14/910/910 3/883/883
f 3/883/883 14/910/910 4/911/911
f 3/883/883 4/911/911 1/882/882
f 1/882/882 4/911/911 2/927/927
f 1/928/928 2/912/912 8/881/881
f 8/881/881 2/912/912 9/913/913
f 8/881/881 9/913/913 16/880/880
f 16/880/880 9/913/913 17/914/914
f 16/880/880 17/914/914 37/879/879
f 37/879/879 17/914/914 38/915/915
f 37/879/879 38/915/915 56/878/878
f 56/878/878 38/915/915 57/916/916
f 56/878/878 57/916/916 98/877/877
f 98/877/877 57/916/916 99/917/917
f 98/877/877 99/917/917 181/876/876
f 181/876/876 99/917/917 182/918/918
f 181/876/876 182/918/918 295/875/875
f 295/875/875 182/918/918 296/919/919
f 295/875/875 296/919/919 375/874/874
f 375/874/874 296/919/919 376/920/920
f 375/874/874 376/920/920 514/873/873
f 514/873/873 376/920/920 515/921/921
f 514/873/873 515/921/921 566/872/872
f 566/872/872 515/921/921 567/922/922
f 566/872/872 567/922/922 607/871/871
f 607/871/871 567/922/922 608/923/923
f 607/871/871 608/923/923 626/870/870
f 626/870/870 608/923/923 627/924/924
f 626/870/870 627/924/924 639/869/869
f 639/869/869 627/924/924 640/925/925
f 639/869/869 640/925/925 649/868/868
f 649/868/868 640/925/925 650/926/926
f 517/947/947 526/960/960 380/948/948
f 380/961/961 526/929/929 518/930/930
f 380/962/962 518/930/930 381/959/959
f 381/959/959 518/930/930 462/931/931
f 381/959/959 462/931/931 352/958/958
f 352/958/958 462/931/931 423/932/932
f 352/958/958 423/932/932 358/933/933
f 352/958/958 358/933/933 316/957/957
f 316/957/957 358/933/933 306/934/934
f 316/957/957 306/934/934 249/935/935
f 316/957/957 249/935/935 300/956/956
f 300/956/956 249/935/935 201/936/936
f 300/956/956 201/936/936 262/955/955
f 262/955/955 201/936/936 131/937/937
f 262/955/955 131/937/937 117/938/938
f 262/955/955 117/938/938 261/954/954
f 261/954/954 117/938/938 116/939/939
f 261/954/954 116/939/939 260/953/953
f 260/953/953 116/939/939 130/940/940
f 260/953/953 130/940/940 200/941/941
f 260/953/953 200/941/941 299/952/952
f 299/952/952 200/941/941 248/942/942
f 299/952/952 248/942/942 315/951/951
f 315/951/951 248/942/942 305/943/943
f 315/951/951 305/943/943 357/944/944
f 315/951/951 357/944/944 351/950/950
f 351/950/950 357/944/944 422/945/945
f 351/950/950 422/945/945 461/946/946
f 351/950/950 461/946/946 379/949/949
f 379/949/949 461/946/946 517/947/947
f 379/949/949 517/947/947 380/948/948
f 381/964/964 262/968/968 380/963/963
f 380/963/963 262/968/968 261/969/969
f 380/963/963 261/969/969 379/974/974
f 379/974/974 261/969/969 260/970/970
f 379/974/974 260/970/970 351/973/973
f 351/973/973 260/970/970 299/971/971
f 351/973/973 299/971/971 315/972/972
f 262/968/968 381/964/964 300/967/967
f 300/967/967 381/964/964 352/965/965
f 300/967/967 352/965/965 316/966/966
f 521/976/976 526/994/994 527/975/975
f 527/975/975 526/994/994 517/995/995
f 527/975/975 517/995/995 519/993/993
f 519/993/993 517/995/995 461/996/996
f 519/993/993 461/996/996 463/992/992
f 463/992/992 461/996/996 422/997/997
f 463/992/992 422/997/997 424/991/991
f 424/991/991 422/997/997 357/998/998
f 424/991/991 357/998/998 359/990/990
f 359/990/990 357/998/998 305/999/999
f 359/990/990 305/999/999 307/989/989
f 307/989/989 305/999/999 248/1000/1000
f 307/989/989 248/1000/1000 250/988/988
f 250/988/988 248/1000/1000 200/1001/1001
f 250/988/988 200/1001/1001 202/987/987
f 202/987/987 200/1001/1001 130/1002/1002
f 202/987/987 130/1002/1002 132/986/986
f 132/986/986 130/1002/1002 116/1013/1013
f 132/986/986 116/1014/1014 118/985/985
f 118/1015/1015 116/1003/1003 117/1004/1004
f 118/1016/1016 117/1004/1004 119/984/984
f 119/984/984 117/1004/1004 131/1005/1005
f 119/984/984 131/1005/1005 134/983/983
f 134/983/983 131/1005/1005 201/1006/1006
f 134/983/983 201/1006/1006 205/982/982
f 205/982/982 201/1006/1006 249/1007/1007
f 205/982/982 249/1007/1007 251/981/981
f 251/981/981 249/1007/1007 306/1008/1008
f 251/981/981 306/1008/1008 308/980/980
f 308/980/980 306/1008/1008 358/1009/1009
f 308/980/980 358/1009/1009 368/979/979
f 368/979/979 358/1009/1009 423/1010/1010
f 368/979/979 423/1010/1010 427/978/978
f 427/978/978 423/1010/1010 462/1011/1011
f 427/978/978 462/1011/1011 468/977/977
f 468/977/977 462/1011/1011 518/1012/1012
f 468/977/977 518/1012/1012 521/976/976
f 521/976/976 518/1012/1012 526/994/994
f 469/1018/1018 493/1058/1058 490/1017/1017
f 490/1017/1017 493/1058/1058 496/1059/1059
f 490/1017/1017 496/1059/1059 473/1033/1033
f 473/1033/1033 496/1059/1059 450/1060/1060
f 473/1033/1033 450/1060/1060 436/1032/1032
f 436/1032/1032 450/1060/1060 403/1061/1061
f 436/1032/1032 403/1061/1061 394/1031/1031
f 394/1031/1031 403/1061/1061 353/1062/1062
f 394/1031/1031 353/1062/1062 347/1030/1030
f 347/1030/1030 353/1062/1062 301/1063/1063
f 347/1030/1030 301/1063/1063 290/1029/1029
f 290/1029/1029 301/1063/1063 254/1064/1064
f 290/1029/1029 254/1064/1064 240/1028/1028
f 240/1028/1028 254/1064/1064 210/1065/1065
f 240/1028/1028 210/1065/1065 195/1027/1027
f 195/1027/1027 210/1065/1065 161/1066/1066
f 195/1027/1027 161/1066/1066 158/1026/1026
f 158/1026/1026 161/1066/1066 159/1067/1067
f 158/1026/1026 159/1067/1067 155/1025/1025
f 155/1025/1025 159/1067/1067 189/1068/1068
f 155/1025/1025 189/1068/1068 188/1024/1024
f 188/1024/1024 189/1068/1068 218/1069/1069
f 188/1024/1024 218/1069/1069 236/1023/1023
f 236/1023/1023 218/1069/1069 265/1070/1070
f 236/1023/1023 265/1070/1070 286/1022/1022
f 286/1022/1022 265/1070/1070 326/1052/1052
f 286/1022/1022 326/1052/1052 344/1021/1021
f 344/1021/1021 326/1052/1052 388/1119/1119
f 344/1120/1120 388/1055/1055 387/1020/1020
f 387/1020/1020 388/1055/1055 430/1056/1056
f 387/1020/1020 430/1056/1056 429/1019/1019
f 429/1019/1019 430/1056/1056 470/1057/1057
f 429/1019/1019 470/1057/1057 469/1018/1018
f 469/1018/1018 470/1057/1057 493/1058/1058
f 476/1035/1035 506/1082/1082 503/1034/1034
f 503/1034/1034 506/1082/1082 500/1083/1083
f 503/1034/1034 500/1083/1083 475/1050/1050
f 475/1050/1050 500/1083/1083 474/1084/1084
f 475/1050/1050 474/1084/1084 435/1049/1049
f 435/1049/1049 474/1084/1084 433/1085/1085
f 435/1049/1049 433/1085/1085 393/1048/1048
f 393/1048/1048 433/1085/1085 391/1086/1086
f 393/1048/1048 391/1086/1086 346/1047/1047
f 346/1047/1047 391/1086/1086 332/1051/1051
f 346/1047/1047 332/1051/1051 289/1046/1046
f 289/1046/1046 332/1051/1051 268/1121/1121
f 289/1122/1122 268/1071/1071 239/1045/1045
f 239/1045/1045 268/1071/1071 221/1072/1072
f 239/1045/1045 221/1072/1072 193/1044/1044
f 193/1044/1044 221/1072/1072 194/1073/1073
f 193/1044/1044 194/1073/1073 163/1043/1043
f 163/1043/1043 194/1073/1073 165/1074/1074
f 163/1043/1043 165/1074/1074 170/1042/1042
f 170/1042/1042 165/1074/1074 171/1075/1075
f 170/1042/1042 171/1075/1075 198/1041/1041
f 198/1041/1041 171/1075/1075 214/1076/1076
f 198/1041/1041 214/1076/1076 242/1040/1040
f 242/1040/1040 214/1076/1076 257/1077/1077
f 242/1040/1040 257/1077/1077 292/1039/1039
f 292/1039/1039 257/1077/1077 304/1078/1078
f 292/1039/1039 304/1078/1078 348/1038/1038
f 348/1038/1038 304/1078/1078 356/1079/1079
f 348/1038/1038 356/1079/1079 395/1037/1037
f 395/1037/1037 356/1079/1079 406/1080/1080
f 395/1037/1037 406/1080/1080 437/1036/1036
f 437/1036/1036 406/1080/1080 454/1081/1081
f 437/1036/1036 454/1081/1081 476/1035/1035
f 476/1035/1035 454/1081/1081 506/1082/1082
f 326/1123/1123 329/1053/1053 390/1087/1087
f 390/1087/1087 329/1053/1053 392/1103/1103
f 390/1087/1087 392/1103/1103 434/1104/1104
f 434/1104/1104 392/1103/1103 433/1085/1085
f 434/1104/1104 433/1085/1085 474/1084/1084
f 329/1053/1053 330/1054/1054 392/1103/1103
f 392/1103/1103 330/1054/1054 391/1086/1086
f 392/1103/1103 391/1086/1086 433/1085/1085
f 326/1052/1052 265/1070/1070 329/1124/1124
f 329/1125/1125 265/1070/1070 267/1102/1102
f 329/1053/1053 267/1126/1126 330/1054/1054
f 330/1127/1127 267/1102/1102 269/1118/1118
f 330/1054/1054 269/1128/1128 332/1051/1051
f 332/1129/1129 269/1118/1118 268/1071/1071
f 330/1054/1054 332/1051/1051 391/1086/1086
f 388/1055/1055 326/1130/1130 390/1087/1087
f 430/1056/1056 388/1055/1055 432/1088/1088
f 432/1088/1088 388/1055/1055 390/1087/1087
f 432/1088/1088 390/1087/1087 434/1104/1104
f 470/1057/1057 430/1056/1056 471/1089/1089
f 471/1089/1089 430/1056/1056 432/1088/1088
f 471/1089/1089 432/1088/1088 472/1105/1105
f 472/1105/1105 432/1088/1088 434/1104/1104
f 472/1105/1105 434/1104/1104 474/1084/1084
f 493/1058/1058 470/1057/1057 495/1090/1090
f 495/1090/1090 470/1057/1057 471/1089/1089
f 495/1090/1090 471/1089/1089 499/1106/1106
f 499/1106/1106 471/1089/1089 472/1105/1105
f 499/1106/1106 472/1105/1105 500/1083/1083
f 500/1083/1083 472/1105/1105 474/1084/1084
f 496/1059/1059 493/1058/1058 501/1091/1091
f 501/1091/1091 493/1058/1058 495/1090/1090
f 501/1091/1091 495/1090/1090 504/1107/1107
f 504/1107/1107 495/1090/1090 499/1106/1106
f 504/1107/1107 499/1106/1106 506/1082/1082
f 506/1082/1082 499/1106/1106 500/1083/1083
f 450/1060/1060 496/1059/1059 451/1092/1092
f 451/1092/1092 496/1059/1059 501/1091/1091
f 451/1092/1092 501/1091/1091 452/1108/1108
f 452/1108/1108 501/1091/1091 504/1107/1107
f 452/1108/1108 504/1107/1107 454/1081/1081
f 454/1081/1081 504/1107/1107 506/1082/1082
f 403/1061/1061 450/1060/1060 404/1093/1093
f 404/1093/1093 450/1060/1060 451/1092/1092
f 404/1093/1093 451/1092/1092 405/1109/1109
f 405/1109/1109 451/1092/1092 452/1108/1108
f 405/1109/1109 452/1108/1108 406/1080/1080
f 406/1080/1080 452/1108/1108 454/1081/1081
f 353/1062/1062 403/1061/1061 354/1094/1094
f 354/1094/1094 403/1061/1061 404/1093/1093
f 354/1094/1094 404/1093/1093 355/1110/1110
f 355/1110/1110 404/1093/1093 405/1109/1109
f 355/1110/1110 405/1109/1109 356/1079/1079
f 356/1079/1079 405/1109/1109 406/1080/1080
f 301/1063/1063 353/1062/1062 302/1095/1095
f 302/1095/1095 353/1062/1062 354/1094/1094
f 302/1095/1095 354/1094/1094 303/1111/1111
f 303/1111/1111 354/1094/1094 355/1110/1110
f 303/1111/1111 355/1110/1110 304/1078/1078
f 304/1078/1078 355/1110/1110 356/1079/1079
f 254/1064/1064 301/1063/1063 255/1096/1096
f 255/1096/1096 301/1063/1063 302/1095/1095
f 255/1096/1096 302/1095/1095 256/1112/1112
f 256/1112/1112 302/1095/1095 303/1111/1111
f 256/1112/1112 303/1111/1111 257/1077/1077
f 257/1077/1077 303/1111/1111 304/1078/1078
f 210/1065/1065 254/1064/1064 211/1097/1097
f 211/1097/1097 254/1064/1064 255/1096/1096
f 211/1097/1097 255/1096/1096 212/1113/1113
f 212/1113/1113 255/1096/1096 256/1112/1112
f 212/1113/1113 256/1112/1112 214/1076/1076
f 214/1076/1076 256/1112/1112 257/1077/1077
f 161/1066/1066 210/1065/1065 166/1098/1098
f 166/1098/1098 210/1065/1065 211/1097/1097
f 166/1098/1098 211/1097/1097 169/1114/1114
f 169/1114/1114 211/1097/1097 212/1113/1113
f 169/1114/1114 212/1113/1113 171/1075/1075
f 171/1075/1075 212/1113/1113 214/1076/1076
f 159/1067/1067 161/1066/1066 160/1099/1099
f 160/1099/1099 161/1066/1066 166/1098/1098
f 160/1099/1099 166/1098/1098 164/1115/1115
f 164/1115/1115 166/1098/1098 169/1114/1114
f 164/1115/1115 169/1114/1114 165/1074/1074
f 165/1074/1074 169/1114/1114 171/1075/1075
f 189/1068/1068 159/1067/1067 191/1100/1100
f 191/1100/1100 159/1067/1067 160/1099/1099
f 191/1100/1100 160/1099/1099 192/1116/1116
f 192/1116/1116 160/1099/1099 164/1115/1115
f 192/1116/1116 164/1115/1115 194/1073/1073
f 194/1073/1073 164/1115/1115 165/1074/1074
f 267/1102/1102 265/1070/1070 218/1069/1069
f 218/1069/1069 189/1068/1068 220/1101/1101
f 220/1101/1101 189/1068/1068 191/1100/1100
f 220/1101/1101 191/1100/1100 222/1117/1117
f 222/1117/1117 191/1100/1100 192/1116/1116
f 222/1117/1117 192/1116/1116 221/1072/1072
f 221/1072/1072 192/1116/1116 194/1073/1073
f 222/1117/1117 221/1072/1072 268/1071/1071
f 222/1117/1117 268/1071/1071 269/1118/1118
f 269/1118/1118 267/1102/1102 220/1101/1101
f 220/1101/1101 267/1102/1102 218/1069/1069
f 269/1118/1118 220/1101/1101 222/1117/1117
f 644/1132/1132 3/1145/1145 652/1131/1131
f 652/1131/1131 3/1145/1145 1/1146/1146
f 652/1131/1131 1/1146/1146 649/1160/1160
f 649/1160/1160 1/1146/1146 8/1147/1147
f 649/1160/1160 8/1147/1147 639/1159/1159
f 639/1159/1159 8/1147/1147 16/1148/1148
f 639/1159/1159 16/1148/1148 626/1158/1158
f 626/1158/1158 16/1148/1148 37/1149/1149
f 626/1158/1158 37/1149/1149 607/1157/1157
f 607/1157/1157 37/1149/1149 56/1150/1150
f 607/1157/1157 56/1150/1150 566/1156/1156
f 566/1156/1156 56/1150/1150 98/1151/1151
f 566/1156/1156 98/1151/1151 514/1155/1155
f 514/1155/1155 98/1151/1151 181/1152/1152
f 514/1155/1155 181/1152/1152 375/1154/1154
f 375/1154/1154 181/1152/1152 295/1153/1153
f 3/1145/1145 644/1132/1132 13/1144/1144
f 13/1144/1144 644/1132/1132 636/1133/1133
f 13/1144/1144 636/1133/1133 27/1143/1143
f 27/1143/1143 636/1133/1133 618/1134/1134
f 27/1143/1143 618/1134/1134 46/1142/1142
f 46/1142/1142 618/1134/1134 596/1135/1135
f 46/1142/1142 596/1135/1135 88/1141/1141
f 88/1141/1141 596/1135/1135 552/1136/1136
f 88/1141/1141 552/1136/1136 146/1140/1140
f 146/1140/1140 552/1136/1136 484/1137/1137
f 146/1140/1140 484/1137/1137 278/1139/1139
f 278/1139/1139 484/1137/1137 362/1138/1138
# 653 vertices
# 1160 texture params
# 1160 normals
# 1368 facets

# 1 groups
