# https://github.com/mikedh/trimesh
v 128.22348022 0.10000000 55.04317093
v 128.22348022 -0.09999996 55.04317093
v 140.60862732 -0.09999996 53.78775406
v 153.00000000 -0.09999996 52.59515762
v 153.00000000 0.09999918 52.59490204
v 140.60862732 0.10000000 53.78775406
v 103.50000000 -0.09999912 57.97267532
v 115.85121918 -0.09999996 56.41929626
v 103.50014496 0.10000000 57.97292328
v 115.85121918 0.10000000 56.41929626
v 103.50000000 18.56858063 -54.68865204
v 103.50000000 24.36250687 -52.19146729
v 115.87500000 17.77609825 -53.33261871
v 103.50000000 6.37028313 -57.59273529
v 103.50000000 12.55651855 -56.49146652
v 115.87500000 8.98676109 -55.62891769
v 115.85121155 0.10000000 -56.41944504
v 103.50000763 0.09999981 -57.97291946
v 115.87500000 33.66212845 -44.48105240
v 115.87500000 26.07563210 -49.58160400
v 103.50000000 29.84817314 -49.03788376
v 103.50000000 39.62598038 -40.94823074
v 103.50000000 34.94916916 -45.28078079
v 115.87500000 40.33148956 -38.17515564
v 140.62500000 32.67238235 -42.40709305
v 128.25000000 33.09907150 -43.39616776
v 140.62500000 39.13907623 -36.39521408
v 115.87500000 45.89569092 -30.82582092
v 103.50000000 50.45237350 -25.11669350
v 115.87500000 50.20804977 -22.63739967
v 103.50000000 43.80258942 -36.09664536
v 115.87500000 54.63880157 -4.65225172
v 115.87500000 53.14550018 -13.83198261
v 103.50000000 54.57613373 -12.87337494
v 103.50000000 52.84654999 -19.10868454
v 115.87500000 53.14550018 13.83198261
v 115.87500000 54.63880157 4.65225172
v 103.50000000 55.62274933 6.49198532
v 103.50000000 55.97669983 0.01517614
v 153.00000000 47.36549759 22.77961159
v 140.62500000 48.71551514 21.58191681
v 140.62500000 44.53419495 29.38854790
v 103.50000000 52.83787918 19.13914299
v 115.87500000 50.20804977 22.63739967
v 115.87500000 33.66212845 44.48105240
v 115.87500000 40.33148956 38.17515564
v 103.50000000 39.60754776 40.96431732
v 115.87500000 45.89569092 30.82582092
v 103.50000000 43.78415680 36.12251663
v 103.50000000 29.82312584 49.05558014
v 115.87500000 26.07563210 49.58160400
v 128.25000000 39.66197205 37.24407196
v 140.62500000 32.67238235 42.40709305
v 140.62500000 39.13907623 36.39521408
v 115.87500000 17.77609825 53.33261871
v 115.87500000 8.98676109 55.62891769
v 128.25000000 8.81759548 54.27214050
v 103.50000000 24.34004021 52.20231628
v 103.50000000 18.56437874 54.69063568
v 153.00000000 5.98728037 52.24884033
v 153.00000000 22.87929916 47.34420013
v 140.62500000 25.31642342 47.26982880
v 140.62500000 17.26909065 50.84595108
v 140.62500000 8.74684238 53.03518295
v 153.00000000 11.79492092 51.24841309
v 128.25000000 17.46662903 52.03184891
v 128.25000000 25.63367844 48.37232208
v 103.50000000 6.36993265 57.59277725
v 153.00000000 37.20747757 37.13996887
v 153.00000000 28.03000641 44.48109436
v 103.50000000 34.94243240 45.28661346
v 153.00000000 41.12681961 32.73822021
v 103.50000000 50.44160843 25.13646698
v 128.25000000 49.38087463 22.08527946
v 103.50000000 47.41548538 30.81527138
v 140.62500000 51.56370163 13.18705750
v 153.00000000 49.61184311 17.33038521
v 140.62500000 53.01162720 4.43533754
v 140.62500000 53.01162720 -4.43533754
v 128.25000000 53.74089813 -4.53878450
v 128.25000000 53.74089813 4.53878450
v 103.50000000 54.57287598 12.89036655
v 153.00000000 52.54862976 -0.01294522
v 128.25000000 49.38087463 -22.08527946
v 140.62500000 51.56370163 -13.18705750
v 140.62500000 48.71551514 -21.58191681
v 128.25000000 52.27143097 -13.49462414
v 103.50000000 55.62655640 -6.47188807
v 153.00000000 49.60429001 -17.35634041
v 128.25000000 39.66197205 -37.24407196
v 140.62500000 44.53419495 -29.38854790
v 128.25000000 45.13735199 -30.07398605
v 103.50000000 47.42163086 -30.80401230
v 153.00000000 41.11057281 -32.76044464
v 153.00000000 28.00781822 -44.49633789
v 140.62500000 25.31642342 -47.26982880
v 128.25000000 25.63367844 -48.37232208
v 140.62500000 17.26909065 -50.84595108
v 153.00000000 22.85966301 -47.35334396
v 140.62500000 8.74684238 -53.03518295
v 153.00000000 11.76833248 -51.25421906
v 128.25000000 8.81759548 -54.27214050
v 128.22348022 0.10000000 -55.04318237
v 153.00000000 0.09999993 -52.59513855
v 140.60862732 0.10000000 -53.78776169
v 153.00000000 5.98859453 -52.24869156
v 128.25000000 17.46662903 -52.03184891
v 153.00000000 17.43527031 -49.61326981
v 153.00000000 37.19149780 -37.15320206
v 153.00000000 32.81330490 -41.07534409
v 153.00000000 47.35613632 -22.79598808
v 153.00000000 44.51753235 -27.94604492
v 153.00000000 52.21643448 -5.88874722
v 153.00000000 51.23191833 -11.68895531
v 153.00000000 51.23457718 11.67529964
v 153.00000000 52.21981812 5.87217951
v 128.25000000 52.27143097 13.49462414
v 128.25000000 45.13735199 30.07398605
v 153.00000000 44.52250671 27.93710327
v 128.25000000 33.09907150 43.39616776
v 153.00000000 32.81829453 41.07113266
v 103.50000000 12.52632046 56.49831390
v 153.00000000 17.43747711 49.61207581
v 153.00000000 -44.52251053 -27.93710518
v 153.00000000 -41.12684631 -32.73819733
v 153.00000000 -37.19152069 37.15318298
v 153.00000000 -47.35612488 22.79600906
v 153.00000000 -32.81332397 41.07534409
v 153.00000000 -11.76838398 51.25422668
v 153.00000000 -17.43527603 49.61326218
v 153.00000000 -22.85970497 47.35332870
v 153.00000000 -44.51752090 27.94605064
v 153.00000000 -41.11056900 32.76042175
v 153.00000000 -49.60429764 17.35634422
v 153.00000000 -28.00773811 44.49636459
v 153.00000000 -51.23192978 11.68892670
v 153.00000000 -52.21643829 5.88871574
v 153.00000000 -52.54861832 0.01297279
v 153.00000000 -5.98864317 52.24868393
v 153.00000000 -52.21982574 -5.87216425
v 153.00000000 -47.36548996 -22.77960777
v 153.00000000 -49.61183167 -17.33044052
v 153.00000000 -51.23458099 -11.67528248
v 153.00000000 -32.81829453 -41.07112503
v 153.00000000 -37.20748520 -37.13998795
v 153.00000000 -28.02997208 -44.48112106
v 153.00000000 -22.87936211 -47.34415817
v 153.00000000 -5.98723459 -52.24884796
v 153.00000000 -11.79488087 -51.24843216
v 153.00000000 -17.43749428 -49.61207199
v 153.00000000 -0.09999918 -52.59490204
v 103.50000000 -48.70895386 28.56831360
v 103.50000000 -23.15316772 -52.77872467
v 103.50000000 -28.40504646 -49.95089722
v 103.50000000 -33.31703949 -46.58050919
v 103.50000000 -48.69408417 -28.59556007
v 103.50000000 -51.29480743 -23.21446037
v 103.50000000 -53.32285309 -17.63394165
v 103.50000000 -37.83998489 -42.71721649
v 103.50000000 -41.95115280 -38.38560867
v 103.50000000 -45.57056046 -33.66782761
v 103.50000000 -54.79152679 -11.85292530
v 103.50000000 -17.64613914 -55.01456070
v 103.50000000 -11.90704918 -56.64189529
v 103.50000000 -55.67881012 -5.95944881
v 103.50000000 -55.97668839 -0.01506259
v 103.50000000 -6.05745649 -57.62893677
v 103.50000000 -55.68158722 5.94492435
v 103.50000000 -0.09999909 -57.97269058
v 103.50000000 -54.79639816 11.82739449
v 103.50000000 -41.95895767 38.37465668
v 103.50000000 -45.58453751 33.64819717
v 103.50000000 -53.33083344 17.60583305
v 103.50000000 -51.29489517 23.21398163
v 103.50000000 -28.42253494 49.93855667
v 103.50000000 -33.33032608 46.57112503
v 103.50000000 -37.86408997 42.69626236
v 103.50000000 -23.17990494 52.76579666
v 103.50000000 -6.05741024 57.62894440
v 103.50000000 -11.93355370 56.63588333
v 103.50000000 -17.65450668 55.01268005
v 115.87500000 -17.77609825 -53.33261871
v 115.87500000 -8.98676109 -55.62891769
v 115.85121155 -0.09999998 -56.41944504
v 140.62500000 -32.67238235 -42.40709305
v 140.62500000 -25.31642342 -47.26982880
v 140.62500000 -17.26909065 -50.84595108
v 115.87500000 -33.66212845 -44.48105240
v 115.87500000 -40.33148956 -38.17515564
v 115.87500000 -50.20804977 -22.63739967
v 140.62500000 -39.13907623 -36.39521408
v 128.25000000 -33.09907150 -43.39616776
v 140.62500000 -48.71551514 -21.58191681
v 140.62500000 -51.56370163 -13.18705750
v 128.25000000 -45.13735199 -30.07398605
v 140.62500000 -44.53419495 -29.38854790
v 140.62500000 -53.01162720 4.43533754
v 140.62500000 -53.01162720 -4.43533754
v 128.25000000 -52.27143097 -13.49462414
v 140.62500000 -48.71551514 21.58191681
v 140.62500000 -51.56370163 13.18705750
v 115.87500000 -54.63880157 4.65225172
v 115.87500000 -53.14550018 13.83198261
v 140.62500000 -39.13907623 36.39521408
v 140.62500000 -44.53419495 29.38854790
v 115.87500000 -50.20804977 22.63739967
v 115.87500000 -45.89569092 30.82582092
v 140.62500000 -32.67238235 42.40709305
v 115.87500000 -26.07563210 49.58160400
v 115.87500000 -33.66212845 44.48105240
v 140.62500000 -25.31642342 47.26982880
v 115.87500000 -8.98676109 55.62891769
v 115.87500000 -17.77609825 53.33261871
v 128.25000000 -8.81759548 54.27214050
v 140.62500000 -17.26909065 50.84595108
v 140.62500000 -8.74684238 53.03518295
v 128.25000000 -17.46662903 52.03184891
v 128.25000000 -25.63367844 48.37232208
v 115.87500000 -40.33148956 38.17515564
v 128.25000000 -39.66197205 37.24407196
v 128.25000000 -49.38087463 22.08527946
v 128.25000000 -53.74089813 -4.53878450
v 128.25000000 -53.74089813 4.53878450
v 115.87500000 -54.63880157 -4.65225172
v 128.25000000 -49.38087463 -22.08527946
v 115.87500000 -53.14550018 -13.83198261
v 128.25000000 -39.66197205 -37.24407196
v 115.87500000 -45.89569092 -30.82582092
v 115.87500000 -26.07563210 -49.58160400
v 128.25000000 -25.63367844 -48.37232208
v 140.62500000 -8.74684238 -53.03518295
v 128.25000000 -8.81759548 -54.27214050
v 128.22348022 -0.09999998 -55.04318237
v 140.60862732 -0.09999998 -53.78776169
v 128.25000000 -17.46662903 -52.03184891
v 128.25000000 -52.27143097 13.49462414
v 128.25000000 -45.13735199 30.07398605
v 128.25000000 -33.09907150 43.39616776
v -10.07539177 25.14675331 68.33058929
v -13.10314655 24.16296959 68.31981659
v -21.37064934 21.47671700 66.42794037
v 47.03401566 43.70272064 49.29339218
v 49.03460693 44.35274887 49.01497269
v 44.41166687 42.85066605 51.83778381
v -21.27904892 21.50645638 66.66131592
v -29.14376450 18.95105743 63.78524399
v 1.34706128 28.85811996 67.82061005
v -4.78503513 26.86568642 68.71230316
v 11.57063770 32.17996597 65.70552063
v 3.49560165 29.55622864 67.82985687
v 12.42961216 32.45906448 64.93353271
v -54.04374695 10.86056137 44.79611588
v -57.87114334 9.61698818 39.30500412
v -50.51585388 12.00687981 48.42548370
v -41.81663513 14.83343220 56.12884903
v -41.96533585 14.78507519 55.99906540
v -41.69709396 14.87223244 56.20329666
v 40.00000000 41.41722870 -53.44426346
v 44.41170120 42.85067749 -51.83776855
v 47.03984833 43.70462418 -49.28969955
v 53.84611130 45.91598511 -44.73110199
v 49.03467560 44.35277176 -49.01492691
v 26.61090469 37.06684494 -60.53310013
v 39.69098282 41.31682205 -54.47553635
v 31.50742149 38.65782166 -57.70275497
v 12.42961216 32.45906448 -64.93353271
v 13.03336906 32.65523911 -65.22749329
v 13.13103199 32.68696976 -64.70417786
v 13.83208370 32.91475677 -64.47381592
v 1.32448447 28.85078812 -67.82430267
v -10.10405445 25.13744164 -68.32819366
v -4.78967905 26.86417770 -68.71257019
v 3.49309087 29.55541420 -67.83020782
v -13.10637188 24.16192055 -68.31933594
v -21.39499474 21.46879387 -66.41947174
v -54.06262589 10.85442829 -44.78048706
v -46.69234085 13.24917889 -52.40227127
v -50.55932617 11.99278259 -48.38195419
v 22.76390457 35.81687927 -61.36010361
v -67.64287567 6.44195366 -17.69696999
v -65.03823853 7.28823566 -26.43806267
v -63.67744827 7.73043919 -28.92142105
v 57.99925613 47.26554108 42.89085007
v 53.56327820 45.82420349 46.02793121
v 53.83813477 45.91351700 44.73659515
v 66.76248169 50.11288452 -34.54975891
v 66.58510590 50.05525208 -36.19309616
v 70.71618652 51.39752197 -32.62536621
v 66.58496094 50.05520630 36.19320679
v 62.34166718 48.67647552 39.61227417
v 66.77873230 50.11816406 34.53547668
v 60.43170929 48.05589294 39.80936050
v 83.26877594 55.47614288 -16.00870895
v 85.29505157 56.13448334 -16.26970291
v 87.92952728 56.99047470 -11.38318920
v 70.71607208 51.39748383 32.62547684
v 72.82504272 52.08271027 28.87682915
v 83.30227661 55.48700333 15.95335293
v 86.84880829 56.63949203 8.32415295
v 87.92928314 56.99039459 11.38391781
v 78.53128052 53.93679810 24.95862389
v 78.43317413 53.90473557 22.73961830
v 82.10100555 55.09667206 20.77539253
v 90.04945374 57.67927933 -3.63191366
v 88.20205688 57.07902527 -0.04624385
v 86.82859039 56.63282394 -8.38726330
v 85.29474640 56.13438416 16.27029800
v 90.04945374 57.67927933 3.63221383
v 89.75340271 57.58308792 6.10785627
v 74.71157074 52.69570160 28.89105225
v 82.10142517 55.09680939 -20.77487946
v 78.39995575 53.89410019 -22.77937508
v 78.53101349 53.93671036 -24.95892906
v 39.69098282 41.31682205 54.47553635
v 40.00000000 41.41722870 53.44426346
v -69.65023041 5.78970909 6.02078056
v -69.99375153 5.67809105 -5.41044903
v -69.65884399 5.78691101 -5.93467569
v 31.50568581 38.65725708 57.70143127
v 26.61229897 37.06729889 60.53387451
v 22.76321220 35.81665421 61.35957336
v 13.13103199 32.68696976 64.70417786
v 13.03336906 32.65523911 65.22749329
v -67.61728668 6.45025826 17.79214859
v -68.31275177 6.22427988 16.17396545
v -31.84806824 18.07237434 62.30867004
v -32.07081604 18.00000000 62.22108078
v -32.50082779 17.86028099 61.95225906
v -63.64052582 7.74239445 28.99814796
v -60.21578598 8.85514545 36.08609009
v 13.83208370 32.91475677 64.47381592
v -65.02022552 7.29408836 26.47013283
v -69.98927307 5.67954636 5.45449257
v 53.56335831 45.82423019 -46.02787781
v 57.99930191 47.26555634 -42.89081955
v 62.34186172 48.67653656 -39.61212158
v 60.42659378 48.05422211 -39.81340027
v 74.71173859 52.69575500 -28.89091301
v 72.79850769 52.07410049 -28.90340996
v 89.75350952 57.58312225 -6.10714197
v -68.32546234 6.22014999 -16.13491058
v 11.57063770 32.17996597 -65.70552063
v -29.14376450 18.95105743 -63.78524399
v -21.28004837 21.50613213 -66.66102600
v -31.84786797 18.07243919 -62.30881500
v -32.07012177 18.00022507 -62.22143555
v -32.49740982 17.86139107 -61.95416641
v -41.73073196 14.86130333 -56.17869568
v -38.31832504 15.97006035 -58.77597427
v -41.97821808 14.78088951 -55.99032593
v -41.85721207 14.82022762 -56.09957123
v -60.23569489 8.84867573 -36.06225967
v -57.91419983 9.60306072 -39.24476242
v -46.67795563 13.25385189 52.41096115
v -38.31822205 15.97009468 58.77591324
v 66.46471405 50.45736694 -36.17655945
v 74.58943939 53.08379364 -28.88209152
v 70.59406281 51.79260254 -32.61215973
v 78.40805054 54.31700134 -24.95274925
v 81.97657776 55.46874619 -20.77189255
v 85.17711639 56.50125122 -16.26925278
v 87.80511475 57.34853745 -11.38365936
v 89.63181305 57.93717575 -6.10552502
v 62.22393799 49.08557892 -39.59290314
v 57.88403702 47.68088531 -42.86873627
v 53.45104599 46.24542618 -46.00358963
v 48.92576599 44.77956390 -48.98841858
v 44.30649185 43.28257370 -51.80960464
v 39.58978271 41.75390625 -54.44707870
v 26.49594116 37.51032639 -60.51531982
v 12.94236279 33.12332916 -65.20277405
v 11.38901806 32.70672226 -65.67453766
v -13.26229477 24.65306664 -68.31086731
v -4.94577599 27.34299278 -68.70394897
v 3.34200621 30.02408218 -67.82128143
v -21.44064522 22.01735878 -66.65272522
v -29.32118988 19.51191330 -63.77473068
v -68.49482727 6.75069237 16.07573509
v -70.15074158 6.21269608 5.38924026
v -70.14620972 6.21424103 -5.43473625
v -65.23222351 7.81209707 26.34269524
v -60.46560287 9.36074829 35.93747330
v -54.33739471 11.35499382 44.63578415
v -47.01918793 13.73628902 52.24929047
v -38.69913864 16.44905663 58.62900162
v -29.57949066 19.40447426 63.65592575
v -29.32118988 19.51191330 63.77473068
v -68.48258972 6.75458002 -16.11345482
v -65.21500397 7.81709051 -26.37313461
v -60.44690323 9.36713696 -35.95951080
v -54.31891632 11.36014748 -44.65109253
v -47.00277710 13.74202633 -52.25975037
v -38.70003891 16.44792557 -58.62837601
v -29.58601761 19.42658424 -63.65438461
v -13.26229095 24.65306664 68.31087494
v -4.94576979 27.34299469 68.70394135
v -21.44064140 22.01735878 66.65272522
v 3.34201312 30.02408600 67.82128143
v 11.44880962 32.72616577 65.65377045
v 12.88497257 33.10477829 65.21953583
v 26.49456406 37.50981903 60.51453781
v 39.54950333 41.74085236 54.46857452
v 70.59270477 51.79216003 32.61148453
v 66.46388245 50.45710754 36.17634583
v 57.88373566 47.68077850 42.86903381
v 62.22316360 49.08533478 39.59280014
v 48.92581558 44.77956772 48.98954391
v 53.45093155 46.24538803 46.00383759
v 44.30653381 43.28256989 51.81028748
v 74.58539581 53.08250427 28.87956047
v 78.40314484 54.31543732 24.95020103
v 81.97348022 55.46777344 20.77116203
v 85.16326904 56.49676514 16.26761246
v 87.79747009 57.34604263 11.38399792
v 89.63172150 57.93711472 6.10623884
v 13.24058723 34.00818253 -64.66997528
v 12.10851574 34.25126266 -64.69702911
v 12.37528419 35.01737595 -64.18678284
v 13.52322388 34.81565094 -64.13468933
v 12.59948158 35.78428650 -63.65625763
v 13.75843334 35.62440872 -63.57731247
v 14.08487892 37.23444748 -62.40373993
v 13.01490593 38.06612778 -61.95940781
v 14.17736435 38.03152084 -61.79065323
v 13.94546986 36.43161392 -62.99966049
v 12.78062248 36.54899597 -63.10748291
v 12.91901684 37.31015778 -62.54146576
v 14.18687725 40.36779785 -59.86515045
v 14.22639465 39.60010529 -60.51964569
v 13.06248093 40.28434753 -60.13259125
v 13.08532047 39.55450821 -60.75383759
v 14.22401142 38.82072067 -61.16207123
v 13.07014656 38.81448746 -61.36332703
v 12.78655624 42.40259552 -58.20921707
v 13.83523083 42.59117508 -57.83963394
v 13.98897266 41.86444473 -58.52391815
v 13.00423908 41.00271988 -59.50096130
v 12.91113663 41.70922470 -58.85933685
v 14.10698318 41.12298584 -59.19947052
v 13.18475628 44.67746735 -55.74327850
v 12.24337006 44.39990616 -56.21406174
v 12.01290798 45.03712463 -55.53595352
v 13.64869308 43.30245209 -57.14772415
v 12.63252831 43.08241272 -57.55125046
v 12.45036793 43.74831009 -56.88592148
v 11.20133972 46.86224365 -53.46769333
v 12.29871750 46.61820984 -53.59361267
v 11.49026203 46.26829147 -54.16257095
v 11.76100731 45.65991211 -54.85202026
v 12.61646461 45.98753357 -54.31543350
v 12.91230392 45.34064102 -55.03204727
v 10.57890129 48.00802994 -52.06235123
v 10.24794579 48.56016922 -51.35192871
v 11.23648453 48.41483688 -51.39855957
v 11.96126270 47.23279953 -52.86681747
v 10.89689064 47.44207001 -52.76762009
v 11.60639286 47.83156586 -52.13515091
v 9.64163303 50.59955978 -48.39983368
v 10.05352402 50.07477951 -49.15784454
v 9.19902611 50.13743210 -49.18833923
v 9.55686188 49.62465286 -49.91501236
v 10.45792961 49.53602982 -49.91013718
v 9.90687275 49.09896469 -50.63617325
v 8.08865738 51.60115051 -46.97608566
v 8.36792088 52.09238815 -46.09221268
v 8.79801655 51.60809326 -46.86693192
v 8.83470058 50.63766861 -48.45625305
v 8.46434021 51.12550354 -47.71880341
v 9.22284889 51.11057281 -47.63616562
v 7.05329418 53.46848679 -43.73550034
v 6.93637848 52.95723724 -44.71711731
v 6.54585791 53.38634491 -43.95404434
v 7.49494934 53.02236938 -44.52647400
v 7.93339443 52.56375504 -45.31205368
v 7.32413149 52.51682663 -45.47518539
v 5.71585417 54.73433685 -41.33030319
v 6.16317844 54.32426071 -42.13741684
v 5.36199951 54.60735321 -41.63508987
v 5.75806332 54.21117783 -42.41299057
v 6.60914087 53.90236282 -42.93914795
v 6.15281677 53.80422211 -43.18597794
v 4.17063427 55.73287964 -39.27207184
v 3.77397275 56.08759308 -38.47468185
v 4.37183714 55.89585114 -38.87657547
v 4.96502495 54.99289703 -40.85228729
v 4.56782436 55.36804581 -40.06461334
v 5.26777792 55.13280106 -40.51779938
v 3.03625035 56.95835495 -36.37384033
v 2.98418903 56.76735687 -36.86536026
v 2.59191465 57.09267807 -36.05340958
v 3.47958517 56.61488342 -37.21358871
v 3.92498732 56.26077271 -38.04781723
v 3.37846160 56.43240356 -37.67243958
v 1.43160129 58.01210785 -33.58799362
v 1.29750061 58.22969055 -32.95736313
v 1.72516119 57.92682648 -33.82054138
v 2.20215678 57.40850449 -35.23653793
v 2.15833497 57.61415482 -34.67745209
v 2.59565043 57.29139709 -35.52849579
v 0.47220170 58.80788803 -31.20733261
v 0.31293535 58.85077286 -31.07342529
v 0.09374484 59.08539963 -30.31360626
v 0.87803233 58.52314758 -32.08697891
v 1.05269134 58.30029678 -32.75589752
v 0.67231685 58.57901382 -31.92047310
v -0.35420159 59.63161087 -28.43092728
v -0.42650533 59.63793182 -28.41661453
v -0.48159921 59.89066696 -27.49355507
v -0.26536509 59.37959290 -29.32359123
v -0.21666650 59.35947800 -29.39260101
v -0.01803500 59.11635208 -30.21220589
v -0.50546545 60.59496689 -24.70583725
v -0.36216062 60.63877487 -24.52400208
v -0.39239949 60.40237045 -25.50528717
v -0.50457191 60.13449097 -26.56693459
v -0.50854182 60.36928558 -25.63752747
v -0.41549304 60.15563965 -26.48419952
v -0.30080605 61.08140182 -22.55447578
v -0.49376133 61.21810150 -21.89838219
v -0.27428117 61.28798294 -21.56639481
v -0.33010620 60.86500549 -23.54038048
v -0.50121182 60.81163406 -23.77203178
v -0.49698880 61.01932526 -22.83618164
v -0.49574989 61.92519760 -18.12986183
v -0.21235813 61.84933090 -18.59022713
v -0.49287379 61.76152039 -19.07439423
v -0.49157324 61.58915329 -20.01740074
v -0.25063249 61.48479843 -20.57625771
v -0.49191454 61.40803528 -20.95877647
v -0.50609410 62.22658157 -16.23647690
v -0.51341927 62.36439133 -15.28784180
v -0.17740205 62.32412720 -15.59859657
v -0.19776197 62.01715469 -17.59458351
v -0.50018007 62.08019257 -17.18384171
v -0.18614207 62.17540741 -16.59734344
v -0.16671358 62.71349716 -12.59445667
v -0.53198200 62.61442947 -13.38706684
v -0.54283863 62.72671509 -12.43509769
v -0.16787225 62.59313583 -13.59704494
v -0.17138168 62.46335602 -14.59845734
v -0.52214152 62.49365997 -14.33799744
v -0.59298182 63.09172058 -8.61850834
v -0.17538750 63.01836395 -9.58055019
v -0.57977611 63.01303482 -9.57381248
v -0.55454594 62.83056641 -11.48217583
v -0.56687152 62.92600250 -10.52840710
v -0.17073156 62.92608261 -10.58610630
v -0.61942530 63.22431183 -6.70603657
v -0.63186586 63.27728653 -5.74897146
v -0.19675715 63.23948669 -6.55940866
v -0.18144682 63.10135269 -8.57419682
v -0.60620654 63.16207504 -7.66257048
v -0.18867423 63.17505646 -7.56712008
v -0.22141030 63.37741089 -3.53336000
v -0.65333122 63.35628891 -3.83353496
v -0.66259420 63.38721466 -2.87547779
v -0.21358722 63.34065247 -4.54245615
v -0.20523033 63.29468155 -5.55116177
v -0.64335507 63.32160568 -4.79145622
v -0.67646438 63.42637634 0.00000775
v -0.23629151 63.43252182 -0.50460607
v -0.67487752 63.42233276 -0.95858872
v -0.66951436 63.40753174 -1.91709554
v -0.23337322 63.42333984 -1.51434743
v -0.22819681 63.40497208 -2.52395844
v -0.22827706 63.40496063 2.52455306
v -0.66244000 63.38715744 2.87549210
v -0.22146313 63.37739563 3.53394151
v -0.23348834 63.42333221 1.51494360
v -0.67374587 63.41944885 0.95860147
v -0.66928256 63.40704346 1.91710687
v -0.19680545 63.23944473 6.55999947
v -0.20515940 63.29465103 5.55175447
v -0.63150358 63.27781677 5.74903393
v -0.64323789 63.32324219 4.79155731
v -0.21356755 63.34062958 4.54303646
v -0.65370822 63.35995865 3.83370090
v -0.59287459 63.09174347 8.61856461
v -0.17565292 63.01829910 9.58113956
v -0.18172517 63.10128784 8.57477283
v -0.61897337 63.22410583 6.70608377
v -0.60605586 63.16208267 7.66260481
v -0.18888484 63.17499542 7.56769705
v -0.55442482 62.83058548 11.48223972
v -0.54270452 62.72673798 12.43515491
v -0.16796494 62.82438660 11.59134865
v -0.56687874 62.92601013 10.52843857
v -0.17098002 62.92601013 10.58669186
v -0.17144296 62.46326065 14.59903622
v -0.52205235 62.49368286 14.33806610
v -0.51343083 62.36441422 15.28789330
v -0.16793765 62.59304428 13.59762859
v -0.16685838 62.71340942 12.59502697
v -0.53187418 62.61444473 13.38711166
v -0.49571067 61.92521286 18.12989998
v -0.19778837 62.01704025 17.59516335
v -0.50013733 62.08022690 17.18391418
v -0.50608665 62.22660828 16.23653603
v -0.18621409 62.17529678 16.59790611
v -0.17748740 62.32402420 15.59916019
v -0.49161851 61.58918762 20.01747131
v -0.49197975 61.40805435 20.95881271
v -0.25052273 61.48465729 20.57681847
v -0.21233025 61.84920883 18.59080124
v -0.49284694 61.76155090 19.07446098
v -0.22989970 61.67176437 19.58472061
v -0.32951516 60.86484146 23.54095078
v -0.49756899 61.01935196 22.83623695
v -0.50193238 60.81165314 23.77207565
v -0.30065119 61.08125305 22.55504799
v -0.27416629 61.28784180 21.56697273
v -0.49400738 61.21813583 21.89845467
v -0.50933868 60.13448715 26.56709862
v -0.41418073 60.15594482 26.48488426
v -0.51141745 60.36928177 25.63762856
v -0.50757605 60.59499741 24.70590782
v -0.38985562 60.40228271 25.50591469
v -0.35985914 60.63854599 24.52459908
v -0.26627794 59.37849808 29.32754517
v -0.35415554 59.63144684 28.43151093
v -0.43275094 59.63765717 28.41762924
v -0.50452799 59.88978577 27.49691772
v -0.41753560 59.89937592 27.46130943
v 0.32805499 58.85206985 31.06895447
v 0.68611926 58.58045578 31.91565514
v 0.46373308 58.80666351 31.21070099
v -0.21313657 59.35904694 29.39163589
v 0.00099510 59.11752701 30.20823669
v 0.10274802 59.08456421 30.31051064
v 1.72472334 57.92653275 33.82132339
v 1.43305326 58.01232910 33.58743668
v 1.81595445 57.71507645 34.41449738
v 1.29703808 58.22940826 32.95817566
v 0.87435925 58.52252960 32.08902740
v 1.05555546 58.30067825 32.75478745
v 3.03635812 56.95810699 36.37438965
v 2.59556413 57.29111481 35.52909851
v 2.59237003 57.09280014 36.05330276
v 2.20256090 57.40859604 35.23641205
v 2.15802312 57.61385345 34.67815781
v 3.77438164 56.08773422 38.47462082
v 4.37186766 55.89554977 38.87710953
v 3.92498541 56.26047516 38.04836273
v 2.98463321 56.76749802 36.86528015
v 3.37867880 56.43249130 37.67237854
v 3.47963595 56.61460495 37.21413803
v 4.81971216 55.51963425 39.70041656
v 4.17101240 55.73301697 39.27201462
v 4.56811953 55.36815262 40.06455231
v 5.26784611 55.13249969 40.51831818
v 4.96547937 54.99304199 40.85222244
v 5.71584558 54.73398972 41.33081818
v 6.16317511 54.32390976 42.13792801
v 5.36236143 54.60746384 41.63502121
v 5.75841761 54.21129608 42.41293716
v 6.60924578 53.90206909 42.93967056
v 6.15326929 53.80436707 43.18593216
v 7.05331182 53.46813965 43.73601532
v 6.54614830 53.38642120 43.95398331
v 6.93681908 52.95737839 44.71707535
v 7.32461071 52.51698685 45.47515488
v 7.49489021 53.02198410 44.52697754
v 7.70878029 52.06498337 46.22815323
v 7.93335533 52.56337738 45.31255341
v 8.36801147 52.09204483 46.09270859
v 8.08918476 51.60131836 46.97606277
v 8.46481609 51.12565613 47.71878815
v 8.79799938 51.60770416 46.86741257
v 8.83509159 50.63779831 48.45623016
v 9.22275543 51.11015320 47.63662720
v 9.64154339 50.59914017 48.40029526
v 9.19975567 50.13763809 49.18830490
v 9.55762196 49.62482452 49.91489029
v 10.05354595 50.07439041 49.15833664
v 9.90789890 49.09918594 50.63599777
v 10.45758152 49.53555679 49.91069412
v 10.85231972 48.98233795 50.65754318
v 10.24936390 48.56044388 51.35173035
v 10.57966137 48.00818634 52.06221771
v 11.23598576 48.41434860 51.39908981
v 10.89818859 47.44229507 52.76750946
v 11.60634232 47.83115387 52.13562775
v 11.96088791 47.23235321 52.86729050
v 11.20261669 46.86239624 53.46763229
v 11.49084568 46.26831436 54.16246796
v 12.29814720 46.61775208 53.59403610
v 11.76232338 45.65995407 54.85203552
v 12.61605453 45.98711395 54.31581497
v 12.91240215 45.34024811 55.03246689
v 12.01402378 45.03714371 55.53601456
v 12.24423218 44.39990997 56.21410751
v 13.18437099 44.67707062 55.74362564
v 12.45168304 43.74820328 56.88614273
v 13.43035698 43.99765396 56.44895172
v 13.64805603 43.30212402 57.14796448
v 12.63315201 43.08231735 57.55138016
v 12.78738213 42.40243912 58.20946121
v 13.83500671 42.59075546 57.84001160
v 12.91222477 41.70889282 58.85975266
v 14.10602760 41.12287140 59.19950485
v 13.98820686 41.86415863 58.52409744
v 14.18609715 40.36770248 59.86519241
v 13.00453377 41.00265503 59.50102997
v 13.06358528 40.28382874 60.13308334
v 14.22601795 39.59974670 60.51994705
v 13.08620739 39.55384445 60.75435638
v 14.22329807 38.82070541 61.16206741
v 14.17670441 38.03174210 61.79050064
v 13.07054329 38.81414795 61.36351395
v 13.01568031 38.06516266 61.96011353
v 14.08449554 37.23458481 62.40368271
v 12.91934490 37.30940628 62.54196930
v 13.94526863 36.43126678 62.99994278
v 13.75817680 35.62453079 63.57725525
v 12.78091240 36.54830170 63.10796356
v 12.59950638 35.78320694 63.65701294
v 13.52322865 34.81591034 64.13456726
v 12.37525940 35.01691818 64.18709564
v 13.24046040 34.00773239 64.67029572
v 12.91076469 33.20286560 65.18263245
v 12.10829639 34.25042725 64.69753265
v 11.79947948 33.48684311 65.18642426
v -0.57971942 63.01306152 9.57387352
v -0.23645595 63.43251801 0.50518906
v -0.16774172 62.82446289 -11.59077740
v -0.22997172 61.67189407 -19.58416176
v -0.41178682 59.89709854 -27.46012688
v 1.81507671 57.71490479 -34.41476822
v 4.81957102 55.51991272 -39.69990158
v 7.70852232 52.06490326 -46.22820282
v 10.85297108 48.98286438 -50.65694427
v 13.43104267 43.99800491 -56.44869614
v 12.85371494 33.18419647 -65.19955444
v 11.79954147 33.48689651 -65.18643188
v -28.85352135 37.29038239 57.32651901
v -39.73305511 32.99787140 53.77496338
v -30.01441765 32.99787140 59.67065811
v -2.19800472 62.44081116 -14.63183975
v -54.28368378 30.98574066 -40.80704498
v -57.04836655 28.55724144 -38.56358337
v -55.48730087 32.99787140 -37.49968719
v 2.01888418 52.07714844 46.85776901
v -54.27946854 30.99767685 40.80401611
v -55.48728180 32.99787140 37.49971771
v -57.04834366 28.55724144 38.56361389
v -46.42777634 37.29038239 44.49280167
v -48.23802185 34.98578644 44.77587509
v -48.05941010 34.64195633 45.26249695
v 2.29202962 48.82188416 52.01363754
v 2.53510118 45.24580383 56.60184097
v 2.92073393 37.29038239 -63.88167572
v -8.52435684 28.55724144 -68.00012207
v -19.43464088 32.99787140 -63.82741928
v -8.30197430 32.99787140 -66.12413788
v -19.97286415 28.55724144 -65.63825226
v 3.31804824 30.08308220 -67.81060028
v 3.05911946 32.99787140 -66.49385834
v -48.45584869 35.28326416 44.27597427
v -48.71600723 35.52675629 43.76794052
v -47.64666748 30.34308815 -48.70426941
v -47.62154388 30.89113617 -48.40917206
v -40.84719086 28.55724144 -55.30057526
v 1.39459240 57.48700714 35.07368469
v 1.71864629 54.97606659 41.19050217
v -63.82215881 24.01696205 28.85050774
v -65.25650024 19.42658424 26.49284363
v -60.38047028 19.42658424 36.19336700
v -4.59807301 57.48700714 34.87866974
v -48.49217987 20.68752670 -50.88440323
v -39.57567978 19.42658424 -58.05376434
v -48.51074219 20.05842018 -50.89641571
v -5.31913424 54.97606659 40.96147537
v -12.21541214 54.97606659 39.53874588
v -54.36872101 20.57491112 44.61939621
v -54.22137833 20.00181961 44.82468033
v -3.83188844 59.58256149 28.41520309
v -30.85283089 28.55724144 -61.36354065
v -39.73308563 32.99787140 -53.77494049
v -54.50495148 21.14870644 44.40740204
v -18.68933487 37.29038239 61.31999588
v -17.74514961 41.38793564 58.14332199
v -55.09393692 26.34124184 42.36153030
v -55.07333374 26.92650795 42.13551331
v -57.99185181 24.01696205 39.20663071
v -50.20777893 35.76585007 -41.83078384
v -53.32571411 37.29038239 -36.02652740
v -49.77606583 35.83580780 -42.27027130
v -3.02894187 61.23985672 21.64161873
v -54.62864304 21.72054863 44.19071960
v -54.73971558 22.29349327 43.96919632
v -44.04660797 41.38793564 42.18785858
v -36.23593521 41.38793564 48.98607254
v -38.19039536 37.29038239 -51.66241455
v -46.42780304 37.29038239 -44.49277496
v -44.04663086 41.38793564 -42.18783569
v -55.03203964 27.50949669 41.91548157
v -47.60892487 31.41081810 48.10204315
v -47.62233734 30.87457085 48.41844177
v -54.98880005 24.01732445 43.28570557
v -55.04116058 24.59405708 43.05459595
v -52.83594513 33.72632217 40.49164200
v -53.19253540 33.21405029 40.47854233
v -64.87422943 32.99787140 -16.88501549
v -64.20132446 37.29038239 -5.46026087
v -62.34387970 37.29038239 -16.22169495
v -54.83729553 22.86714172 43.74394226
v -54.92055511 23.44148254 43.51589966
v 2.74541306 41.38793564 -60.57229614
v -41.52055740 24.01696205 -56.22266769
v -31.35954857 24.01696205 -62.38672638
v -48.33283615 23.18358994 -50.72280121
v -48.27750778 23.80121803 -50.64963531
v -49.76377106 35.83567810 42.28469467
v -49.37071228 35.81221390 42.76153564
v -48.24286652 34.99544907 -44.76203537
v -48.06379700 34.65341187 -45.24788284
v -55.07681656 25.17345428 42.82286072
v 1.71862364 54.97606659 -41.19050217
v -49.02058029 35.70614243 43.26022339
v -53.32569504 37.29038239 36.02655792
v -51.12944412 35.35600662 -41.11869049
v -51.59087753 35.03000641 -40.86309814
v -21.28783798 52.07714844 42.04950714
v -28.13649559 52.07714844 37.89484787
v -31.18141747 48.82188416 42.06450653
v -1.34812164 63.17231369 7.46237326
v -2.19799662 62.44081116 14.63184071
v -21.17712593 57.48700714 28.36481667
v -16.05080986 57.48700714 31.47463417
v -13.16228580 59.58256149 25.64198112
v -18.76921654 54.97606659 36.96377945
v -24.78955650 54.97606659 33.31161118
v -10.47025013 57.48700714 33.66721725
v -16.61235619 45.24580383 54.33208466
v -25.61825180 45.24580383 50.79369736
v -27.38278389 41.38793564 54.35672760
v -37.88846970 48.82188416 36.22686005
v -41.18977737 45.24580383 39.42248535
v -1.34812582 63.17231369 -7.46237278
v -2.60449171 63.17231369 -7.20317936
v -7.00250578 62.44081116 -13.20382118
v -4.89525223 63.17231369 -6.06871700
v -13.16230011 59.58256149 -25.64197350
v -10.13518047 61.23985672 -19.52946854
v -8.61589050 59.58256149 -27.42824554
v -3.02895379 61.23985672 -21.64161873
v -9.15302944 62.44081116 -11.89923096
v -3.83190393 59.58256149 -28.41520119
v -10.47026825 57.48700714 -33.66721344
v -16.05082703 57.48700714 -31.47462654
v -24.78957367 54.97606659 -33.31159973
v -21.17714119 57.48700714 -28.36480522
v -18.76923752 54.97606659 -36.96376801
v -12.21543407 54.97606659 -39.53873825
v -34.17872620 52.07714844 -32.63584137
v -39.23840714 52.07714844 -26.42577553
v -34.54873276 54.97606659 -23.22967911
v -25.69981766 57.48700714 -24.42837715
v -30.10100174 54.97606659 -28.68866158
v -29.48705673 57.48700714 -19.78005600
v -28.85355377 37.29038239 -57.32650375
v -36.23596191 41.38793564 -48.98604965
v -27.38281250 41.38793564 -54.35671616
v 2.53507018 45.24580383 -56.60184097
v -7.13588047 45.24580383 -56.28711700
v 2.29200101 48.82188416 -52.01364136
v -18.68936729 37.29038239 -61.31998444
v -17.74518204 41.38793564 -58.14331436
v -7.99404430 37.29038239 -63.52647400
v -48.72309494 35.53333664 -43.75378799
v -49.02894974 35.71118546 -43.24585724
v -7.60392714 41.38793564 -60.23549652
v -30.01445007 32.99787140 -59.67063904
v -48.46131134 35.29119110 -44.26271057
v -47.72362137 33.41184998 -46.59882355
v -47.80782318 33.85718918 -46.16767883
v -47.91980743 34.27162170 -45.71784592
v -47.61001968 31.95205688 -47.75065994
v -47.62798309 32.45797348 -47.38889694
v -47.66491318 32.94529343 -47.00505066
v -21.45309258 22.04801750 -66.64866638
v -47.60864258 31.42719078 -48.09194946
v -47.72651672 29.21444702 -49.23120880
v -47.77777481 28.63750839 -49.46334457
v -48.51840973 19.42658424 -50.89919281
v -47.96047211 26.84927368 -50.04586029
v -47.89644241 27.45040512 -49.87151337
v -48.46380997 21.31614685 -50.86188889
v -48.42710495 21.94047928 -50.82812119
v -48.38302612 22.56369019 -50.78199387
v -48.21810532 24.41628838 -50.56169128
v -48.15568542 25.02839851 -50.45823669
v -48.09119034 25.63838768 -50.33827209
v -48.02579880 26.24497986 -50.20119095
v -47.83489990 28.04896164 -49.67674255
v -47.68223190 29.78354263 -48.97826004
v -54.05746460 31.56611061 40.67802429
v -19.43460464 32.99787140 63.82742691
v 2.74544621 41.38793564 60.57229614
v -61.06377029 32.99787140 -27.59443092
v -54.36679840 20.56789589 -44.62211990
v -54.22003555 19.99692154 -44.82646561
v -60.38047028 19.42658424 -36.19336700
v -38.19036865 37.29038239 51.66243362
v -41.18980026 45.24580383 -39.42246246
v -6.59501314 48.82188416 -51.72443008
v -16.61238480 45.24580383 -54.33207321
v 2.01885843 52.07714844 -46.85776901
v -13.83234119 52.07714844 -44.97874832
v -15.30334282 48.82188416 -49.92786407
v -21.28786087 52.07714844 -42.04949570
v -25.61828041 45.24580383 -50.79368210
v -49.38151550 35.81499863 -42.74638748
v -5.98722744 52.07714844 -46.59722900
v -43.50489807 48.82188416 -29.33346367
v -47.30163956 45.24580383 -31.92101288
v -23.57921028 48.82188416 -46.67630005
v -5.31915665 54.97606659 -40.96147156
v -50.58720016 41.38793564 -34.16017914
v 1.39457309 57.48700714 -35.07368851
v -60.89940262 41.38793564 -5.17739296
v -55.66706085 41.38793564 -25.13702774
v 2.92076898 37.29038239 63.88167572
v -62.78303146 28.55724144 28.37733841
v -67.80606842 24.01696205 17.65362358
v -47.91631699 34.25928879 45.73180008
v -54.63811874 29.83145714 -41.12302780
v -54.47492599 30.41152191 -40.95555496
v -69.82747650 24.01696205 5.94227743
v -69.82747650 24.01696205 -5.94223928
v -70.25271606 19.42658424 -5.42853069
v -54.97079468 28.07636452 -41.70840073
v -55.03328323 27.49339485 -41.92183304
v -68.57384491 19.42658424 -16.15500259
v -67.80607605 24.01696205 -17.65358734
v -55.07397842 26.91142464 -42.14148712
v -65.25650024 19.42658424 -26.49284363
v -55.09405899 26.32982826 -42.36613464
v -55.09459686 25.74940872 -42.59415436
v -57.99187088 24.01696205 -39.20659637
v -63.82217407 24.01696205 -28.85047340
v -55.07649231 25.16892815 -42.82482529
v -54.98780441 24.00888443 -43.28923416
v -54.91933060 23.43342590 -43.51926422
v -54.83575058 22.85879517 -43.74742508
v -54.73788071 22.28495789 -43.97275543
v -54.62655258 21.71188354 -44.19429016
v -54.50258255 21.13953972 -44.41106415
v -54.06306458 19.42658424 -45.02321243
v -54.77449036 29.24715996 -41.30639648
v 3.05915618 32.99787140 66.49385834
v -47.80537033 33.84505844 46.17987823
v -30.85279655 28.55724144 61.36355591
v -19.97282982 28.55724144 65.63825989
v -48.46492004 21.29975319 50.86214828
v -48.49280930 20.67562675 50.88437653
v -39.57567978 19.42658424 58.05376434
v -47.72224426 33.40150833 46.60812378
v -54.06306458 19.42658424 45.02321243
v -47.68406296 29.76283646 48.98791885
v -40.84716034 28.55724144 55.30059814
v -47.64802170 30.32449150 48.71375656
v -15.30331612 48.82188416 49.92787170
v -58.68310165 37.29038239 26.51042557
v -50.58718109 41.38793564 34.16020584
v -55.66704559 41.38793564 25.13705826
v -61.06375885 32.99787140 27.59446335
v -66.70159912 28.55724144 17.36409187
v -68.68985748 28.55724144 5.84481955
v -54.88261032 28.67696571 41.49660492
v -54.96886444 28.09321976 41.70183182
v -54.77219391 29.25924301 41.30208969
v -47.60972214 31.93292618 47.76365662
v -53.80375290 32.12650299 40.57833862
v -68.57384491 19.42658424 16.15500259
v -53.51427841 32.68037033 40.50944138
v -52.44701385 34.20716858 40.55581284
v -70.25271606 19.42658424 5.42853069
v -68.68985748 28.55724144 -5.84478235
v -54.06238556 31.55425453 -40.68049622
v -53.80827713 32.11709213 -40.57983780
v -52.02538681 34.64968109 40.67946243
v -52.03560638 34.63940048 -40.67654037
v -52.45508194 34.19728851 -40.55475235
v -66.80762482 32.99787140 5.68357277
v -64.87422180 32.99787140 16.88504982
v -62.34387207 37.29038239 16.22172737
v -51.11607742 35.36495209 41.12608719
v -50.64910889 35.61145401 41.45363617
v -66.80762482 32.99787140 -5.68353605
v -64.20132446 37.29038239 5.46029568
v -13.83231640 52.07714844 44.97875595
v 3.31797338 30.08306122 67.81061554
v -8.30193806 32.99787140 66.12413788
v -8.52431965 28.55724144 68.00012970
v -31.35951424 24.01696205 62.38674545
v -47.72902679 29.18808365 49.24228287
v -47.96207047 26.83592606 50.04940033
v -48.02709198 26.23445892 50.20360947
v -41.52052689 24.01696205 56.22269058
v -48.09236145 25.62888145 50.34017181
v -48.15689087 25.01822281 50.45998001
v -21.45500946 22.04737663 66.64813232
v -48.33460236 23.16466141 50.72463989
v -48.38467407 22.54476166 50.78324127
v -48.27927780 23.78352928 50.65181351
v -48.42849350 21.92296219 50.82875824
v -48.51099014 20.05108452 50.89643097
v -48.51841354 19.42658424 50.89919281
v -13.27987480 24.69312859 68.30461121
v -47.89853668 27.43206596 49.87699127
v -47.83765793 28.02293777 49.68560028
v -4.96382046 27.39373207 68.69559479
v -48.21964264 24.40213013 50.56375885
v -55.09481430 25.75430679 42.59204483
v -54.63579941 29.84104538 41.11991882
v -51.57956696 35.03971100 40.86757660
v -66.70160675 28.55724144 -17.36405563
v -62.78304672 28.55724144 -28.37730408
v -55.04048920 24.58732224 -43.05744553
v -13.27758789 24.69395638 -68.30496216
v -47.62702179 32.43959045 47.40264511
v -47.78075790 28.60775566 49.47456741
v -54.47167587 30.42238998 40.95240784
v -53.19903564 33.20343781 -40.47912979
v -52.84336853 33.71593475 -40.49141693
v -54.88507080 28.66087532 -41.50264740
v -4.96254110 27.39415932 -68.69551086
v -7.99400949 37.29038239 63.52647781
v -47.66365051 32.93117905 47.01660538
v -50.19397736 35.76926804 41.84365845
v -58.68311691 37.29038239 -26.51039505
v -53.52085876 32.66823196 -40.51078415
v -7.60389423 41.38793564 60.23550034
v -33.89108658 45.24580383 45.77508163
v -59.13817215 41.38793564 15.38136387
v -50.66355133 35.60468292 -41.44311905
v -60.89939880 41.38793564 5.17742586
v -59.13817978 41.38793564 -15.38133240
v -7.13584995 45.24580383 56.28712082
v -52.04850769 45.24580383 23.48934746
v -47.30162048 45.24580383 31.92103767
v -55.29210281 45.24580383 14.37313080
v -52.04852295 45.24580383 -23.48932076
v -55.29211426 45.24580383 -14.37310028
v -56.93788528 45.24580383 4.83805084
v -31.18144035 48.82188416 -42.06449127
v -33.89111328 45.24580383 -45.77506256
v -37.88848877 48.82188416 -36.22684097
v -56.93788910 45.24580383 -4.83801985
v -6.59498453 48.82188416 51.72443390
v -23.57918549 48.82188416 46.67631149
v -47.86698151 48.82188416 21.58527946
v -43.50487900 48.82188416 29.33348846
v -50.84764481 48.82188416 13.20803070
v -47.86699295 48.82188416 -21.58525276
v -50.84765244 48.82188416 -13.20800304
v -52.36001968 48.82188416 4.44587374
v -52.36001968 48.82188416 -4.44584513
v -5.98720169 52.07714844 46.59722900
v -43.16809464 52.07714844 19.44563103
v -39.23839188 52.07714844 26.42579651
v -34.17870712 52.07714844 32.63586044
v -45.85330200 52.07714844 11.89877987
v -43.16810608 52.07714844 -19.44560814
v -45.85330963 52.07714844 -11.89875507
v -47.21575928 52.07714844 4.00517511
v -47.21576309 52.07714844 -4.00514936
v -28.13651657 52.07714844 -37.89483261
v -4.59809256 57.48700714 -34.87866592
v -38.00314331 54.97606659 17.09375572
v -34.54871750 54.97606659 23.22969627
v -30.10098457 54.97606659 28.68867683
v -40.36358261 54.97606659 10.45966816
v -38.00315094 54.97606659 -17.09373474
v -40.36359024 54.97606659 -10.45964622
v -41.56125641 54.97606659 3.52076435
v -41.56126022 54.97606659 -3.52074170
v -17.33864212 59.58256149 -23.10844231
v -32.42848587 57.48700714 14.55532265
v -29.48704720 57.48700714 19.78007317
v -25.69980431 57.48700714 24.42839050
v -34.43840027 57.48700714 8.90640068
v -35.45821762 57.48700714 2.99792862
v -34.43840408 57.48700714 -8.90638256
v -32.42849350 57.48700714 -14.55530453
v -35.45821762 57.48700714 -2.99790931
v -8.61587524 59.58256149 27.42824936
v -17.33862877 59.58256149 23.10845184
v -26.50496674 59.58256149 11.85803413
v -21.02319717 59.58256149 19.90149689
v -24.10861588 59.58256149 16.11457062
v -28.14241982 59.58256149 7.25593042
v -28.97325134 59.58256149 2.44237399
v -28.14242363 59.58256149 -7.25591516
v -28.97325325 59.58256149 -2.44235826
v -26.50497437 59.58256149 -11.85801983
v -24.10862350 59.58256149 -16.11455727
v -21.02320862 59.58256149 -19.90148544
v -13.31597042 61.23985672 -17.59987831
v -10.13516998 61.23985672 19.52947426
v -6.67252731 61.23985672 20.88993454
v -13.31596088 61.23985672 17.59988594
v -16.12220573 61.23985672 15.15740013
v -20.29723740 61.23985672 9.03132915
v -18.47212601 61.23985672 12.27319717
v -21.54435539 61.23985672 5.52626991
v -22.17713547 61.23985672 1.86016357
v -20.29724312 61.23985672 -9.03131866
v -22.17713547 61.23985672 -1.86015165
v -21.54435921 61.23985672 -5.52625799
v -18.47213173 61.23985672 -12.27318764
v -16.12221336 61.23985672 -15.15739155
v -6.67253876 61.23985672 -20.88993073
v -7.00249815 62.44081116 13.20382500
v -4.66141510 62.44081116 14.12362862
v -9.15302277 62.44081116 11.89923573
v -11.05031776 62.44081116 10.24787807
v -13.87304592 62.44081116 6.10605764
v -12.63909149 62.44081116 8.29787636
v -14.71621799 62.44081116 3.73629618
v -15.14403915 62.44081116 1.25765157
v -15.14404011 62.44081116 -1.25764358
v -13.87304878 62.44081116 -6.10605049
v -14.71622086 62.44081116 -3.73628855
v -12.63909626 62.44081116 -8.29786968
v -11.05032349 62.44081116 -10.24787235
v -4.66142273 62.44081116 -14.12362671
v -2.60448766 63.17231369 7.20318031
v -4.89524889 63.17231369 6.06871939
v -5.86288691 63.17231369 5.22651196
v -6.67317629 63.17231369 4.23199320
v -7.73252964 63.17231369 1.90554535
v -7.95072222 63.17231369 0.64141387
v -7.95072269 63.17231369 -0.64140975
v -7.73253059 63.17231369 -1.90554142
v -6.67317867 63.17231369 -4.23198986
v -5.86288977 63.17231369 -5.22650862
v -48.56273270 17.46515465 50.85417557
v -48.91302490 16.67778969 50.51750565
v -49.19938660 16.41667366 50.24007034
v -48.67954636 17.02389336 50.74186325
v -49.83033752 16.06339455 49.61833954
v -49.51080322 16.21781349 49.93506241
v -50.80266953 15.71834373 48.62951660
v -50.15385437 15.93540001 49.29360580
v -50.47880173 15.82216072 48.96318817
v -51.44839478 15.54285336 47.95093536
v -51.77122498 15.49151230 47.60499954
v -51.12572098 15.62250900 48.29225159
v -52.70883560 15.72844696 46.57566833
v -52.41243744 15.55397606 46.90486526
v -52.09533310 15.48686695 47.25324249
v -52.70830536 15.72818661 -46.57626343
v -52.41250992 15.55405998 -46.90478134
v -52.93568802 16.05361366 -46.32201004
v -52.09466171 15.48691082 -47.25397873
v -51.76942062 15.49177456 -47.60694122
v -51.44641113 15.54329205 -47.95304489
v -50.80162430 15.71866703 -48.63060379
v -50.47776413 15.82299423 -48.96426010
v -51.12429810 15.62314224 -48.29375076
v -50.15329742 15.93583202 -49.29417419
v -49.82991028 16.06339073 -49.61875916
v -48.91302872 16.67779922 -50.51750946
v -49.19989395 16.41614151 -50.23957062
v -49.51021194 16.21804047 -49.93564224
v -48.67940140 17.02382278 -50.74199677
v -48.56273270 17.46515465 -50.85417557
v -52.93568802 16.05361366 46.32201004
v 89.90198517 58.10756302 -3.63191366
v 89.90199280 58.10754776 3.63221383
v 53.37412262 46.35733032 45.96764755
v 47.41613388 48.55743790 44.82682037
v 47.32898712 48.23745728 45.27925873
v 42.32627106 46.25012207 49.07086945
v 48.85744476 44.88920975 48.95270920
v 42.79898453 46.36030579 48.82368851
v 44.24576569 43.38999557 51.77431488
v 41.27575302 46.24911499 49.32457352
v 40.74579620 46.36831665 49.30754089
v 39.53647614 57.59711075 30.65120888
v 70.47704315 51.91462326 32.57583618
v 64.63343048 55.98981094 25.92061996
v 41.19510269 53.01937103 39.65516281
v 42.00522995 52.83217239 39.77334213
v 85.01535797 56.63179016 16.23181534
v 64.63343048 59.10620880 15.83947659
v 81.82933044 55.59914017 20.73333549
v 78.26935577 54.44444275 24.91365242
v 64.63343048 59.10620880 -15.83947659
v 69.24374390 60.15715027 -5.05210733
v 87.64450073 57.48335648 -11.34854412
v 73.66350555 59.82624435 1.28512144
v 89.72843170 58.24148560 3.64387083
v 73.81074524 59.82046890 0.50353301
v 41.20235825 53.01771545 -39.65619659
v 39.53647614 57.59711075 -30.65120888
v 42.01484680 52.82950211 -39.77546692
v 39.53647614 63.42383194 0.02313469
v 62.73850632 61.11480331 -0.36064526
v 62.76995087 61.10901642 -0.64838701
v 43.52352905 52.30176544 -40.27386856
v 62.12767792 49.20227432 -39.55707169
v 44.21097946 51.97388077 -40.63082886
v 39.53647614 53.19870377 -39.74569321
v 40.37408066 53.14361572 -39.64131546
v 44.84260178 51.61216736 -41.04454803
v 46.39460754 50.35104752 -42.56512070
v 45.93865967 50.79639435 -42.01919937
v 45.41976547 51.21829224 -41.50976944
v 46.78594971 49.88307571 -43.14470673
v 57.79814529 47.79525375 -42.83293152
v 47.10943604 49.39496231 -43.75421524
v 47.32928085 48.23755646 -45.27908325
v 47.41659927 48.55700684 -44.82731247
v 53.37425613 46.35737228 -45.96755981
v 47.35758209 48.89428329 -44.38385773
v 46.39325714 47.53667831 -46.44514465
v 46.79914093 47.71575165 -46.10616684
v 47.11694336 47.95306015 -45.71183395
v 44.24584198 43.39001846 -51.77427673
v 41.81252670 46.21164322 -49.24084854
v 48.85754013 44.88924026 -48.95264816
v 39.53647614 41.85947037 -54.41120529
v 39.53647614 46.99854660 -48.82240295
v 40.25976944 46.57179260 -49.17652130
v 40.74581528 46.36857224 -49.30720139
v 42.32707596 46.25024033 -49.07054138
v 42.79898453 46.36030579 -48.82368851
v 41.27572632 46.24933243 -49.32430267
v 42.78868103 52.58931351 -39.98477173
v 66.35867310 50.57681274 -36.14058304
v 70.47731781 51.91471100 -32.57559204
v 64.63343048 55.98981094 -25.92061996
v 74.46092987 53.20833969 -28.84357452
v 78.26968384 54.44454575 -24.91330528
v 81.82969666 55.59923172 -20.73295403
v 66.15323639 60.54989624 -4.70542669
v 66.90170288 60.44372177 -4.94266653
v 64.63343048 60.68889236 -5.32811403
v 64.18625641 60.85978699 -3.42918825
v 63.67235565 60.94778824 -2.83068228
v 85.01559448 56.63190460 -16.23129082
v 89.46424866 58.07236481 6.07610130
v 71.92981720 59.92079163 3.89327478
v 71.27601624 59.96862793 4.34106207
v 73.82784271 59.81979752 -0.29169834
v 89.72842407 58.24150467 -3.64356947
v 73.71426392 59.82422256 -1.08228648
v 69.04453278 60.17869186 5.07838058
v 68.25940704 60.26900482 5.11755419
v 74.46060944 53.20824814 28.84386253
v 44.20407486 51.97777557 40.62629700
v 66.35842133 50.57673645 36.14078140
v 43.51879120 52.30421448 40.27114868
v 45.93553925 50.79955292 42.01531219
v 62.12745667 49.20220566 39.55723953
v 45.41613388 51.22127151 41.50631714
v 40.36572266 53.14450836 39.64182281
v 39.53647614 53.19870377 39.74569321
v 42.78429413 52.59091949 39.98323441
v 44.83752060 51.61547470 41.04069138
v 46.39264297 50.35329437 42.56226730
v 57.79797745 47.79519653 42.83305359
v 46.78471375 49.88515091 43.14220428
v 47.10854340 49.39688873 43.75185013
v 47.35758209 48.89428329 44.38385773
v 47.11634445 47.95264435 45.71249771
v 46.79896927 47.71563339 46.10633087
v 46.39325714 47.53667831 46.44514465
v 41.81151581 46.21150208 49.24126053
v 39.49618530 41.84637451 54.43262100
v 39.53647614 46.99854660 48.82240295
v 40.25976944 46.57179260 49.17652130
v 65.96697235 60.57752609 4.62926579
v 64.63343048 60.68889236 5.32811403
v 66.70821381 60.47067261 4.89168787
v 70.75591278 60.01139450 -4.60925102
v 71.45218658 59.95531082 -4.23437071
v 89.46433258 58.07242584 -6.07539368
v 62.94927979 61.07629776 -1.42428124
v 70.01413727 60.07892609 -4.88215494
v 63.25392532 61.02149963 -2.15745139
v 65.44167328 60.65690994 -4.37206650
v 64.78217316 60.76132202 -3.94549799
v 67.67422485 60.34144211 -5.08039904
v 68.46052551 60.24507523 -5.11740494
v 72.08907318 59.91039276 -3.76064515
v 72.64860535 59.87599564 -3.19702077
v 73.11454010 59.85112381 -2.55278850
v 73.47431946 59.83428955 -1.84138513
v 73.39010620 59.83793259 2.03540134
v 73.00225067 59.85663605 2.72891474
v 72.50932312 59.88388443 3.35362577
v 70.56806946 60.02755737 4.68932533
v 87.64431000 57.48326111 11.34916592
v 69.81832123 60.09792709 4.93545485
v 67.47555542 60.36712646 5.05477047
v 65.26679230 60.68430710 4.27174711
v 64.62131500 60.78768539 3.82084060
v 64.04359436 60.88409805 3.28069806
v 39.53647614 62.76149750 10.57059669
v 63.55184937 60.96893311 2.66049147
v 63.16230011 61.03793335 1.96896815
v 62.74560165 61.11346436 0.43878567
v 62.88856506 61.08735657 1.22057033
v 39.53647614 60.80992126 -20.83380318
v 39.53647614 62.76813889 -10.52783012
v 39.53647614 60.80093765 20.86672783
v 26.21646500 49.90906143 -47.35649490
v 36.22940063 50.45172119 -44.88528061
v 36.38882828 50.09256744 -45.37739563
v 37.45770264 48.66096878 -47.14591599
v 37.13400650 49.01416397 -46.73725510
v 36.07352448 51.15866470 -43.85156250
v 36.08930588 51.49911118 -43.31940079
v 36.12244034 50.80760956 -44.37619400
v 12.89645576 55.45969772 -39.38955688
v 26.45110512 37.60559845 60.48516083
v 26.21646500 44.18433762 54.46113586
v 12.89645576 61.69942856 20.60094833
v 12.89645576 63.30236053 -10.41443157
v 26.21646500 54.77219391 39.20324707
v 36.08798599 51.49680328 43.32318497
v 36.17590332 51.82354736 42.78712082
v 26.21646500 49.90865326 47.35708618
v 37.82101059 48.30650711 47.53831482
v 37.46408463 48.65428925 47.15361786
v 36.23054504 50.44707870 44.89188004
v 36.39096069 50.08739090 45.38457108
v 36.07250214 51.15641785 43.85522842
v 12.89645576 59.06671906 30.33147049
v 12.89645576 63.30227661 10.41523075
v 12.89645576 63.84352112 0.00040388
v 26.21646500 63.84310532 0.00040196
v 12.89645576 59.06696320 -30.33074188
v 26.21646500 58.67528152 -30.18676567
v 26.21646500 61.52355957 -20.50238991
v 26.21646500 63.25761795 -10.36499596
v 12.89645576 61.69959259 -20.60017776
v 26.21646500 54.77253342 -39.20257950
v 26.21646500 61.52338028 20.50315857
v 26.21646500 63.25752640 10.36579132
v 38.92454147 53.18673325 39.90933609
v 36.84963226 49.36565018 46.31278229
v 37.13944626 49.00760269 46.74505615
v 36.59870148 49.72637939 45.85854340
v 12.89645576 55.45938110 39.39022827
v 37.32464981 52.85756302 40.83520126
v 37.80418777 53.01630402 40.45791626
v 12.89645576 50.96406937 47.58295441
v 36.12235260 50.80485153 44.38025284
v 36.34087753 52.12980652 42.25818634
v 26.21646500 58.67501831 30.18749046
v 38.34292984 53.12667847 40.14657593
v 36.91707611 52.65313339 41.26943207
v 38.20867538 47.96533203 47.89873123
v 39.06834793 47.30968475 48.54191971
v 38.62509918 47.63250351 48.23364639
v 26.21646500 37.72925568 60.36349487
v 37.80958939 53.01784134 -40.45415115
v 38.34607697 53.12741470 -40.14461899
v 38.92816544 53.18685532 -39.90829849
v 37.32893372 52.85947800 -40.83115387
v 36.92089081 52.65531921 -41.26513672
v 36.58971024 52.40985870 -41.74573517
v 12.89645576 50.96444702 -47.58235931
v 36.59590149 49.73155212 -45.85172653
v 36.34301376 52.13128662 -42.25552368
v 36.17689896 51.82421112 -42.78609085
v 36.84584427 49.37125778 -46.30580521
v 37.81521606 48.31213379 -47.53207397
v 38.20359421 47.96989822 -47.89397430
v 26.21646500 44.18481064 -54.46063232
v 38.62007523 47.63644028 -48.22987366
v 39.06385040 47.31274796 -48.53915024
v 26.21646500 37.72978210 -60.36308670
v 26.45249367 37.60606766 -60.48593903
v 36.58773041 52.40824127 41.74859238
v 45.82742691 47.51652145 42.23936081
v 41.30091476 46.04576874 48.23758316
v 46.14602661 47.62004089 42.83257294
v 46.47651291 47.72742462 44.14495087
v 42.56641006 46.45695496 48.50690079
v 46.47885132 47.72818375 44.82621002
v 40.19348526 45.68594360 47.53958130
v 40.71889114 45.85665894 47.93823624
v 45.41789246 47.38345718 41.71144485
v 39.09795380 45.32998276 45.87520218
v 39.37113953 45.41874695 46.49295044
v 43.77299118 46.84899521 40.65991974
v 44.37562561 47.04480362 40.91015244
v 39.73986816 45.53855515 47.05313873
v 44.92925644 47.22468948 41.26406479
v 43.13876343 46.64292145 40.52059937
v 42.49125671 46.43253326 40.49621582
v 38.92819595 45.27482605 45.21773529
v 40.65476990 45.83582306 41.10308838
v 39.07284927 45.32182693 43.19934082
v 41.23106003 46.02307129 40.79172897
v 41.84917450 46.22391129 40.58746719
v 38.91546249 45.27068710 43.86020279
v 38.86677551 45.25486755 44.53953934
v 39.33439255 45.40680695 42.57604980
v 40.13694382 45.66757202 41.51256561
v 39.69253922 45.52317429 42.00832367
v 41.92274094 46.24781036 48.42898178
v 46.36449432 47.69102478 43.47394180
v 46.37144470 47.69328308 45.49804688
v 46.15739059 47.62373352 46.14105988
v 43.74847794 47.35758591 40.17815399
v 41.87080383 52.36623001 40.01855469
v 43.02893829 47.12379456 40.02239227
v 40.41797256 46.27544022 48.42537689
v 39.81167221 46.07844162 47.98919296
v 39.74897003 46.71563339 48.11082840
v 39.57832718 52.80886459 39.98789978
v 42.29467010 46.88521576 39.99806213
v 40.35240936 52.72966003 39.89268875
v 41.12093353 52.57904434 39.90688705
v 42.58432770 52.10420227 40.20975113
v 41.56723022 46.64885712 40.10587311
v 39.01200104 52.81487274 40.13689041
v 44.43217468 47.57973099 40.46077347
v 40.86796570 46.42164993 40.34266663
v 43.25919724 51.79799652 40.47196960
v 45.05995178 47.78371048 40.86195755
v 38.47311783 52.76976395 40.35717010
v 43.88833237 51.45513916 40.79316711
v 40.21740723 46.21027374 40.70148468
v 44.46889496 51.08018494 41.16476822
v 37.97591782 52.67144394 40.64729691
v 45.61338806 47.96353149 41.36992645
v 37.53686142 52.52061462 41.00075150
v 44.99942780 50.67650223 41.58113861
v 46.07623672 48.11392212 41.96976852
v 39.63465118 46.02092361 41.17180252
v 45.47631836 50.24892807 42.03426361
v 45.89814758 49.79933929 42.52074432
v 37.16887665 52.32046890 41.40701675
v 36.87956238 52.07831955 41.85181046
v 39.13679504 45.85916138 41.73981476
v 38.73846054 45.72973251 42.38883972
v 46.43491364 48.23046112 42.64388275
v 36.67111206 51.80121994 42.32105637
v 46.26183319 49.33105087 43.03533173
v 46.56396866 48.84686279 43.57414246
v 46.67889023 48.30973434 43.37247849
v 36.54046249 51.49741364 42.80222702
v 46.80100250 48.34941101 44.13417053
v 36.48188400 51.17447281 43.28428650
v 38.45133591 45.63644028 43.09983826
v 36.48854446 50.83732605 43.76077271
v 38.28384781 45.58201981 43.85193253
v 36.55330276 50.49076843 44.22642136
v 38.24091721 45.56807327 44.62305069
v 36.83113861 49.78385925 45.11114883
v 36.66932297 50.13890076 44.67705536
v 38.32380295 45.59500122 45.39055634
v 37.03383636 49.42771912 45.52709198
v 37.27320099 49.07220840 45.92370605
v 38.53006744 45.66202164 46.13192368
v 37.54559326 48.71901321 46.30021667
v 37.84831619 48.36929321 46.65633011
v 38.17903519 48.02418137 46.99153519
v 38.85366058 45.76716232 46.82538605
v 39.28508377 45.90734100 47.45059586
v 38.53582001 47.68491745 47.30529022
v 38.91716385 47.35279846 47.59700394
v 39.32183456 47.02925873 47.86583710
v 44.92925644 47.22468948 -41.26406479
v 45.41789246 47.38345718 -41.71144485
v 45.82742691 47.51652145 -42.23936081
v 46.14602661 47.62004089 -42.83257294
v 44.37562561 47.04480362 -40.91015244
v 46.36449432 47.69102478 -43.47394180
v 43.77299118 46.84899521 -40.65991974
v 46.47651291 47.72742462 -44.14495087
v 43.13876343 46.64292145 -40.52059937
v 46.47885132 47.72818375 -44.82621002
v 42.49125671 46.43253326 -40.49621582
v 41.84917450 46.22391129 -40.58746719
v 46.37144470 47.69328308 -45.49804688
v 46.15739059 47.62373352 -46.14105988
v 41.23106003 46.02307129 -40.79172897
v 40.65476990 45.83582306 -41.10308838
v 40.13694382 45.66757202 -41.51256561
v 39.69253922 45.52317429 -42.00832367
v 39.33439255 45.40680695 -42.57604980
v 42.56641006 46.45695496 -48.50690079
v 38.91546249 45.27068710 -43.86020279
v 39.07284927 45.32182693 -43.19934082
v 41.92274094 46.24781036 -48.42898178
v 38.92819595 45.27482605 -45.21773529
v 38.86677551 45.25486755 -44.53953934
v 40.19348526 45.68594360 -47.53958130
v 39.73986816 45.53855515 -47.05313873
v 39.37113953 45.41874695 -46.49295044
v 39.09795380 45.32998276 -45.87520218
v 41.30091476 46.04576874 -48.23758316
v 40.71889114 45.85665894 -47.93823624
v 38.28384781 45.58201981 -43.85193253
v 36.48760986 50.83773422 -43.76031494
v 36.48095322 51.17494583 -43.28379440
v 40.34185028 52.73112869 -39.89336395
v 42.29467010 46.88521576 -39.99806213
v 41.56723022 46.64885712 -40.10587311
v 38.24091721 45.56807327 -44.62305069
v 36.55228424 50.49135971 -44.22584152
v 36.66848755 50.13916397 -44.67695236
v 38.45133591 45.63644028 -43.09983826
v 36.83042526 49.78406525 -45.11109924
v 36.53961563 51.49818802 -42.80112839
v 38.32380295 45.59500122 -45.39055634
v 38.73846054 45.72973251 -42.38883972
v 38.53006744 45.66202164 -46.13192368
v 37.27257919 49.07243347 -45.92356491
v 37.03315735 49.42797089 -45.52693558
v 37.84799194 48.36942673 -46.65631104
v 37.54517746 48.71909714 -46.30022049
v 38.85366058 45.76716232 -46.82538605
v 38.17876434 48.02444458 -46.99148178
v 39.28508377 45.90734100 -47.45059586
v 38.53578949 47.68509293 -47.30540466
v 39.32193375 47.02939606 -47.86585617
v 38.91730499 47.35291290 -47.59716797
v 39.74906921 46.71572495 -48.11075592
v 39.81167221 46.07844162 -47.98919296
v 40.41797256 46.27544022 -48.42537689
v 36.87937164 52.07913208 -41.85039520
v 36.67045975 51.80207443 -42.31988907
v 39.13679504 45.85916138 -41.73981476
v 37.16933060 52.32148743 -41.40526199
v 37.53796768 52.52133179 -40.99922180
v 39.63465118 46.02092361 -41.17180252
v 37.97771835 52.67171860 -40.64599991
v 40.21740723 46.21027374 -40.70148468
v 38.47494888 52.77000046 -40.35645294
v 40.86796570 46.42164993 -40.34266663
v 39.01387405 52.81454086 -40.13660812
v 39.57823181 52.80923080 -39.98733902
v 44.43217468 47.57973099 -40.46077347
v 43.74847794 47.35758591 -40.17815399
v 42.55287170 52.11660385 -40.20030975
v 43.02893829 47.12379456 -40.02239227
v 41.09869766 52.58358765 -39.90637970
v 41.84274673 52.37513733 -40.01299667
v 44.98057938 50.69177246 -41.56504822
v 45.61338806 47.96353149 -41.36992645
v 44.44580078 51.09599304 -41.14881897
v 43.22864151 51.81254196 -40.45907974
v 43.86222458 51.47011948 -40.77857971
v 45.05995178 47.78371048 -40.86195755
v 46.43491364 48.23046112 -42.64388275
v 46.07623672 48.11392212 -41.96976852
v 45.88877106 49.81031036 -42.50887299
v 45.46301651 50.26166153 -42.02071381
v 46.67889023 48.30973434 -43.37247849
v 46.25633621 49.33859253 -43.02697754
v 46.56273651 48.84906387 -43.57165909
v 46.80100250 48.34941101 -44.13417053
v -52.10018921 16.21446609 -45.17934418
v -52.68320465 17.88023758 -45.33436966
v -53.21338272 19.58744240 -44.78033447
v -51.98788834 16.25095558 -44.42797470
v -53.49914169 20.61585999 -44.45082855
v -53.62998199 21.13062286 -44.27793503
v -52.09038544 16.21765327 -45.94208908
v -54.25820541 28.43899155 -41.67567444
v -54.18831253 28.96759796 -41.50925446
v -50.42747879 16.75796318 -41.91835022
v -51.41214752 16.43802452 -43.03312683
v -51.75643158 16.32616043 -43.70502472
v -54.14107513 23.71601677 -43.35672760
v -52.48099518 33.55838394 -40.72674942
v -52.14583969 34.00098038 -40.79113388
v -47.00647736 17.86951256 -41.07398605
v -53.50918579 31.58886909 -40.85342026
v -48.44437408 17.40231323 -41.03897095
v -49.14811325 17.17365456 -41.21229553
v -49.41547012 35.41693878 -42.80963516
v -44.55849075 18.66491318 -42.57715225
v -49.76884842 35.45874023 -42.37922668
v -50.97904968 35.06099701 -41.32128143
v -45.66132355 18.30658150 -41.60651779
v -51.38879013 34.76548386 -41.08297729
v -43.53744507 18.99667168 -45.35949326
v -48.09040833 33.89186478 -45.40906525
v -47.98038864 33.50373840 -45.79529572
v -43.62035370 18.96973228 -44.60648727
v -43.82219696 18.90415001 -43.87840652
v -48.59121704 34.86960983 -44.14993668
v -47.71747589 30.78726006 -47.71731567
v -44.00912857 18.84341240 -47.56013870
v -47.72534561 31.27417755 -47.44379425
v -47.82683182 32.66118240 -46.51161194
v -47.77805710 32.21294403 -46.84124374
v -43.73435974 18.93268967 -46.85760880
v -47.80244064 28.22771454 -48.82262421
v -44.87188339 18.56308556 -48.77062225
v -47.77320862 28.75303841 -48.63507080
v -47.73060989 29.78526497 -48.21052170
v -47.74886703 29.27246094 -48.43114090
v -44.39240646 18.71887589 -48.20455933
v -45.43484116 18.38016891 -49.24430466
v -47.94737625 26.08074570 -49.41978836
v -47.98608017 25.53521919 -49.53333664
v -47.87117767 27.16222000 -49.15081024
v -48.06064224 24.43661880 -49.72122192
v -48.09495544 23.88423920 -49.79663849
v -46.06579208 18.17516136 -49.61238098
v -48.02409744 24.98705673 -49.63364029
v -46.74697495 17.95383072 -49.86415482
v -48.12628937 23.33022690 -49.86046982
v -48.15390015 22.77485847 -49.91330719
v -48.17705536 22.21839714 -49.95576859
v -48.19500351 21.66108894 -49.98849106
v -48.20700455 21.10316086 -50.01216125
v -48.21225739 20.54483986 -50.02749634
v -47.45913315 17.72243690 -49.99223328
v -48.20992279 19.98634720 -50.03525925
v -48.19939804 19.42788506 -50.03621674
v -48.18205261 17.48754501 -49.99275208
v -47.90879440 26.62322044 -49.29242706
v -47.83542252 27.69722748 -48.99434662
v -47.71971130 30.29055023 -47.97274399
v -47.74491501 31.74995232 -47.15187836
v -43.57571030 18.98423767 -46.11703491
v -47.89344406 33.09238434 -46.16294098
v -48.22668457 34.25248337 -45.00495148
v -48.39241028 34.58059692 -44.58450317
v -48.82648087 35.11164856 -43.70497894
v -44.13813782 18.80149460 -43.19485474
v -49.10064697 35.29785156 -43.25542068
v -50.15501785 35.41405869 -41.97869492
v -45.07112885 18.49834633 -42.04271317
v -50.56304932 35.28051758 -41.62195969
v -46.31216431 18.09510994 -41.28068924
v -51.78036118 34.40749359 -40.90762711
v -47.72530365 17.63595200 -40.99275208
v -53.05591965 32.60140228 -40.72587967
v -52.78423309 33.08934784 -40.70734787
v -53.29715729 32.09996796 -40.77627182
v -53.69371414 31.07104111 -40.95290375
v -49.81687927 16.95635796 -41.50858307
v -53.85235214 30.54861832 -41.07110596
v -54.09822845 29.49587631 -41.35169601
v -53.98670578 30.02317429 -41.20490265
v -54.34178543 27.38262177 -42.02878189
v -54.30900955 27.91055107 -41.84931564
v -54.35753250 26.85547638 -42.21279907
v -50.96469879 16.58341026 -42.43153763
v -54.34148407 25.80422974 -42.59011078
v -54.35715103 26.32930183 -42.40024567
v -54.31132126 25.28034019 -42.78149414
v -54.26740265 24.75767517 -42.97356033
v -54.21044159 24.23623848 -43.16554260
v -54.05991364 23.19696808 -43.54645538
v -53.96761703 22.67901230 -43.73406982
v -53.86479950 22.16205406 -43.91893768
v -53.75205612 21.64597130 -44.10043335
v -53.36009216 20.10152245 -44.61849976
v -49.98699570 16.38452911 -42.31563187
v -49.44363022 16.56107903 -41.95088196
v -44.69863510 18.10282135 -48.00971222
v -44.35138702 18.21564865 -43.52935410
v -45.70380783 17.77622032 -42.06656647
v -45.17546463 17.94789124 -42.46990585
v -44.72017670 18.09582329 -42.96229553
v -46.28964615 17.58587074 -41.76401520
v -44.08042908 18.30368996 -44.15349960
v -43.91481781 18.35749817 -44.81640244
v -46.91574478 17.38243866 -41.57100677
v -43.85903549 18.37562370 -45.50000000
v -47.56381607 17.17186737 -41.49308777
v -48.84943771 16.75414276 -41.68754578
v -44.07483292 18.30550766 -46.82941437
v -44.33911896 18.21963501 -47.44743347
v -48.21377563 16.96068382 -41.53213120
v -43.91345596 18.35794258 -46.17604446
v -45.66015625 17.79040527 -48.90546036
v -50.46403885 16.22952843 -42.77130127
v -45.14319611 17.95837402 -48.50041580
v -51.16713715 16.00107765 -43.90082550
v -50.86117935 16.10049057 -43.30479431
v -46.23438263 17.60382652 -49.21299744
v -51.47373962 15.90145683 -45.21097183
v -48.12985611 16.98794937 -49.47941971
v -51.46581650 15.90403080 -45.88766861
v -51.37325668 15.93410587 -44.54232788
v -46.84865570 17.40423775 -49.41412735
v -47.48653793 17.19697762 -49.50382233
v -50.80865097 16.11755753 -47.77746582
v -51.12882614 16.01352692 -47.18901825
v -49.91125107 16.40913963 -48.74367523
v -49.35979080 16.58831978 -49.09393692
v -51.34981918 15.94172096 -46.55312729
v -48.76027679 16.78311348 -49.34151077
v -50.39886856 16.25070381 -48.30065155
v -48.15378571 22.77491570 49.91331482
v -48.12612915 23.33029938 49.86058426
v -46.74674988 17.95390511 49.86420822
v -48.19939804 19.42788506 50.03621674
v -48.21000671 19.98634911 50.03520966
v -47.45923233 17.72240448 49.99230957
v -48.18205261 17.48754501 49.99275208
v -47.82621002 32.66176224 46.51163483
v -47.89272690 33.09310913 46.16293335
v -43.57461548 18.98459244 46.10969543
v -44.38885880 18.72002983 48.19959641
v -44.86891556 18.56404877 48.76778793
v -47.77313614 28.75313377 48.63512802
v -49.41536331 35.41772461 42.80902863
v -49.76902390 35.45902252 42.37878036
v -44.56637192 18.66235161 42.56725693
v -48.59059143 34.87096405 44.14922333
v -43.62232590 18.96909142 44.59589005
v -48.39165497 34.58189774 44.58401871
v -52.48085785 33.55672073 40.72851562
v -52.78399277 33.08818436 40.70890808
v -47.74288940 17.63023949 40.99221420
v -51.39009476 34.76348114 41.08348465
v -46.32763290 18.09008408 41.27452850
v -45.67385483 18.30250931 41.59869766
v -49.83206177 16.95142555 41.51685715
v -54.09804916 29.49584389 41.35195160
v -54.18819809 28.96756363 41.50929642
v -53.69329071 31.07079887 40.95365143
v -49.16720581 17.16745186 41.21864319
v -53.50871277 31.58848000 40.85435486
v -50.97323990 16.58063507 42.44116211
v -54.35733032 26.85550117 42.21300125
v -54.35692978 26.32933235 42.40045166
v -54.30886078 27.91051102 41.84930801
v -50.43982697 16.75395012 41.92826080
v -54.25809479 28.43894577 41.67559814
v -54.34128571 25.80426216 42.59030914
v -54.31114960 25.28037262 42.78168106
v -51.41713715 16.43640327 43.04098129
v -54.21028900 24.23627090 43.16569519
v -54.14094925 23.71604538 43.35686493
v -54.26724625 24.75770569 42.97372818
v -54.05986023 23.19697952 43.54656219
v -51.75890350 16.32535744 43.71068192
v -53.96762466 22.67900467 43.73413086
v -53.86486435 22.16202354 43.91895294
v -53.75216293 21.64592552 44.10041809
v -51.98882675 16.25065041 44.43122482
v -53.63007355 21.13057899 44.27791214
v -53.49919128 20.61583328 44.45080566
v -53.21338272 19.58744240 44.78033447
v -53.36011124 20.10150337 44.61845779
v -52.10037994 16.21440506 45.18214417
v -52.68320465 17.88023758 45.33436966
v -52.09038544 16.21765327 45.94208908
v -54.34165573 27.38261986 42.02889633
v -53.98638916 30.02310562 41.20536423
v -53.85198593 30.54848099 41.07169342
v -48.46415329 17.39588547 41.04208755
v -53.05556488 32.60060120 40.72725677
v -53.29666138 32.09937668 40.77745438
v -52.14616394 33.99896622 40.79275894
v -47.02390671 17.86385155 41.07043457
v -51.78112793 34.40512466 40.90904617
v -50.98056030 35.05983734 41.32080078
v -45.08115768 18.49508858 42.03372955
v -50.56417465 35.28034973 41.62094498
v -50.15553665 35.41452789 41.97772980
v -44.14413834 18.79954529 43.18412781
v -49.10047913 35.29892731 43.25458527
v -43.82644653 18.90276909 43.86680222
v -48.82589722 35.11319733 43.70415497
v -48.22578430 34.25378799 45.00471497
v -43.53758240 18.99662590 45.35066986
v -48.08956146 33.89294052 45.40892792
v -47.97955704 33.50466156 45.79526138
v -43.73237991 18.93333244 46.85139084
v -47.74440002 31.75036812 47.15199280
v -47.77750397 32.21342468 46.84130096
v -47.72490311 31.27450943 47.44390869
v -44.00638962 18.84430122 47.55468750
v -47.71715927 30.78751945 47.71741867
v -47.71953964 30.29076767 47.97285843
v -47.73056412 29.78544617 48.21064758
v -47.74883652 29.27261162 48.43127823
v -47.83522415 27.69735336 48.99448013
v -47.80228043 28.22782135 48.82270050
v -45.43292618 18.38079262 49.24312592
v -47.87097549 27.16234207 49.15093231
v -47.94717407 26.08085823 49.41991425
v -47.90859222 26.62334633 49.29257584
v -47.98588181 25.53532600 49.53346634
v -46.06485367 18.17546654 49.61209106
v -48.02390289 24.98715591 49.63376617
v -48.06045532 24.43670845 49.72134399
v -48.09477615 23.88432312 49.79677200
v -48.17701721 22.21843719 49.95561600
v -48.19502640 21.66111565 49.98824310
v -48.20704269 21.10318184 50.01191330
v -48.21229553 20.54485512 50.02733612
v -49.98699570 16.38452911 48.68436813
v -49.44363022 16.56107903 49.04911804
v -44.69863510 18.10282135 42.99028778
v -44.35138702 18.21564865 47.47064590
v -45.70380783 17.77622032 48.93343353
v -45.17546463 17.94789124 48.53009415
v -44.72017670 18.09582329 48.03770447
v -46.28964615 17.58587074 49.23598480
v -44.08042908 18.30368996 46.84650040
v -43.91481781 18.35749817 46.18359756
v -46.91574478 17.38243866 49.42899323
v -43.85903549 18.37562370 45.50000000
v -47.56381607 17.17186737 49.50691223
v -48.84943771 16.75414276 49.31245422
v -44.07483292 18.30550766 44.17058563
v -44.33911896 18.21963501 43.55256653
v -48.21377563 16.96068382 49.46786880
v -43.91345596 18.35794258 44.82395554
v -45.66015625 17.79040527 42.09453964
v -50.46403885 16.22952843 48.22869873
v -45.14319611 17.95837402 42.49958420
v -51.16713715 16.00107765 47.09917450
v -50.86117935 16.10049057 47.69520569
v -46.23438263 17.60382652 41.78700256
v -51.47373962 15.90145683 45.78902817
v -48.12985611 16.98794937 41.52058029
v -51.46581650 15.90403080 45.11233139
v -51.37325668 15.93410587 46.45767212
v -46.84865570 17.40423775 41.58587265
v -47.48653793 17.19697762 41.49617767
v -50.80865097 16.11755753 43.22253418
v -51.12882614 16.01352692 43.81098175
v -49.91125107 16.40913963 42.25632477
v -49.35979080 16.58831978 41.90606308
v -51.34981918 15.94172096 44.44687271
v -48.76027679 16.78311348 41.65848923
v -50.39886856 16.25070381 42.69934845
v 66.23254395 60.13409805 -4.19577932
v 67.33583832 55.02158356 -3.80737495
v 67.97282410 55.22855377 -4.15706396
v 66.90287781 60.00976944 -4.41017056
v 67.59492493 59.88804245 -4.53947544
v 68.65567780 55.45042419 -4.38986397
v 69.36486816 55.68085480 -4.49969673
v 70.08182526 55.91381073 -4.48371983
v 68.29792786 59.77166367 -4.58164930
v 70.78695679 56.14292145 -4.34200764
v 69.69625854 59.56258011 -4.40111780
v 69.00237274 59.66247177 -4.53612089
v 71.45993805 56.36158752 -4.07840443
v 72.08149719 56.56354141 -3.70051479
v 71.00524902 59.39571762 -3.86194944
v 70.36870575 59.47332001 -4.17584848
v 72.63366699 56.74295044 -3.21990347
v 73.10230255 56.89522171 -2.64860511
v 72.11376953 59.27760696 -2.97658849
v 71.59111023 59.33055878 -3.46030116
v 72.90788269 59.20703506 -1.79554677
v 73.73778534 57.10170364 -1.30087817
v 73.15232849 59.18764114 -1.12551689
v 72.55735779 59.23666763 -2.41831088
v 73.47396851 57.01598358 -2.00263977
v 73.88658142 57.15005112 -0.56255549
v 73.28219604 59.17780685 -0.42458391
v 73.18598938 59.18522644 0.99549276
v 73.61809540 57.06281281 1.66224790
v 72.96157074 59.20277023 1.67442143
v 73.29401398 59.17703247 0.28965831
v 73.91632843 57.15971756 0.19087154
v 73.82605743 57.13038254 0.93952709
v 70.43272400 56.02782440 4.42918634
v 69.13336182 59.64305496 4.51801825
v 69.82431793 59.54507446 4.36639977
v 72.20462799 59.26930618 2.87719703
v 72.87676239 56.82194138 2.94763660
v 71.69580078 59.31989670 3.37604523
v 68.42977142 59.75054550 4.58041525
v 69.71958923 55.79611206 4.50750780
v 67.72539520 59.86585236 4.55382109
v 69.00478363 55.56385803 4.46001959
v 68.30735016 55.33724594 4.28776884
v 67.03035736 59.98671341 4.44069433
v 67.68343353 55.13452530 4.01587152
v 66.35644531 60.11045074 4.24206209
v 66.59858704 54.78203583 3.18605375
v 64.56182098 60.46986771 3.15112591
v 65.10929871 60.35577393 3.59514475
v 67.10990143 54.94817352 3.64580321
v 65.71208191 60.23464203 3.95936441
v 65.81096649 54.52612305 2.04492211
v 65.55390930 54.44260025 1.39164567
v 63.68617249 60.65982819 2.04569626
v 66.16204834 54.64019775 2.64799690
v 64.08261871 60.57266235 2.63265562
v 63.20120621 60.76916504 0.71179140
v 65.34457397 54.37458420 0.00000000
v 63.13819504 60.78357315 -0.00000017
v 63.38808441 60.72667313 1.40044606
v 65.39720154 54.39168167 0.70513970
v 70.49034119 59.45801926 4.12479877
v 71.12411499 56.25246811 4.22680664
v 71.11949158 59.38277054 3.79364061
v 71.77419281 56.46369171 3.90572762
v 72.36405182 56.65534973 3.47512150
v 72.63074493 59.23048401 2.30676818
v 73.29857635 56.95899582 2.33791757
v 65.59571838 60.25782013 -3.89816141
v 66.76367950 54.83567810 -3.35100961
v 65.00267792 60.37784195 -3.51876974
v 64.46601868 60.49033356 -3.06065607
v 66.27304840 54.67626190 -2.80176497
v 63.99977493 60.59098053 -2.52768540
v 65.87607574 54.54727936 -2.17406154
v 65.58377075 54.45230484 -1.48479390
v 63.62033463 60.67476654 -1.92792678
v 63.34373474 60.73680115 -1.27520847
v 65.40476990 54.39414215 -0.75324845
v 63.17961884 60.77413177 -0.58110094
v 67.46848297 54.54812622 3.18436623
v 68.01184845 54.72467804 3.54911637
v 72.75684357 56.26641846 -2.50971198
v 73.10409546 56.37924957 1.97064602
v 71.75167084 55.93981934 3.43343306
v 72.28001404 56.11148834 3.03009367
v 72.73530579 56.25942230 2.53770542
v 71.16583252 55.74946976 3.73598599
v 73.37505341 56.46728897 1.34650159
v 73.54066467 56.52109909 0.68359613
v 70.53973389 55.54603577 3.92899489
v 73.59644318 56.53922272 -0.00000005
v 69.89166260 55.33546448 4.00691319
v 68.60604095 54.91774368 3.81245399
v 73.38064575 56.46910477 -1.32941544
v 73.11635590 56.38323212 -1.94743383
v 69.24170685 55.12428284 3.96786714
v 73.54202271 56.52154160 -0.67604345
v 71.79532623 55.95400238 -3.40545964
v 66.99143982 54.39312744 2.72870064
v 72.31227875 56.12197495 -3.00041533
v 66.28834534 54.16467667 1.59917426
v 66.59429932 54.26408768 2.19520473
v 71.22109985 55.76742554 -3.71299672
v 65.98174286 54.06505585 0.28902927
v 69.32562256 55.15155029 -3.97941995
v 65.98966217 54.06763077 -0.38766718
v 66.08222198 54.09770584 0.95767039
v 70.60682678 55.56783676 -3.91412759
v 69.96894073 55.36057663 -4.00382376
v 66.64682770 54.28115463 -2.27746439
v 66.32665253 54.17712402 -1.68901885
v 67.54422760 54.57273865 -3.24367356
v 68.09568787 54.75191879 -3.59393597
v 66.10565948 54.10531998 -1.05312908
v 68.69520569 54.94671249 -3.84151125
v 67.05661011 54.41430283 -2.80065131
v -51.87572861 16.00862885 46.33542252
v -51.62529373 15.96163845 46.76706696
v -51.35741425 15.98626137 47.19075775
v -51.07163620 16.05074883 47.59831619
v -50.76580048 16.13895988 47.98639679
v -50.43883896 16.24220467 48.35295105
v -50.09070206 16.35650063 48.69598007
v -49.34296417 16.62890625 49.30673981
v -49.72410965 16.48365593 49.01456070
v -48.95417023 16.80465698 49.57093430
v -48.52040863 17.07054329 49.82975006
v -48.45115280 17.12710381 -49.86731339
v -48.80388260 16.88509560 -49.66487122
v -49.53536224 16.55325127 -49.16370010
v -49.17089462 16.70212555 -49.42754745
v -49.88956070 16.42534256 -48.87590790
v -50.22880554 16.31082916 -48.56534195
v -50.55037689 16.20644379 -48.23316193
v -51.88890839 16.01405907 -46.31176758
v -51.65386200 15.96230602 -46.71943283
v -51.40318680 15.97873878 -47.12120438
v -51.13680267 16.03387451 -47.50928879
v -50.85298157 16.11268997 -47.88061142
v 46.83098984 48.14336014 44.63215256
v 46.72510529 47.94561768 45.15027237
v 46.49689484 47.76954651 45.66040039
v 40.90518951 46.21418762 48.59085846
v 41.44589233 46.22688675 48.65657043
v 42.00756836 46.30954361 48.62779999
v 40.90395355 46.21419525 -48.59081268
v 41.44505310 46.22678757 -48.65663147
v 42.00740814 46.30950165 -48.62776566
v 46.83082962 48.14286804 -44.63318634
v 46.72482681 47.94534683 -45.15089417
v 46.49655151 47.76929092 -45.66114044
v 73.39492035 59.64159393 -0.13998385
v 73.31100464 59.64643097 -0.86885792
v 73.11017609 59.65856934 -1.57269681
v 72.79616547 59.67886353 -2.23728848
v 72.38154602 59.70814514 -2.84461784
v 71.87637329 59.74757767 -3.38065791
v 71.29413605 59.79787445 -3.83808851
v 70.65317535 59.85921860 -4.20496416
v 69.96234894 59.93209076 -4.47990561
v 69.24081421 60.01526260 -4.65902901
v 68.50157166 60.10799789 -4.73993874
v 67.75476837 60.20886993 -4.72414923
v 67.01833344 60.31524658 -4.61207294
v 66.29985046 60.42545700 -4.40393400
v 65.61532593 60.53602600 -4.10309935
v 64.97754669 60.64388275 -3.71075201
v 64.40032196 60.74530792 -3.23134899
v 63.90093231 60.83593750 -2.67063522
v 63.49395370 60.91170883 -2.03715420
v 63.19728088 60.96800232 -1.34412813
v 73.35798645 59.64372253 0.58907002
v 73.20181274 59.65295029 1.30296969
v 72.93065643 59.66996765 1.98586273
v 72.55486298 59.69557571 2.61517692
v 72.08296967 59.73094559 3.18111396
v 71.53155518 59.77672195 3.66856313
v 70.91116333 59.83379364 4.07173014
v 70.24030304 59.90188217 4.38298941
v 69.52983856 59.98110199 4.59949064
v 68.79610443 60.07012939 4.71971226
v 68.05220032 60.16783905 4.74207640
v 67.30873871 60.27249908 4.66794062
v 66.58285522 60.38129807 4.49825764
v 65.88175964 60.49238968 4.23294783
v 65.22266388 60.60188293 3.87636209
v 64.61996460 60.70630264 3.43018317
v 64.08551788 60.80214691 2.89811420
v 63.64070129 60.88418961 2.29234052
v 63.29849625 60.94868851 1.61770701
v 63.07462692 60.99155045 0.89619595
v 62.98202515 61.00939941 0.14567809
v 46.55328369 47.75745010 46.01527405
v 46.77468872 47.92459488 45.69690704
v 46.92906189 48.11267090 45.36190414
v 47.01040268 48.31396103 45.02149963
v 46.93293762 48.71540451 44.38109589
v 47.01234055 48.51957703 44.68802261
v 45.14130783 51.01593781 41.64526749
v 44.59739304 51.41067886 41.19684601
v 46.05258942 50.15184402 42.65631104
v 46.41441345 49.68862152 43.20823669
v 46.70983124 49.20772171 43.78573608
v 43.99982452 51.77495193 40.79614258
v 45.62735367 50.59525299 42.13360596
v 41.91545105 52.64305878 39.96174622
v 43.35157013 52.10470963 40.45104218
v 42.65524673 52.39599609 40.16940689
v 40.35626602 52.97047043 39.82111359
v 41.14526749 52.83723068 39.84139633
v 40.82811737 46.45724869 48.90823746
v 41.74156570 46.33275604 48.95532608
v 42.21888351 46.36064148 48.85528183
v 40.45439529 46.60020447 48.75560760
v 41.26904297 46.36546707 48.97472000
v -53.58454132 19.60958672 -45.15692520
v -52.41950607 16.29232979 -46.40813828
v -49.79607391 16.41142464 -49.43365860
v -52.33855057 16.11968231 -46.55728912
v -49.48521805 16.57645607 -49.70965958
v -50.11600494 16.27275467 -49.13436890
v -49.19313049 16.77592087 -49.95381165
v -48.93887711 17.01358223 -50.14912796
v -48.75329590 17.27609634 -50.26939011
v -48.67594147 17.49621964 -50.28998566
v -50.43837357 16.15337563 -48.81746292
v -50.75758743 16.05020714 -48.48800659
v -51.06915665 15.96473503 -48.15055084
v -51.36982346 15.90311432 -47.80903244
v -51.65673828 15.87533092 -47.46724701
v -51.92568588 15.89452839 -47.13027573
v -52.16106796 15.97426414 -46.81692123
v -54.30061722 22.42377472 -44.11917496
v -54.40783691 22.98729515 -43.89685440
v -53.74919510 20.17224503 -44.96233749
v -53.90383530 20.73492050 -44.76031876
v -54.04782104 21.29767609 -44.55183411
v -54.50120926 23.55124474 -43.67177582
v -54.18034744 21.86059761 -44.33781052
v -54.69070435 25.25232506 -42.98690796
v -54.72070312 25.82135582 -42.75911713
v -54.64339066 24.68270493 -43.21626663
v -54.72558594 26.95936966 -42.31198120
v -54.73261261 26.39012527 -42.53384781
v -54.58000946 28.67125511 -41.67969131
v -54.65055847 28.09919357 -41.88367844
v -54.69858551 27.52916336 -42.09474945
v -54.22036743 30.38286400 -41.13538361
v -54.48529053 29.24550247 -41.48461533
v -54.36579514 29.81634712 -41.30236816
v -53.34653854 32.58664703 -40.68328094
v -53.61233139 32.04869843 -40.75587082
v -53.84583282 31.49922180 -40.85876465
v -52.35200119 34.07644653 -40.70719910
v -52.71543121 33.60816574 -40.65239334
v -53.04742432 33.10862350 -40.64669418
v -51.53907013 34.88513947 -40.99189377
v -51.10285950 35.20051193 -41.23266983
v -51.95742798 34.50669479 -40.81852341
v -49.82409286 35.65370178 -42.32342529
v -50.23156738 35.59117126 -41.90710831
v -50.66345596 35.43870163 -41.53865814
v -48.82777023 35.33985138 -43.73339081
v -49.11722946 35.51992035 -43.25040436
v -49.45031738 35.62722015 -42.77651596
v -48.20503235 34.46201706 -45.15186691
v -48.37408829 34.80237961 -44.69055939
v -48.58016586 35.09712982 -44.21697617
v -47.88574600 33.23138428 -46.43124771
v -47.96438217 33.67223740 -46.02347565
v -48.06948853 34.08301926 -45.59744644
v -47.78195572 31.78874207 -47.51733398
v -47.79761124 32.28839493 -47.17684937
v -47.83133316 32.77001190 -46.81488037
v -47.79566574 30.74188042 -48.13506699
v -47.82081604 30.20111275 -48.41103745
v -47.78205490 31.27023315 -47.83814240
v -47.94877243 28.51995087 -49.11611176
v -47.85582733 29.64943123 -48.66637802
v -48.00405121 27.93891144 -49.31306076
v -48.06330490 27.34949875 -49.49135971
v -48.18724823 26.16258240 -49.79039383
v -48.12461090 26.75885773 -49.64970016
v -48.24962997 25.56532669 -49.91309357
v -48.31100464 24.96430779 -50.01938629
v -48.37021255 24.36084366 -50.10979462
v -48.42631149 23.75445747 -50.18523026
v -48.47830582 23.14507103 -50.24646759
v -48.52513123 22.53324890 -50.29425430
v -48.56584549 21.91771317 -50.32950211
v -48.59922409 21.30030632 -50.35293198
v -48.62428284 20.67868233 -50.36559296
v -48.63960648 20.05492973 -50.36830139
v -48.64408493 19.42824364 -50.36228561
v -47.89903641 29.08849335 -48.90132523
v -54.04763412 30.94398499 -40.98649597
v -54.57993317 24.11571312 -43.44486237
v -48.64408493 19.42824364 50.36228561
v -48.67594147 17.49621964 50.28998566
v -51.07050323 15.96429253 48.14902496
v -48.75329971 17.27636719 50.26932526
v -51.37162018 15.90289211 47.80694580
v -51.65830612 15.87536621 47.46532822
v -52.16088104 15.97409725 46.81717682
v -51.92634583 15.89469433 47.12942505
v -52.33872986 16.11973190 46.55704880
v -52.41950607 16.29232979 46.40813828
v -50.75860977 16.04991341 48.48692703
v -50.43938828 16.15267372 48.81638336
v -50.11653137 16.27234077 49.13382721
v -49.79644775 16.41128349 49.43332291
v -49.48558426 16.57614708 49.70935440
v -48.93850327 17.01409721 50.14940643
v -49.19258499 16.77628517 49.95425415
v -48.52657700 22.51464462 50.29524612
v -48.47984314 23.12649918 50.24804306
v -48.60019302 21.28436470 50.35297775
v -48.62482071 20.66670418 50.36542511
v -48.63982391 20.04787064 50.36820602
v -48.42795563 23.73600197 50.18729019
v -48.56707001 21.90047264 50.32990646
v -48.25063705 25.55560303 49.91495132
v -48.18827820 26.15275383 49.79254150
v -48.31197357 24.95463562 50.02095032
v -48.06504059 27.33252907 49.49618912
v -48.12605286 26.74508476 49.65321350
v -47.90132523 29.06231117 48.91176987
v -47.95142746 28.49124908 49.12635040
v -48.00643539 27.91455269 49.32088089
v -47.79634476 30.72528839 48.14396286
v -47.78227997 31.25445747 47.84743118
v -47.85749817 29.62851143 48.67569351
v -47.82198334 30.18330002 48.41973114
v -47.83006668 32.75605011 46.82586670
v -47.79673004 32.27021790 47.18982697
v -47.78168869 31.76984024 47.52958679
v -48.06590652 34.07124710 45.61050415
v -47.96186829 33.66048431 46.03496552
v -47.88430405 33.22134399 46.44000244
v -48.36884689 34.79326248 44.70383453
v -48.20045471 34.45114899 45.16564941
v -49.10906219 35.51590729 43.26317978
v -48.82091904 35.33469391 43.74553299
v -48.57486725 35.09051895 44.22838974
v -50.22071075 35.59423828 41.91698074
v -49.81315231 35.65391922 42.33587265
v -49.44108963 35.62570190 42.78840256
v -51.52870941 34.89357376 40.99687195
v -50.65248489 35.44376755 41.54700089
v -51.09148026 35.20793152 41.23957062
v -53.04142761 33.11857605 40.64636230
v -52.70863342 33.61758423 40.65300369
v -52.34439850 34.08552551 40.70881271
v -53.84124374 31.51086998 40.85632324
v -53.60811234 32.05791855 40.75436401
v -53.34051514 32.59812927 40.68207169
v -54.21725464 30.39383507 41.13231659
v -54.36395264 29.82438660 41.29988098
v -54.04372406 30.95562172 40.98360825
v -54.64884949 28.11595726 41.87730026
v -54.57778549 28.68700409 41.67392349
v -54.48321152 29.25683975 41.48074341
v -54.69757462 27.54477692 42.08874512
v -54.72513199 26.97453690 42.30612564
v -54.72092056 25.82740211 42.75670624
v -54.73259735 26.40028763 42.52986526
v -54.69099426 25.25667381 42.98516083
v -54.64409637 24.68976974 43.21341324
v -54.58096695 24.12395668 43.44152832
v -54.50246811 23.55908966 43.66858673
v -54.40944290 22.99547577 43.89350128
v -54.30250168 22.43203163 44.11576843
v -54.18249893 21.86898613 44.33437347
v -54.05029678 21.30671120 44.54823685
v -53.90581894 20.74175644 44.75767899
v -53.75056839 20.17694092 44.96061325
v -53.58454132 19.60958672 45.15692520
v -51.94879532 34.51505280 40.82169342
v -48.37141037 24.34830856 50.11150742
v 40.45439529 46.60020447 -48.75560760
v 42.21967697 46.36070633 -48.85507202
v 41.26910400 46.36549759 -48.97457886
v 40.82821274 46.45727158 -48.90809250
v 41.74254608 46.33278275 -48.95511246
v 43.35604477 52.10223770 -40.45368195
v 44.00635147 51.77104187 -40.80051804
v 40.36423874 52.96949005 -39.82070160
v 42.65940475 52.39436340 -40.17091751
v 41.15216446 52.83551025 -39.84245300
v 41.92458725 52.64031601 -39.96386337
v 45.63025284 50.59211731 -42.13731384
v 45.14468765 51.01294708 -41.64859390
v 44.60217285 51.40736008 -41.20056915
v 46.41551208 49.68656540 -43.21062469
v 46.05441284 50.14963150 -42.65901566
v 46.71060944 49.20582199 -43.78797150
v 46.93293762 48.71540451 -44.38109589
v 47.01261520 48.51957321 -44.68812943
v 46.77462006 47.92461014 -45.69690323
v 46.55364609 47.75774384 -46.01480865
v 47.01041794 48.31408691 -45.02129364
v 46.92942047 48.11285400 -45.36162186
v 55.75000000 6.66752768 66.30801392
v 40.00000000 9.18961906 68.88713837
v 55.75000000 -1.41451466 66.30801392
v 55.75000000 14.67083549 65.01477051
v 40.00000000 15.00891685 68.09725189
v 87.25000000 3.75355387 60.24349594
v 87.25000000 11.68417263 59.06853485
v 71.50000000 12.58096886 61.88509750
v 40.00000000 3.33080816 68.91998291
v 71.50000000 20.39122581 59.45519638
v 87.25000000 19.38353539 56.74922180
v 55.75000000 29.82353592 58.68880081
v 40.00000000 31.62971306 61.34769821
v 55.75000000 22.44076920 62.46197891
v 71.50000000 27.81230545 55.86364746
v 87.25000000 26.69924927 53.32113647
v 55.75000000 36.67704773 53.77329254
v 40.00000000 36.69019699 57.71020126
v 87.25000000 33.49051666 48.85520172
v 71.50000000 34.70138550 51.18476486
v 40.00000000 26.28906822 64.31031036
v 71.50000000 46.36101532 38.95221329
v 87.25000000 39.62758255 43.44218445
v 87.25000000 44.98459625 37.17938995
v 55.75000000 42.87036514 47.81536484
v 71.50000000 40.92684174 45.51363754
v 87.25000000 49.46299744 30.19432831
v 87.25000000 52.97625732 22.62318420
v 103.00000000 51.92456436 21.71879959
v 103.00000000 54.33644867 14.03275394
v 103.00000000 55.69417572 6.05848074
v 103.00000000 55.96568680 -2.03668785
v 103.00000000 55.14570999 -10.08984852
v 103.00000000 50.32482529 -25.43899727
v 103.00000000 46.42295837 -32.43682861
v 87.25000000 47.33903503 -33.76863098
v 87.25000000 54.34532928 -18.66177940
v 87.25000000 51.34567261 -26.47350311
v 87.25000000 30.16856766 -51.21224213
v 71.50000000 31.33159256 -53.65419388
v 87.25000000 36.64891052 -46.26139069
v 71.50000000 37.90527344 -48.46727371
v 87.25000000 42.41049576 -40.40958405
v 71.50000000 43.74983978 -42.33643341
v 55.75000000 39.86439514 -50.91837311
v 71.50000000 24.15993881 -57.80121231
v 87.25000000 23.09873962 -55.17051697
v 71.50000000 48.74936295 -35.37881851
v 40.00000000 37.00558472 -57.45364380
v 87.25000000 15.57230282 -58.04992676
v 71.50000000 16.52509880 -60.81792068
v 87.25000000 7.73822784 -59.80105591
v 71.50000000 8.57819080 -62.65254974
v 55.75000000 18.59460449 -63.89361954
v 40.00000000 22.20361137 -66.04547882
v 55.75000000 26.19002533 -60.72434998
v 40.00000000 27.35989380 -63.78332138
v 55.75000000 10.68872356 -65.82102966
v 40.00000000 16.89441299 -67.67733002
v 40.00000000 11.47498703 -68.66629028
v 55.75000000 2.60560012 -66.07865143
v 40.00000000 6.00000000 -69.00000000
v 71.50000000 0.47413346 -63.27153015
v 103.00000000 7.79703999 -57.43512344
v 103.00000000 -0.00000000 -58.00000000
v 87.25000000 -0.39439991 -60.57864761
v 87.25000000 -4.25508404 60.24349594
v 71.50000000 4.53612614 63.11608887
v 40.00000000 -2.49755597 68.19671631
v 55.75000000 -9.41782284 65.01477051
v 87.25000000 -12.18570232 59.06853485
v 71.50000000 -3.58785915 63.11608887
v 87.25000000 -19.88506699 56.74922180
v 71.50000000 -11.63270187 61.88509750
v 40.00000000 -8.23186111 66.73128510
v 55.75000000 -17.18775558 62.46197891
v 55.75000000 -24.57052422 58.68880081
v 71.50000000 -33.75312042 51.18476486
v 71.50000000 -26.86403847 55.86364746
v 71.50000000 -19.44295883 59.45519638
v 87.25000000 -27.20077896 53.32113647
v 103.00000000 -38.89102554 41.73039246
v 87.25000000 -40.12911224 43.44218445
v 103.00000000 -44.12014008 35.71842575
v 87.25000000 -33.99204636 48.85520172
v 103.00000000 41.61660004 -38.80943298
v 103.00000000 53.25204849 -17.94204903
v 40.00000000 20.72798538 66.56696320
v 40.00000000 -19.16479874 61.63905334
v 40.00000000 -13.80021477 64.54209900
v 71.50000000 -39.97857666 45.51363754
v 87.25000000 -45.48612595 37.17938995
v 103.00000000 -48.49101257 29.01059151
v 87.25000000 -49.96452713 30.19432831
v 103.00000000 -51.91832733 21.73710251
v 103.00000000 -54.33586884 14.03597641
v 87.25000000 -55.94967651 14.60943985
v 103.00000000 -55.69164276 6.07398510
v 79.42596436 -57.04563904 11.11268616
v 77.68679810 -55.44493103 18.20140457
v 87.25000000 -57.62264633 -2.10758185
v 103.00000000 -55.15109253 -10.05734825
v 103.00000000 -55.96570587 -2.00910282
v 87.25000000 -57.34136581 6.31226492
v 87.25000000 -56.78244400 -10.48624325
v 79.44232178 -57.06063461 -11.02348423
v 87.25000000 -54.84685898 -18.66177940
v 80.33601379 -57.87932587 -3.65430164
v 71.99945068 -50.16107941 -31.26236725
v 87.25000000 -51.84720612 -26.47350311
v 75.20619202 -53.15171432 -24.87955666
v 77.70635986 -55.46299744 -18.13777351
v 64.05257416 -42.64426804 -42.51669312
v 71.50000000 -42.80157471 -42.33643341
v 68.25461578 -46.63582611 -37.12995148
v 87.25000000 -37.15044403 -46.26139069
v 87.25000000 -42.91202545 -40.40958405
v 103.00000000 -46.42921829 -32.42835617
v 87.25000000 -47.84056473 -33.76863098
v 103.00000000 -41.62157059 -38.80274582
v 71.50000000 -45.41274643 38.95221329
v 87.25000000 -53.47778702 22.62318420
v 75.16386414 -53.11246109 24.97622490
v 80.33106232 -57.87479401 3.73551130
v 103.00000000 -53.26223755 -17.91204643
v 103.00000000 -50.33574295 -25.41818237
v 59.45248795 -38.22607040 -47.45780182
v 71.50000000 -36.95700455 -48.46727371
v 87.25000000 -30.67009735 -51.21224213
v 55.75000000 -28.07164001 -56.36760712
v 50.05514908 -29.08301926 -55.42541122
v 40.00000000 -14.39691257 -64.25971222
v 55.75000000 -20.93701172 -60.72434998
v 40.00000000 -19.16479874 -61.63905334
v 87.25000000 -23.60026932 -55.17051697
v 71.50000000 -30.38332558 -53.65419388
v 71.50000000 -15.57683277 -60.81792068
v 87.25000000 -8.23975849 -59.80105591
v 87.25000000 -16.07383347 -58.04992676
v 55.75000000 -13.34159088 -63.89361954
v 40.00000000 0.78506106 -68.69756317
v 55.75000000 -5.43571091 -65.82102966
v 71.50000000 -7.62992382 -62.65254974
v 103.00000000 -7.79714727 -57.43513107
v 103.00000000 -15.44421482 -55.75065231
v 71.50000000 -23.21167183 -57.80121231
v 103.00000000 15.41744423 -55.75748062
v 40.00000000 32.31646347 -60.90249634
v 103.00000000 22.76047516 -52.99275589
v 55.75000000 33.32465363 -56.36760712
v 103.00000000 29.66410828 -49.19414520
v 103.00000000 35.99127579 -44.43519211
v 103.00000000 48.50411224 28.98561478
v 103.00000000 44.13938904 35.69244003
v 103.00000000 38.91261292 41.70955276
v 103.00000000 32.92436600 46.91714096
v 103.00000000 26.29207802 51.21078873
v 103.00000000 19.15815353 54.49990463
v 103.00000000 11.65369797 56.72920609
v 103.00000000 3.92068481 57.85666275
v 103.00000000 -3.89039016 57.85911560
v 103.00000000 -11.62925816 56.73540878
v 103.00000000 -19.14620399 54.50524902
v 50.05514908 -29.08301926 55.42541122
v 103.00000000 -26.28667068 51.21327209
v 103.00000000 -32.90695572 46.92900085
v 59.45248795 -38.22607040 47.45780182
v 64.01519012 -42.60858154 42.56040955
v 68.23519897 -46.61746979 37.15732574
v 71.97987366 -50.14272690 31.29667282
v 103.00000000 -36.00769424 -44.41938019
v 103.00000000 -29.68953896 -49.17689896
v 40.00000000 -9.45147800 -66.31797791
v 103.00000000 -22.78994751 -52.97946930
v 40.00000000 -4.37350988 -67.80157471
v 0.27324334 19.83756638 69.93840027
v -9.96805573 21.67894363 69.03898621
v 0.03954611 19.42539978 69.96324921
v -21.88159370 18.00000000 66.49207306
v 0.64522642 20.13903236 69.91426086
v 1.04204059 20.40693283 69.88742065
v -11.14728832 18.00000000 69.10671234
v 10.11739540 28.35837364 67.27609253
v 9.84922409 28.00196648 67.45216370
v 1.59521341 21.67894363 69.73664093
v 4.18656301 22.56583214 69.49610138
v 1.57843614 25.33212280 69.00320435
v 6.38557100 24.34393692 68.97364044
v 6.03148842 24.03691864 69.07517242
v 4.93841982 23.14162254 69.34480286
v 5.30766487 23.43578148 69.26069641
v 4.56463146 22.85166550 69.42324066
v 5.67210150 23.73420715 69.17083740
v 6.73406982 24.65528870 68.86615753
v 7.07668924 24.97099686 68.75263977
v 3.80445194 22.28404999 69.56346130
v 3.41852140 22.00624847 69.62535095
v 7.41319370 25.29101753 68.63307953
v 7.74322844 25.61538124 68.50734711
v 8.06660461 25.94398880 68.37548065
v 3.02906346 21.73225975 69.68190765
v 8.38289928 26.27687454 68.23731995
v 8.69197369 26.61388588 68.09296417
v 8.99338627 26.95502853 67.94225311
v 9.28695202 27.30015182 67.78524780
v 2.63631654 21.46194267 69.73316193
v 9.57230949 27.64918137 67.62187195
v 10.37657738 28.71823311 67.09370422
v 10.62650013 29.08137131 66.90499878
v 10.86694717 29.44758415 66.71002197
v 1.84244072 20.93097115 69.82022095
v 2.24065423 21.19496918 69.77924347
v 11.09774494 29.81664276 66.50885773
v 11.31868362 30.18832588 66.30154419
v 11.52953339 30.56240654 66.08813477
v 11.73026848 30.93860245 65.86875916
v 11.92063522 31.31667137 65.64345551
v 12.10075951 31.69630623 65.41242218
v 12.27037621 32.07725525 65.17568207
v 1.44244456 20.66894722 69.85620880
v -0.04724609 18.95474052 69.98350525
v -0.09660319 18.47794151 69.99579620
v -0.13529916 18.00000000 69.99987030
v 1.59525716 21.67897224 -69.73664093
v -9.96802616 21.67897224 -69.03898621
v 3.80444694 22.28409386 -69.56344604
v 3.41853333 22.00626755 -69.62535858
v 3.02907872 21.73226357 -69.68190765
v 2.24066782 21.19496346 -69.77925110
v 1.84243917 20.93097878 -69.82021332
v 4.18657970 22.56585503 -69.49610138
v -21.88159370 18.00000000 -66.49207306
v -11.14728832 18.00000000 -69.10671234
v 1.57847917 25.33218002 -69.00318909
v 1.44245613 20.66893005 -69.85621643
v 4.56467199 22.85166740 -69.42324829
v 4.93843937 23.14165115 -69.34477997
v 5.30769110 23.43581009 -69.26068115
v 1.04207778 20.40686798 -69.88742065
v 5.67213249 23.73423576 -69.17082214
v 6.03153467 24.03693771 -69.07517242
v 6.38561058 24.34396744 -68.97362518
v 6.73409700 24.65533638 -68.86612701
v 7.41323948 25.29105949 -68.63306427
v 7.07673645 24.97103310 -68.75263214
v 7.74329805 25.61541176 -68.50734711
v 0.64550555 20.13865089 -69.91428375
v 8.06663799 25.94404602 -68.37545013
v 8.38298416 26.27690697 -68.23733521
v 8.69202614 26.61393929 -68.09294891
v 8.99344540 26.95508194 -67.94223022
v 9.28700256 27.30021286 -67.78521729
v 9.84926796 28.00204086 -67.45211792
v 9.57233906 27.64925766 -67.62182617
v 10.11741924 28.35845947 -67.27603912
v 10.62656116 29.08145142 -66.90495300
v 10.37661743 28.71831703 -67.09365082
v 11.09782219 29.81672287 -66.50881958
v 10.86702728 29.44766045 -66.70999146
v 11.31873417 30.18841934 -66.30149078
v 11.52961636 30.56249619 -66.08809662
v 0.27471071 19.83666420 -69.93844604
v 0.03864535 19.42576027 -69.96321869
v -0.04802728 18.95484161 -69.98349762
v -0.09640536 18.47793007 -69.99580383
v -0.13529818 18.00000000 -69.99987030
v 12.10081005 31.69640923 -65.41236115
v 11.92073345 31.31676674 -65.64341736
v 11.73031139 30.93870354 -65.86869812
v 12.27046299 32.07735825 -65.17563629
v 2.63633704 21.46193695 -69.73317719
v 20.04398537 30.03308296 -65.41806030
v 0.85954541 17.37211609 -70.01795959
v 20.04398537 14.49357986 -70.07547760
v 1.21578538 17.06625366 -70.02344513
v 20.04398537 19.78144073 -69.27163696
v 20.04398537 24.98024750 -67.71395874
v 23.88862991 -3.39608002 -67.61048126
v 24.22522354 -3.71455550 -67.52791595
v 20.04398537 3.88072324 -69.37518311
v 30.18365097 -9.42547035 -65.78447723
v 29.85761070 -9.10927296 -65.89412689
v 37.52069855 -16.66306877 -62.84727478
v 37.20814896 -16.34978294 -62.99153137
v 34.36879349 -13.52451420 -64.22212982
v 34.05038071 -13.20996284 -64.35133362
v 39.69213867 -18.85252571 -61.79534912
v 39.07466125 -18.22760010 -62.10342407
v 38.76504135 -17.91494560 -62.25520325
v 39.38369370 -18.54012489 -61.95013809
v 38.45483398 -17.60216713 -62.40547943
v 38.14404297 -17.28926086 -62.55424881
v 37.83266449 -16.97622871 -62.70151520
v 36.89500809 -16.03637123 -63.13428497
v 36.26697540 -15.40916634 -63.41527176
v 36.58128357 -15.72283173 -63.27553177
v 35.63659286 -14.78145504 -63.69024277
v 35.95207596 -15.09537411 -63.55350876
v 35.00386810 -14.15323830 -63.95919418
v 35.32052231 -14.46741009 -63.82546997
v 34.68662262 -13.83893967 -64.09141541
v 33.73137665 -12.89528465 -64.47904205
v 33.41178894 -12.58047962 -64.60523987
v 33.09161377 -12.26554871 -64.72993469
v 32.77085114 -11.95049095 -64.85312653
v 32.44950485 -11.63530636 -64.97481537
v 32.12757111 -11.31999493 -65.09499359
v 31.80504990 -11.00455761 -65.21366882
v 31.48194313 -10.68899345 -65.33084106
v 31.15824890 -10.37330246 -65.44651031
v 30.50910378 -9.74154091 -65.67332458
v 30.83396912 -10.05748463 -65.56066895
v 29.53098488 -8.79294968 -66.00227356
v 29.20377350 -8.47649956 -66.10890961
v 28.87597466 -8.15992260 -66.21404266
v 28.54759026 -7.84321880 -66.31767273
v 28.21862030 -7.52638912 -66.41979218
v 27.88906097 -7.20943213 -66.52041626
v 27.55891800 -6.89234924 -66.61952972
v 27.22818756 -6.57513952 -66.71714020
v 26.89686966 -6.25780296 -66.81324768
v 26.56496620 -5.94034004 -66.90784454
v 26.23247719 -5.62275076 -67.00094604
v 25.89940071 -5.30503464 -67.09253693
v 25.56573868 -4.98719215 -67.18261719
v 25.23148918 -4.66922283 -67.27120209
v 24.89665413 -4.35112715 -67.35827637
v 24.56123161 -4.03290462 -67.44384766
v 23.55144882 -3.07747793 -67.69154358
v 23.21368027 -2.75874925 -67.77109528
v 22.87532616 -2.43989396 -67.84914398
v 22.53638649 -2.12091208 -67.92568970
v 22.19685936 -1.80180371 -68.00072479
v 21.85674667 -1.48256862 -68.07425690
v 21.51604652 -1.16320705 -68.14628601
v 21.17476082 -0.84371889 -68.21681213
v 20.83288956 -0.52410412 -68.28583527
v 20.49042892 -0.20436281 -68.35334778
v 20.14738464 0.11550508 -68.41936493
v 19.80375290 0.43549958 -68.48387146
v 19.45953560 0.75562066 -68.54686737
v 19.11473083 1.07586825 -68.60836792
v 18.76933861 1.39624250 -68.66835785
v 18.42336273 1.71674323 -68.72684479
v 18.07679749 2.03737068 -68.78382874
v 17.72964859 2.35812449 -68.83930969
v 17.38191223 2.67900515 -68.89328003
v 17.03358841 3.00001216 -68.94574738
v 16.68467903 3.32114601 -68.99671173
v 16.33518219 3.64240623 -69.04617310
v 15.98510075 3.96379304 -69.09412384
v 15.63443184 4.28530645 -69.14057159
v 15.28317738 4.60694647 -69.18551636
v 14.93133545 4.92871284 -69.22895813
v 13.87452221 5.89231920 -69.35157013
v 13.52725029 6.20698500 -69.39307404
v 14.22589302 5.57262611 -69.31132507
v 13.17972851 6.52140617 -69.43328094
v 12.83195782 6.83558273 -69.47217560
v 12.48393822 7.14951515 -69.50976562
v 12.13566971 7.46320295 -69.54605103
v 11.43838501 8.08984470 -69.61470795
v 20.04398537 9.17381191 -70.11034393
v 11.78715229 7.77664614 -69.58103180
v 10.74010372 8.71550941 -69.67814636
v 11.08936882 8.40279961 -69.64707947
v 10.39058971 9.02797413 -69.70790100
v 10.04082680 9.34019566 -69.73635864
v 9.69081402 9.65217113 -69.76350403
v 9.34055233 9.96390343 -69.78934479
v 8.99004173 10.27539062 -69.81388092
v 8.63928223 10.58663368 -69.83711243
v 8.28827381 10.89763165 -69.85903931
v 7.93701553 11.20838547 -69.87966156
v 7.58550882 11.51889515 -69.89897919
v 7.23375273 11.82915974 -69.91699219
v 6.52949286 12.44895554 -69.94909668
v 6.17698956 12.75848675 -69.96318817
v 5.82423687 13.06777382 -69.97597504
v 5.47123528 13.37681580 -69.98746490
v 5.11798477 13.68561363 -69.99764252
v 4.76448488 13.99416733 -70.00651550
v 4.41073561 14.30247593 -70.01407623
v 4.05673790 14.61054039 -70.02033997
v 3.34799433 15.22593498 -70.02894592
v 3.70249057 14.91835976 -70.02529907
v 2.99324894 15.53326607 -70.03129578
v 2.63825440 15.84035301 -70.03233337
v 2.28301072 16.14719391 -70.03207397
v 1.92751813 16.45379257 -70.03050232
v 1.57177639 16.76014519 -70.02762604
v 0.11150452 18.45419502 -69.99795532
v 0.50305635 17.67773628 -70.01116180
v 0.14631812 17.98311043 -70.00306702
v 0.08905463 18.92586136 -69.98522949
v 0.11317879 19.39649582 -69.96488953
v 0.33199751 19.80326271 -69.94060516
v 1.14160287 20.28512383 -69.89738464
v 0.72475016 20.06400490 -69.91973114
v 1.56142879 20.50016785 -69.87149811
v 2.39756632 20.93535233 -69.80729675
v 1.98047912 20.71619225 -69.84154510
v 3.22314405 21.38733864 -69.72523499
v 2.81190014 21.15894127 -69.76856995
v 3.63094759 21.62089920 -69.67716980
v 4.03504896 21.85978699 -69.62426758
v 4.43521929 22.10408592 -69.56643677
v 4.83121014 22.35388947 -69.50357056
v 5.22274971 22.60929489 -69.43553925
v 5.60959721 22.87033463 -69.36225891
v 6.36831665 23.40927124 -69.19961548
v 6.73968172 23.68717384 -69.11006165
v 5.99155474 23.13697052 -69.28366852
v 7.10535049 23.97070122 -69.01487732
v 7.46509504 24.25978661 -68.91400909
v 7.81866455 24.55437279 -68.80738831
v 8.16577816 24.85441399 -68.69492340
v 8.83955002 25.47056770 -68.45219421
v 8.50615311 25.15984917 -68.57653809
v 9.16571522 25.78645706 -68.32185364
v 9.48436832 26.10741425 -68.18544769
v 9.79522133 26.43332291 -68.04292297
v 10.39261150 27.09933281 -67.73950195
v 10.67870045 27.43907356 -67.57860565
v 10.95594501 27.78312302 -67.41149902
v 11.22431850 28.13117981 -67.23831940
v 11.48342896 28.48311424 -67.05898285
v 11.73321915 28.83863449 -66.87359619
v 11.97341824 29.19754028 -66.68215179
v 12.20392704 29.55955315 -66.48474121
v 12.42457199 29.92442513 -66.28141785
v 12.63525009 30.29188156 -66.07225800
v 12.83585453 30.66164780 -65.85733795
v 13.02634144 31.03343201 -65.63677216
v 13.37675858 31.78192902 -65.17910767
v 13.53668976 32.15806198 -64.94223785
v 13.68639755 32.53507996 -64.70015717
v 14.57890701 5.25060606 -69.27089691
v 6.88174725 12.13918018 -69.93369293
v 10.09808445 26.76399803 -67.89430237
v 13.20666027 31.40695381 -65.41065979
v 1.97762644 14.23747730 -69.96369171
v -3.44574142 4.77395248 -69.81137848
v 1.68570209 14.60659027 -69.97238159
v 2.81626940 13.07737541 -69.92884827
v 3.10132933 12.69145966 -69.91456604
v 2.53396559 13.46368408 -69.94179535
v 2.25441790 13.85038471 -69.95341492
v 3.93612862 11.55476761 -69.86469269
v 3.65890455 11.93134880 -69.88255310
v -25.91064835 -48.06618881 -62.23167038
v -36.09826660 -34.87238693 -58.03085327
v -25.82003212 -34.87238693 -63.27709579
v 4.49014854 10.80456924 -69.82514191
v 4.21258831 11.18036366 -69.84559631
v 3.38091564 12.31010532 -69.89916992
v -3.40487504 -21.66559982 -68.98341370
v -15.07496929 -8.44907188 -67.93292999
v -3.43041515 -8.44907188 -69.50086212
v 4.76979399 10.42550468 -69.80327606
v 5.05014658 10.04580402 -69.78007507
v 8.31194305 -8.44907188 -69.08725739
v 8.25005913 -21.66559982 -68.57289124
v -14.80564117 -34.87238693 -66.71924591
v -15.00417137 -48.06618881 -65.71923065
v 6.17630768 8.52180004 -69.67378235
v 5.89439678 8.90340805 -69.70240784
v 5.61286211 9.28454685 -69.72967529
v -14.96273327 -21.66559982 -67.42715454
v -26.28972054 -8.44907188 -64.42816162
v 6.74125624 7.75717497 -69.61246490
v 6.45859432 8.13972282 -69.64380646
v 7.02312136 7.37550259 -69.57985687
v 8.34907913 4.77395248 -69.39592743
v 7.30450583 6.99434185 -69.54595184
v 7.58568001 6.61338282 -69.51072693
v 7.86664438 6.23262596 -69.47419739
v 5.33120584 9.66546535 -69.75554657
v 8.16344357 -34.87238693 -67.85295105
v 7.78036880 -48.06618881 -66.95975494
v -3.36912775 -34.87238693 -68.25916290
v 8.14685059 5.85277224 -69.43644714
v 9.53406715 3.97007322 -69.22998047
v 9.81025410 3.59483647 -69.18502045
v 9.25744343 4.34576893 -69.27371979
v 10.08600426 3.22005939 -69.13883972
v 10.36131763 2.84574151 -69.09143066
v 10.63798714 2.46945143 -69.04244995
v 11.19465733 1.71195555 -68.93994141
v 10.91600609 2.09119797 -68.99191284
v 11.75350189 0.95099056 -68.83175659
v 11.47393990 1.33172441 -68.88655090
v 12.03253078 0.57087845 -68.77564240
v -3.66477203 -48.06618881 -67.31056213
v 12.31168365 0.19048071 -68.71814728
v 12.59095955 -0.19020261 -68.65926361
v 12.87035751 -0.57117152 -68.59900665
v 13.14858818 -0.95061237 -68.53761292
v 13.42633247 -1.32948148 -68.47496033
v 13.70367241 -1.70789647 -68.41103363
v 13.98060894 -2.08585739 -68.34582520
v 14.25651741 -2.46247387 -68.27953339
v 14.53116798 -2.83741736 -68.21221924
v 14.80495739 -3.21125579 -68.14377594
v 15.62428570 -4.33031034 -67.93088531
v 15.35035610 -3.95615196 -68.00337219
v 15.07788754 -3.58398938 -68.07418823
v 16.17240524 -5.07911015 -67.78182983
v 15.89830208 -4.70462942 -67.85703278
v 16.72153091 -5.82939434 -67.62706757
v 16.44659615 -5.45375204 -67.70526886
v 19.66977692 -21.66559982 -66.20728302
v 19.46326637 -34.87238693 -65.51218414
v 16.99698257 -6.20574903 -67.54731750
v 17.27283287 -6.58266211 -67.46607971
v 17.54907990 -6.96013308 -67.38335419
v 18.10066795 -7.71375561 -67.21387482
v 17.82518959 -7.33739996 -67.29924774
v 18.65131569 -8.46600246 -67.03898621
v 18.37604332 -8.08995628 -67.12712097
v 18.92639732 -8.84177017 -66.94948578
v 19.20001411 -9.21544075 -66.85906219
v 19.47299957 -9.58820629 -66.76741791
v 19.74535751 -9.96006870 -66.67456055
v 19.00101852 -48.06618881 -64.67691803
v 20.82615852 -11.43502808 -66.29224396
v 20.55739021 -11.06836510 -66.38938904
v 20.28774834 -10.70043755 -66.48545074
v 21.36212158 -12.16596699 -66.09430695
v 21.09405327 -11.80042553 -66.19400787
v 21.90295219 -12.90307522 -65.88895416
v 21.63230515 -12.53425598 -65.99242401
v 22.44563484 -13.64230824 -65.67728424
v 22.17406082 -13.27242661 -65.78390503
v 22.98900795 -14.38187599 -65.45931244
v 22.71718979 -14.01198196 -65.56908417
v 23.53347397 -15.12239456 -65.23503113
v 23.26110268 -14.75201416 -65.34796143
v 24.07653046 -15.86031723 -65.00530243
v 23.80534172 -15.49191284 -65.12079620
v 24.61814690 -16.59560013 -64.77013397
v 24.34746552 -16.22821236 -64.88841248
v 25.15704155 -17.32644272 -64.53015900
v 24.88832092 -16.96212006 -64.65056610
v 25.69222260 -18.05144691 -64.28582764
v 25.42500877 -17.68955040 -64.40857697
v 25.95868111 -18.41213036 -64.16191864
v 26.22506332 -18.77247047 -64.03658295
v 24.34521675 -16.22516823 64.88914490
v 24.07592392 -15.85950851 65.00529480
v 19.66977692 -21.66559982 66.20728302
v 26.49108696 -19.13210869 -63.90993881
v 26.75666237 -19.49092293 -63.78201675
v 27.02178574 -19.84891701 -63.65281296
v 27.28749847 -20.20745850 -63.52176285
v 27.82201576 -20.92794228 -63.25339127
v 27.55453682 -20.56752396 -63.38846207
v 28.35808945 -21.64956093 -62.97805023
v 28.08993149 -21.28870964 -63.11655807
v 28.89088631 -22.36571312 -62.69796753
v 28.62466621 -22.00800323 -62.83871078
v 29.15675354 -22.72269249 -62.55582809
v 29.42226410 -23.07893944 -62.41228485
v 29.68759346 -23.43466759 -62.26721191
v 29.95270729 -23.78983307 -62.12063599
v 30.20817184 -34.87238693 -61.30359650
v 30.21755600 -24.14437866 -61.97259140
v 30.48214149 -24.49830627 -61.82307434
v 30.74646950 -24.85160828 -61.67206573
v 31.01054573 -25.20428467 -61.51951981
v 31.27436256 -25.55633736 -61.36547852
v 31.53792191 -25.90776634 -61.20993423
v 40.33507156 -37.57152176 -54.95476151
v 31.80122185 -26.25857162 -61.05289459
v 29.67342377 -48.06618881 -60.52793121
v 39.48964691 -48.06618881 -54.63250351
v 48.16645813 -48.06618881 -47.16073608
v -26.09398842 -21.66559982 -63.94848251
v -36.75492859 -8.44907188 -59.08648300
v 1.40185499 14.98155975 -69.97982025
v -36.06951141 -48.06618881 -56.94850922
v -45.34730911 -34.87238693 -51.13009262
v -60.82658005 -8.44907188 -33.79740143
v -54.51556778 4.77395248 -43.74419022
v -54.27308655 -8.44907188 -43.54961777
v -46.17221451 -8.44907188 -52.06019592
v -36.48128128 -21.66559982 -58.64657593
v -64.47303009 -34.87238693 -22.66921234
v -63.86137009 -48.06618881 -21.58398247
v -67.36801147 -34.87238693 -11.49852276
v -65.64585114 -8.44907188 -23.08158493
v -64.47303009 -34.87238693 22.66921234
v -63.22235489 -48.06618881 23.38966370
v -59.73986053 -34.87238693 33.19358063
v -67.36801147 -34.87238693 11.49852276
v -68.34226227 -34.87238693 0.00000000
v -67.40345001 -48.06618881 0.95770878
v 4.48856831 10.80679226 69.82520294
v 4.20760584 11.18752670 69.84584808
v -3.44574142 4.77395248 69.81137848
v -60.82658005 -8.44907188 33.79740143
v -54.51556778 4.77395248 43.74419022
v 21.37031364 -12.17714787 66.09120178
v 21.09859085 -11.80664158 66.19227600
v 8.31194305 -8.44907188 69.08725739
v 13.69555569 -1.69726276 68.41274261
v 13.41893959 -1.31983030 68.47643280
v 29.95266914 -23.78979874 62.12068176
v 19.46326637 -34.87238693 65.51218414
v 30.20817184 -34.87238693 61.30359650
v 27.02713013 -19.85613441 63.65013504
v 27.29417229 -20.21644783 63.51838303
v 30.74603081 -24.85102272 61.67230988
v 30.48176384 -24.49781036 61.82331085
v 30.21730995 -24.14406967 61.97276688
v 31.27400017 -25.55585670 61.36568832
v 31.01010895 -25.20370483 61.51977158
v 31.53770447 -25.90747833 61.21006393
v 31.80122185 -26.25857162 61.05289459
v 30.81464386 -48.06618881 59.95498657
v 40.00533295 -48.06618881 54.25602341
v 40.33507156 -37.57152176 54.95476151
v 48.16645432 -48.06618881 47.16073608
v 29.42271233 -23.07954597 62.41202545
v 29.68782997 -23.43498611 62.26706696
v 28.89179993 -22.36695099 62.69747543
v 28.62601280 -22.00981331 62.83796310
v 29.15736961 -22.72353363 62.55549622
v 28.36006165 -21.65220642 62.97698593
v 28.09390831 -21.29407310 63.11452866
v 27.82755470 -20.93541336 63.25058746
v 27.56098938 -20.57621574 63.38518906
v 26.75986481 -19.49527168 63.78044128
v 26.49238777 -19.13389015 63.90930939
v 25.95684242 -18.40966415 64.16277313
v 26.22471809 -18.77203369 64.03675842
v 25.42046547 -17.68341446 64.41053009
v 25.68875885 -18.04678535 64.28736115
v 24.88325119 -16.95524597 64.65265656
v 25.15196228 -17.31957436 64.53230286
v 24.61433029 -16.59042740 64.77160645
v 23.53676414 -15.12686253 65.23337555
v 23.80644035 -15.49340630 65.12003326
v 23.26681900 -14.75980473 65.34535980
v 22.99657059 -14.39219666 65.45600891
v 22.72606850 -14.02408791 65.56529999
v 22.45531082 -13.65547657 65.67321777
v 22.18435669 -13.28647804 65.77977753
v 21.91322136 -12.91711998 65.88494873
v 21.64187431 -12.54734325 65.98876190
v 20.82670593 -11.43582916 66.29197693
v 20.55464172 -11.06466770 66.39031982
v 20.28239822 -10.69315720 66.48728943
v 20.01006889 -10.32148075 66.58287811
v 8.16344357 -34.87238693 67.85295105
v 19.73764420 -9.94961548 66.67708588
v 8.25005913 -21.66559982 68.57289124
v 19.46509552 -9.57750797 66.76992035
v 19.19242287 -9.20515919 66.86137390
v 18.91945267 -8.83237839 66.95153809
v 18.64623070 -8.45921707 67.04039001
v 18.37279129 -8.08571339 67.12789917
v 18.09913635 -7.71186781 67.21408081
v 17.82529259 -7.33776855 67.29894257
v 17.55125046 -6.96338034 67.38246918
v 17.27700615 -6.58869267 67.46466827
v 17.00255775 -6.21370506 67.54553223
v 16.45313263 -5.46307278 67.70330048
v 16.72793770 -5.83851480 67.62508392
v 15.90295219 -4.71141815 67.85575867
v 16.17813683 -5.08737421 67.78019714
v 15.35209751 -3.95898890 68.00293732
v 15.62761307 -4.33531094 67.93000793
v 14.80054474 -3.20570779 68.14481354
v 15.07640743 -3.58245277 68.07453918
v 14.24837112 -2.45182276 68.28141785
v 13.97204208 -2.07462287 68.34774017
v 14.52453804 -2.82885122 68.21377563
v 13.14217472 -0.94226903 68.53881073
v 12.86526299 -0.56457871 68.59986115
v 12.58820915 -0.18677710 68.65959930
v 12.31103802 0.19105734 68.71803284
v 12.03373241 0.56897807 68.77514648
v -3.36912775 -34.87238693 68.25916290
v 11.75629330 0.94698513 68.83094788
v 11.47872829 1.32505453 68.88542938
v 11.20105839 1.70311749 68.93861389
v 10.92326832 2.08122420 68.99047852
v 10.64535713 2.45937443 69.04103851
v 10.08898640 3.21596551 69.13825989
v 8.34907913 4.77395248 69.39592743
v 10.36728764 2.83760071 69.09029388
v 9.81050968 3.59441972 69.18492889
v 9.53186035 3.97296309 69.23029327
v -14.80564117 -34.87238693 66.71924591
v -13.13093472 -48.06618881 66.11899567
v 9.25294304 4.35171986 69.27437592
v 8.97363758 4.73085260 69.31718445
v 8.41418266 5.48981571 69.39896393
v 8.13414574 5.86952925 69.43791199
v -3.43041515 -8.44907188 69.50086212
v 7.57376099 6.62910604 69.51190186
v 7.85403919 6.24925852 69.47555542
v 7.29331207 7.00907230 69.54695129
v 6.73240662 7.76883125 69.61311340
v 6.45192719 8.14864731 69.64422607
v 7.01283598 7.38900709 69.58069611
v 6.17139721 8.52845669 69.67403412
v 5.89093304 8.90814495 69.70251465
v 5.61056376 9.28768349 69.72966766
v -24.13209534 -48.06618881 62.94271088
v -25.82003212 -34.87238693 63.27709579
v 5.33022928 9.66713142 69.75550842
v 5.04992962 10.04648876 69.78002167
v 4.76938009 10.42636681 69.80325317
v 3.92649221 11.56856918 69.86519623
v -15.14232063 4.77395248 68.23643494
v -15.07496929 -8.44907188 67.93292999
v -26.28972054 -8.44907188 64.42816162
v -26.09398842 -21.66559982 63.94848251
v 3.08599257 12.71327972 69.91535187
v 3.36583185 12.33143520 69.89994812
v 3.64593148 11.94986916 69.88322449
v 2.52776432 13.47857189 69.94223785
v 2.80641341 13.09540462 69.92945099
v 2.24986100 13.86257362 69.95371246
v 1.97257137 14.24725819 69.96387482
v 1.69589579 14.63262558 69.97271729
v 1.42368197 15.02204227 69.98030090
v 0.88758302 15.80860043 69.99160767
v 1.15440059 15.41417027 69.98659515
v 0.62322927 16.20532990 69.99532318
v -36.75492859 -8.44907188 59.08648300
v -36.48128128 -21.66559982 58.64657593
v 0.40159816 16.63148117 69.99813080
v 0.20244208 17.07341194 69.99983215
v 0.02347631 17.52958488 70.00041199
v -46.17221451 -8.44907188 52.06019592
v -45.82845306 -21.66559982 51.67259598
v -14.96273327 -21.66559982 67.42715454
v -36.91913986 4.77395248 59.35047150
v -46.37850189 4.77395248 52.29278946
v -34.43696213 -48.06618881 57.95030975
v -36.09826660 -34.87238693 58.03085327
v -54.27308655 -8.44907188 43.54961777
v -43.74820328 -48.06618881 51.28584290
v -45.34730911 -34.87238693 51.13009262
v -53.30345154 -34.87238693 42.77156448
v -58.35157776 -48.06618881 33.75257111
v -51.79715347 -48.06618881 43.14159775
v -65.64585114 -8.44907188 23.08158493
v -68.59349060 -8.44907188 11.70769119
v 0.88235098 15.77367687 -69.99125671
v 1.13407123 15.37058926 -69.98610687
v -69.58546448 -8.44907188 0.00000000
v -66.26895142 -48.06618881 12.35188389
v -66.59313202 -48.06618881 -10.46409893
v -68.59349060 -8.44907188 -11.70769119
v -59.73986053 -34.87238693 -33.19358063
v -53.30345154 -34.87238693 -42.77156448
v -53.00196075 -48.06618881 -41.65254974
v -59.28698349 -48.06618881 -32.08109283
v -45.18764877 -48.06618881 -50.02218628
v 0.64669412 16.19082260 -69.99526215
v 0.42710069 16.62202835 -69.99813080
v 0.22357066 17.06729317 -69.99984741
v 0.03610404 17.52661705 -70.00043488
v 20.01708603 -10.33102798 -66.58049774
v 8.98093510 4.72116470 -69.31623077
v 8.70368004 5.09744501 -69.35751343
v 8.42565155 5.47464752 -69.39759064
v -15.14232063 4.77395248 -68.23643494
v -26.40717888 4.77395248 -64.71601105
v -36.91913986 4.77395248 -59.35047150
v -46.37850189 4.77395248 -52.29278946
v -45.82845306 -21.66559982 -51.67259598
v -53.86901474 -21.66559982 -43.22538376
v -60.37371826 -21.66559982 -33.54577255
v -65.15710449 -21.66559982 -22.90973854
v -68.08280182 -21.66559982 -11.62052536
v -69.06739044 -21.66559982 0.00000000
v -68.08280182 -21.66559982 11.62052536
v -65.15710449 -21.66559982 22.90973854
v -60.37371826 -21.66559982 33.54577255
v -53.86901474 -21.66559982 43.22538376
v -26.40717888 4.77395248 64.71601105
v -1.75090075 -48.06618881 67.38751221
v -3.40487504 -21.66559982 68.98341370
v 9.67965317 -48.06618881 66.71166992
v 20.83091545 -48.06618881 64.11096191
v 8.69405079 5.11021805 69.35871887
v 20.09292793 0.17721786 68.37940216
v 19.75011826 0.49631980 68.44445038
v 20.04426384 19.78136635 69.27163696
v 20.04426384 14.49349689 70.07547760
v 20.04426384 3.88062119 69.37518311
v 16.99846649 3.04049802 68.91780090
v 17.34331512 2.72331548 68.86320496
v 21.11983109 -0.78152752 68.17643738
v 21.46162415 -1.10158920 68.10616302
v 18.03224564 2.08823061 68.75008392
v 17.68790817 2.40589309 68.80729675
v 18.72015953 1.45218611 68.63175201
v 19.40705299 0.81518185 68.50818634
v 18.37632942 1.77032840 68.69157410
v 16.30800819 3.67414355 69.02308655
v 16.65336418 3.35744071 68.97109222
v 25.88174438 -5.28422356 67.07386780
v 26.21997070 -5.60764408 66.98532104
v 24.18679047 -3.67071962 67.49701691
v 23.84703636 -3.34873843 67.57773590
v 19.06373405 1.13380396 68.57061768
v 15.27040958 4.62281227 69.17121124
v 15.61653042 4.30682898 69.12314606
v 15.96239662 3.99060631 69.07376862
v 26.55794334 -5.93130445 66.89546967
v 20.77778435 -0.46170580 68.24539948
v 22.14444351 -1.74243224 67.96171570
v 22.48547173 -2.06321359 67.88752747
v 24.86553574 -4.31540155 67.33167267
v 25.20452690 -4.63810205 67.24704742
v 21.80316162 -1.42189074 68.03459167
v 25.54326248 -4.96104288 67.16110992
v 26.89566040 -6.25520515 66.80430603
v 27.23312378 -6.57934523 66.71184540
v 22.82624435 -2.38423491 67.81204224
v 23.16676331 -2.70549631 67.73524475
v 24.52629089 -3.99294043 67.41500092
v 27.56809807 -6.90126038 66.61677551
v 23.50702667 -3.02699733 67.65714264
v 20.43548393 -0.14212401 68.31304932
v 14.92403412 4.93855524 69.21797943
v 20.04426384 9.17371941 70.11034393
v 14.57740402 5.25405836 69.26343536
v 13.88337994 5.88434458 69.35044098
v 13.53598595 6.19912767 69.39198303
v 14.23051929 5.56932116 69.30759430
v 13.18833733 6.51367140 69.43222046
v 11.44627380 8.08278942 69.61381531
v 12.84043407 6.82797480 69.47114563
v 12.49227524 7.14203835 69.50877380
v 11.79519558 7.76944542 69.58010864
v 12.14386272 7.45586205 69.54509735
v 11.09709740 8.39589310 69.64621735
v 10.39797974 9.02138138 69.70710754
v 10.74766636 8.70875740 69.67731476
v 10.04803944 9.33376503 69.73558807
v 9.69784451 9.64590931 69.76277161
v 8.99668980 10.26947784 69.81321716
v 9.34739494 9.95781326 69.78864288
v 8.29451752 10.89208698 69.85842896
v 8.64573097 10.58090210 69.83647919
v 7.94304895 11.20303154 69.87908173
v 7.59132576 11.51373577 69.89842987
v 6.88711548 12.13442516 69.93320465
v 7.23934793 11.82420063 69.91646576
v 6.53462839 12.44441032 69.94863129
v 5.82889080 13.06366062 69.97557068
v 6.18188715 12.75415516 69.96275330
v 5.47563982 13.37292576 69.98708344
v 5.12213421 13.68195057 69.99729156
v 4.41435909 14.29928112 70.01377869
v 4.76837397 13.99073601 70.00618744
v 3.70556545 14.91565228 70.02505493
v 4.06008959 14.60758686 70.02007294
v 2.99575305 15.53106308 70.03110504
v 3.35078645 15.22347736 70.02873230
v 2.64046502 15.83840847 70.03216553
v 2.28492212 16.14551353 70.03192902
v 1.92912483 16.45238113 70.03038025
v 27.89812469 -7.21823645 66.51767731
v 28.22755623 -7.53507948 66.41707611
v 28.55639839 -7.85178947 66.31497955
v 28.88464546 -8.16836643 66.21137238
v 29.21230125 -8.48481083 66.10626984
v 29.53936386 -8.80112171 65.99965668
v 29.86583519 -9.11730003 65.89154816
v 30.19171143 -9.43334579 65.78193665
v 30.51699829 -9.74925804 65.67082977
v 30.84169006 -10.06503677 65.55821228
v 31.16579056 -10.38068295 65.44409180
v 31.48929787 -10.69619656 65.32847595
v 31.81221199 -11.01157665 65.21135712
v 32.13453293 -11.32682419 65.09273529
v 32.45626450 -11.64193916 64.97261047
v 33.09794617 -12.27176952 64.72785187
v 33.41789627 -12.58648491 64.60322571
v 32.77740097 -11.95692062 64.85098267
v 33.73725891 -12.90106773 64.47708893
v 34.05602264 -13.21551704 64.34945679
v 34.37419891 -13.52983379 64.22032166
v 34.69178009 -13.84401703 64.08968353
v 35.00876999 -14.15806770 63.95754623
v 35.32516479 -14.47198582 63.82390213
v 35.64096832 -14.78577042 63.68875885
v 35.95618057 -15.09942245 63.55211639
v 36.27079773 -15.41294193 63.41396713
v 36.58482361 -15.72632790 63.27431870
v 36.89825821 -16.03958130 63.13316727
v 37.21109772 -16.35270119 62.99051666
v 37.52334595 -16.66568756 62.84635925
v 37.83500290 -16.97854233 62.70070267
v 38.14606476 -17.29126358 62.55354691
v 38.45653534 -17.60385132 62.40488434
v 38.76641464 -17.91630554 62.25472260
v 39.07569885 -18.22862816 62.10305786
v 39.38439178 -18.54081726 61.94989395
v 39.69249344 -18.85287476 61.79522324
v 0.08960813 18.92588806 69.98522949
v 0.11121155 18.45417404 69.99794769
v 2.81189895 21.15896416 69.76854706
v 2.39757204 20.93536377 69.80728912
v 3.63095713 21.62090111 69.67716217
v 20.04426384 24.98018265 67.71395874
v 11.97339153 29.19754982 66.68213654
v 11.73318577 28.83864784 66.87357330
v 5.22274828 22.60931206 69.43553162
v 5.60962152 22.87031746 69.36227417
v 20.04426384 30.03302765 65.41806030
v 13.68640041 32.53507996 64.70015717
v 1.98050654 20.71616554 69.84155273
v 13.53668976 32.15806198 64.94223785
v 13.37671566 31.78193474 65.17908478
v 13.20665932 31.40695572 65.41065979
v 12.83586121 30.66164589 65.85733795
v 12.63522148 30.29188919 66.07223511
v 12.42456532 29.92442703 66.28141022
v 12.20391560 29.55955696 66.48474121
v 11.48344994 28.48310471 67.05899048
v 11.22431850 28.13118172 67.23831940
v 10.95599651 27.78310013 67.41152954
v 10.67870045 27.43907738 67.57860565
v 9.79521656 26.43333244 68.04291534
v 9.48437023 26.10741806 68.18544769
v 10.09808540 26.76400375 67.89430237
v 9.16567612 25.78648949 68.32181549
v 8.83957195 25.47055817 68.45220947
v 8.16577721 24.85442162 68.69491577
v 8.50613499 25.15987015 68.57652283
v 7.81866312 24.55438042 68.80738068
v 7.46511269 24.25977707 68.91401672
v 7.10536337 23.97069740 69.01488495
v 6.73967361 23.68719101 69.11004639
v 6.36832047 23.40927696 69.19961548
v 4.83120584 22.35391045 69.50355530
v 4.03508472 21.85974884 69.62428284
v 4.43524265 22.10406685 69.56644440
v 3.22315454 21.38734245 69.72523499
v 1.14163280 20.28509331 69.89738464
v 1.56143725 20.50017738 69.87149811
v 0.11210291 19.39690018 69.96487427
v 1.57307279 16.75900650 70.02752686
v 0.33289936 19.80272484 69.94062042
v 0.86020476 17.37153816 70.01790619
v 1.21676612 17.06539154 70.02337646
v 0.50338876 17.67744446 70.01113892
v 0.14631812 17.98311043 70.00306702
v 13.02628517 31.03344154 65.63674164
v 10.39264584 27.09931755 67.73952484
v 5.99155903 23.13697624 69.28366852
v 0.72483277 20.06390190 69.91973114
v -64.66362762 -75.00000000 -11.04422188
v 46.94329071 -75.00000000 -45.82234573
v 38.55871201 -75.00000000 -53.07151413
v 61.24279022 -66.06605530 24.95786476
v 58.55973053 -62.42150879 31.23605347
v 60.14156723 -75.00000000 26.19831657
v -65.59999847 -75.00000000 -0.00000000
v -64.63921356 -75.00000000 11.18625546
v -61.78498840 -75.00000000 22.04483986
v -57.12094116 -75.00000000 32.25767899
v -50.78369141 -75.00000000 41.52561569
v -42.95886230 -75.00000000 49.57717133
v -33.87567520 -75.00000000 56.17649460
v -23.80018616 -75.00000000 61.13027954
v -13.02753448 -75.00000000 64.29341888
v -1.87327695 -75.00000000 65.57324982
v 9.33585358 -75.00000000 64.93228912
v 20.27151489 -75.00000000 62.38930893
v -61.88125610 -75.00000000 -21.77315521
v -57.33230209 -75.00000000 -31.88051224
v -51.14663696 -75.00000000 -41.07774734
v -43.50084686 -75.00000000 -49.10230637
v -34.61320114 -75.00000000 -55.72509766
v -24.73742104 -75.00000000 -60.75705719
v -14.15544319 -75.00000000 -64.05453491
v -3.16935778 -75.00000000 -65.52339172
v 7.90720606 -75.00000000 -65.12170410
v 18.75803566 -75.00000000 -62.86092758
v 29.07336617 -75.00000000 -58.80560684
v 59.49095917 -75.00000000 -27.64391327
v 58.57614899 -62.44391632 -31.20208359
v 61.27865982 -66.11449432 -24.86152077
v 51.96701050 -53.35211182 -42.30083847
v 53.98774338 -75.00000000 -37.26504898
v 65.29375458 -75.00000000 -6.33131313
v 64.90169525 -70.95784760 -11.03338051
v 65.67073822 -71.97760010 -3.66342688
v 63.29583740 -75.00000000 -17.23360443
v 63.40974045 -68.97447968 -18.13535309
v 51.93608475 -53.30928040 42.34383774
v 54.87244034 -75.00000000 35.94961929
v 55.43431473 -58.13821793 37.02518082
v 63.69378281 -75.00000000 15.69910717
v 64.88762665 -70.93919373 11.12248421
v 63.39295578 -68.95207977 18.19884491
v 39.82986069 -75.00000000 52.12429428
v 48.03682327 -75.00000000 44.67464066
v 30.48583984 -75.00000000 58.08591461
v 65.66647339 -71.97193909 3.74476242
v 65.42768097 -75.00000000 4.75172281
v 55.45045853 -58.16042328 -36.99819946
v 18.43783569 -1.66982913 -67.86854553
v 18.14709282 -1.35591459 -67.93968201
v 19.11484718 -0.55044878 -68.12551117
v 17.86104965 -1.04739654 -68.00856781
v 18.81597710 -0.25152943 -68.19042206
v 16.49351692 -3.35929322 -67.81525421
v 16.74958038 -3.68293071 -67.74570465
v 17.58352470 -0.74842185 -68.07420349
v 18.52597427 0.03807925 -68.25222015
v 16.22785187 -3.02367806 -67.88629913
v 17.30982399 -0.45394519 -68.13768005
v 18.23992920 0.32326168 -68.31191254
v 15.96657562 -2.69375730 -67.95512390
v 17.95293617 0.60889381 -68.37052155
v 15.46338463 -2.05888200 -68.08425903
v 15.71318245 -2.37395906 -68.02075195
v 14.95743561 -1.42129314 -68.20926666
v 15.21290398 -1.74313343 -68.14673615
v 14.69258118 -1.08782053 -68.27296448
v 17.03525352 -0.15892997 -68.20007324
v 17.66006660 0.89987749 -68.42906952
v 15.89208603 1.06549108 -68.44780731
v 16.75768280 1.79367399 -68.60262299
v 16.17338371 0.76475328 -68.38852692
v 16.75509834 0.14168710 -68.26247406
v 17.35628510 1.20122290 -68.48860168
v 16.46891975 2.07871723 -68.65583801
v 15.61599350 1.36024988 -68.50476074
v 14.42727947 -0.75396216 -68.33572388
v 16.18051147 2.36287379 -68.70772552
v 15.34027672 1.65417314 -68.56037140
v 14.17105865 -0.43172199 -68.39525604
v 15.06013393 1.95237362 -68.61562347
v 15.88743210 2.65108609 -68.75921631
v 13.91968346 -0.11578461 -68.45249939
v 14.77069855 2.26003480 -68.67149353
v 15.58459377 2.94836450 -68.81122589
v 13.66875744 0.19936684 -68.50844574
v 15.27514648 3.25163627 -68.86328125
v 13.41391182 0.51921654 -68.56407928
v 13.15071774 0.84932411 -68.62039185
v 12.88190556 1.18627059 -68.67685699
v 12.62244129 1.51128960 -68.73030853
v 12.36906338 1.82845414 -68.78137207
v 14.97631359 3.54400396 -68.91245270
v 14.47498131 2.57397342 -68.72747803
v 13.63322544 3.46504354 -68.87995148
v 13.35275936 3.76099300 -68.92826080
v 14.10043144 4.39753628 -69.04936981
v 14.18944263 2.87670064 -68.78043365
v 14.68433094 3.82912040 -68.95932770
v 13.06417656 4.06503677 -68.97676086
v 13.79824352 4.69082928 -69.09415436
v 12.11733055 2.14331412 -68.83092499
v 12.76569271 4.37907028 -69.02580261
v 13.48565102 4.99367809 -69.13938141
v 11.86279583 2.46142817 -68.87983704
v 13.18164253 5.28768301 -69.18231964
v 12.47544193 4.68401480 -69.07242584
v 11.60099983 2.78837013 -68.92900085
v 12.88596439 5.57305670 -69.22294617
v 12.19318199 4.98009586 -69.11660767
v 11.33032036 3.12617493 -68.97875977
v 10.55850887 4.08797121 -69.11427307
v 10.81142426 3.77305794 -69.07102203
v 10.30394554 4.40466785 -69.15661621
v 12.59342575 5.85478830 -69.26194763
v 11.04540062 6.17896557 -69.28385162
v 11.68317604 6.72762108 -69.37609100
v 11.34476185 5.86701965 -69.24199677
v 11.91396046 5.27249384 -69.15908813
v 12.29881191 6.13789129 -69.30002594
v 11.37355614 7.02337885 -69.41279602
v 10.75003529 6.48630190 -69.32409668
v 10.04326057 4.72871685 -69.19882965
v 10.46405983 6.78338814 -69.36193848
v 11.07373619 7.30918121 -69.44725037
v 9.77242756 5.06512833 -69.24158478
v 10.18246269 7.07541513 -69.39801025
v 10.77846241 7.59001827 -69.48002625
v 9.50530243 5.39669991 -69.28275299
v 9.90026379 7.36753988 -69.43294525
v 10.48251247 7.87084675 -69.51169586
v 9.24676895 5.71735764 -69.32151794
v 9.61246109 7.66494560 -69.46737671
v 10.18064022 8.15664959 -69.54284668
v 8.99229813 6.03271055 -69.35852051
v 8.20816898 7.00282192 -69.46544647
v 8.47753239 6.66982460 -69.42983246
v 11.06719875 3.45432019 -69.02610779
v 7.93689775 7.33794785 -69.50029755
v 9.86756611 8.45243740 -69.57404327
v 8.72330379 8.58091259 -69.56719971
v 8.43899059 8.87283802 -69.59690857
v 8.94938564 9.31646347 -69.65943909
v 9.31402016 7.97284555 -69.50193024
v 9.55212593 8.74989319 -69.60447693
v 8.15541840 9.16348648 -69.62534332
v 8.65173626 9.59528255 -69.68487549
v 7.67528820 7.66090298 -69.53285980
v 8.34956074 9.87769699 -69.70955658
v 7.86757946 9.45799828 -69.65301514
v 7.41896486 7.97709084 -69.56362152
v 8.03762436 10.16861629 -69.73394012
v 7.57048750 9.76149464 -69.68042755
v 7.16341925 8.29207897 -69.59313202
v 7.26592016 10.07218552 -69.70747375
v 7.71779585 10.46632957 -69.75794220
v 6.90413809 8.61144161 -69.62190247
v 6.97157001 10.37201786 -69.73257446
v 7.40865231 10.75353622 -69.78014374
v 6.63662672 8.94072819 -69.65046692
v 6.36248207 9.27799320 -69.67870331
v 6.09763098 9.60364437 -69.70496368
v 5.83926249 9.92116356 -69.72946167
v 8.73739243 6.34833241 -69.39440918
v 5.58290052 10.23608112 -69.75261688
v 7.10690308 11.03328609 -69.80073547
v 6.19379663 11.87631798 -69.85633087
v 6.11115217 11.24581242 -69.79901123
v 5.81533051 11.54540539 -69.81949615
v 6.80731583 11.31044197 -69.82007599
v 6.68430614 10.66418457 -69.75593567
v 5.50914240 11.85515690 -69.83963013
v 5.87195587 12.17240429 -69.87380219
v 5.32410097 10.55388832 -69.77482605
v 5.21058416 12.15686989 -69.85824585
v 5.55808783 12.46069431 -69.88987732
v 5.05838156 10.88012314 -69.79650116
v 4.92044401 12.44980812 -69.87525177
v 5.25301695 12.74047565 -69.90447998
v 4.78345585 11.21762180 -69.81787109
v 4.95163822 13.01650143 -69.91783905
v 4.63387156 12.73895550 -69.89089966
v 4.51548243 11.54655647 -69.83769226
v 4.64881468 13.29355335 -69.93017578
v 3.99819732 12.18184185 -69.87265778
v 4.25517797 11.86614704 -69.85585785
v 3.47672415 12.82347870 -69.90327454
v 3.74016666 12.49912930 -69.88836670
v 3.20387387 13.15990925 -69.91764832
v 4.34598351 13.02932739 -69.90545654
v 4.33942223 13.57640171 -69.94172668
v 3.16468406 14.22178268 -69.95449066
v 3.40560293 14.42990017 -69.97087097
v 3.45118308 13.93213463 -69.94416809
v 4.05190992 13.32592392 -69.91919708
v 4.01876736 13.86942291 -69.95270538
v 3.09533739 14.71406460 -69.97848511
v 2.87004757 14.52040100 -69.96398163
v 2.93894768 13.48716259 -69.93060303
v 2.77967620 15.00377369 -69.98531342
v 2.57036328 14.82501793 -69.97263336
v 2.68268442 13.80468845 -69.94203949
v 2.28513002 15.11638546 -69.97982788
v 2.47913957 15.28069210 -69.99085999
v 2.41931343 14.13237667 -69.95265198
v 1.99833643 15.41170025 -69.98597717
v 2.17683387 15.56113052 -69.99543762
v 2.15159369 14.46695614 -69.96243286
v 1.86280763 15.85477734 -69.99926758
v 1.89697957 14.78734303 -69.97069550
v 1.64122367 15.11251163 -69.97789001
v 1.37592983 15.45372200 -69.98432922
v 1.12486529 15.78176498 -69.98945618
v 0.88048452 16.11082840 -69.99343872
v 1.56510103 16.13639641 -70.00202942
v 1.70054901 15.72117138 -69.99134064
v 0.86133653 16.63077354 -70.00063324
v 0.59987873 16.93940163 -70.00178528
v 0.69963503 17.00688171 -70.00484467
v 1.41838443 16.01824188 -69.99547577
v 1.27445984 16.41784477 -70.00379944
v 0.35101706 17.26548004 -70.00208282
v 0.43520838 17.31340408 -70.00420380
v 0.63092113 16.46067619 -69.99653625
v 0.13904487 17.61391640 -70.00170135
v 0.20811586 17.63908386 -70.00304413
v 0.40032703 16.80440140 -69.99857330
v 0.18260896 17.16961098 -69.99971771
v 0.00088858 17.56357574 -70.00009918
v 16.99956322 -3.99904275 -67.67664337
v 20.28002739 -1.71991050 -67.86096954
v 19.26258278 -2.56231236 -67.65959167
v 19.99674416 -1.43492746 -67.92718506
v 18.71796608 -1.97261167 -67.79885101
v 19.41859627 -0.85465652 -68.05841827
v 19.53638077 -2.85929990 -67.58763885
v 20.56592941 -2.00796652 -67.79283905
v 17.24772644 -4.31301069 -67.60687256
v 20.28961372 -8.17140484 -66.66165924
v 20.53497314 -8.48327827 -66.57794189
v 17.49832535 -4.63021612 -67.53520203
v 18.02061272 -5.29174089 -67.38232422
v 17.75564003 -4.95606661 -67.46042633
v 20.85934067 -2.30400062 -67.72164917
v 19.81740189 -3.16445041 -67.51251221
v 18.27738190 -5.61714697 -67.30558014
v 18.52684975 -5.93342257 -67.22986603
v 20.10667610 -3.47886181 -67.43401337
v 18.77331734 -6.24602127 -67.15385437
v 21.16133690 -2.60907483 -67.64720154
v 20.38689423 -3.78371310 -67.35684204
v 19.02111435 -6.56042767 -67.07619476
v 21.45384789 -2.90492511 -67.57395172
v 20.65903091 -4.08007145 -67.28065491
v 19.27453804 -6.88208580 -66.99556732
v 21.73789024 -3.19259000 -67.50157928
v 20.92777634 -4.37304640 -67.20412445
v 22.58824539 -4.05613708 -67.27696991
v 22.88659859 -4.35984802 -67.19557953
v 21.75992584 -5.28201008 -66.95924377
v 22.01835823 -3.47702813 -67.42881012
v 21.19785309 -4.66777515 -67.12589264
v 23.17950249 -4.65832472 -67.11452484
v 22.04071236 -5.58922529 -66.87426758
v 19.53713799 -7.21549368 -66.91088104
v 22.54113197 -11.03565216 -65.85128021
v 22.80093765 -11.36642265 -65.75162506
v 19.79506302 -7.54305553 -66.82665253
v 20.04441833 -7.85982752 -66.74407196
v 22.31205940 -5.88636923 -66.79092407
v 23.46253014 -4.94706583 -67.03497314
v 20.78483391 -8.80095768 -66.49146271
v 22.57876396 -6.17868900 -66.70770264
v 21.04350090 -9.12990475 -66.40075684
v 22.84552574 -6.47133493 -66.62313843
v 23.74068069 -5.23117113 -66.95548248
v 21.30283737 -9.45976543 -66.30874634
v 24.01885986 -5.51564455 -66.87462616
v 23.11706543 -6.76947355 -66.53572845
v 21.55248642 -9.77736378 -66.21903992
v 23.39806175 -7.07822752 -66.44401550
v 24.30199051 -5.80550718 -66.79100037
v 24.21577072 -7.97794342 -66.17007446
v 25.17101288 -6.69690084 -66.52700806
v 25.44730377 -6.98086357 -66.44056702
v 24.59494972 -6.10573673 -66.70318604
v 23.67968559 -7.38787460 -66.35094452
v 25.72231293 -7.26379728 -66.35316467
v 24.47966003 -8.26873398 -66.07904053
v 21.79680061 -10.08823681 -66.13003540
v 25.02499962 -14.19879436 -64.84430695
v 24.78454781 -13.89256668 -64.94714355
v 22.04011726 -10.39789391 -66.04014587
v 22.28678894 -10.71186924 -65.94775391
v 26.00095749 -7.55075312 -66.26323700
v 24.74706650 -8.56361198 -65.98543549
v 23.05122757 -11.68511009 -65.65450287
v 25.02267647 -8.86773300 -65.88765717
v 23.29505539 -11.99559498 -65.55867004
v 26.28812218 -7.84674454 -66.16924286
v 25.30410194 -9.17844296 -65.78662872
v 23.53674698 -12.30338287 -65.46241760
v 26.58131790 -8.14918613 -66.07205963
v 25.57511711 -9.47782803 -65.68813324
v 23.78059959 -12.61393738 -65.36402130
v 26.86364174 -8.44064236 -65.97725677
v 25.83901978 -9.76953220 -65.59091187
v 27.96721840 -9.58230972 -65.59296417
v 26.63476372 -10.65014935 -65.28949738
v 27.68546104 -9.29048252 -65.69316101
v 26.10049248 -10.05872822 -65.49322510
v 27.13852882 -8.72465992 -65.88363647
v 26.91423416 -10.95973396 -65.18099213
v 28.25820351 -9.88389397 -65.48821259
v 24.03092957 -12.93275642 -65.26176453
v 26.74445343 -16.38794518 -64.07433319
v 26.98792458 -16.69776344 -63.96020889
v 24.28958511 -13.26217842 -65.15494537
v 24.54082489 -13.58216190 -65.05007935
v 27.18559265 -11.26046467 -65.07444763
v 25.26644325 -14.50627136 -64.73974609
v 27.44871902 -11.55220604 -64.96982574
v 28.54071808 -10.17688370 -65.38529205
v 25.51314545 -14.82042599 -64.63162231
v 28.81463814 -10.46115017 -65.28417969
v 27.70819473 -11.84003639 -64.86528015
v 25.76899338 -15.14620018 -64.51828003
v 27.96862221 -12.12905312 -64.75894928
v 29.08473015 -10.74163914 -65.18308258
v 26.02146339 -15.46764946 -64.40531158
v 29.35578537 -11.02331924 -65.08019257
v 28.23460579 -12.42435646 -64.64897919
v 30.20254898 -11.90427685 -64.75060272
v 30.47586060 -12.18891621 -64.64168549
v 29.04501915 -13.32469749 -64.30637360
v 29.63259697 -11.31115913 -64.97371674
v 28.51033783 -12.73058987 -64.53366089
v 30.74416733 -12.46849060 -64.53335571
v 29.30291939 -13.61140633 -64.19470978
v 26.26539993 -15.77820015 -64.29495239
v 28.95570755 -19.19950485 -62.99278641
v 29.19781113 -19.50699425 -62.86808777
v 26.50500107 -16.08318901 -64.18527222
v 27.23960876 -17.01797867 -63.84098053
v 29.56054306 -13.89789677 -64.08173370
v 27.49330330 -17.34069443 -63.71964264
v 31.01216125 -12.74788284 -64.42369843
v 29.82237244 -14.18914890 -63.96550369
v 27.73773766 -17.65156746 -63.60152435
v 30.09292221 -14.49017143 -63.84403992
v 31.28450584 -13.03194523 -64.31081390
v 27.97685623 -17.95561218 -63.48467636
v 31.56589508 -13.32556534 -64.19279480
v 30.36552620 -14.79353809 -63.72040939
v 28.21471214 -18.25797844 -63.36709976
v 30.62807655 -15.08576584 -63.60004425
v 31.84940147 -13.62149239 -64.07262421
v 31.39820099 -15.94331741 -63.23840332
v 32.65476608 -14.46274757 -63.72301483
v 32.92314529 -14.74332714 -63.60352325
v 32.12242889 -13.90657711 -63.95556641
v 30.88480186 -15.37156868 -63.48094940
v 28.45538712 -18.56385422 -63.24677658
v 28.70294762 -18.87841225 -63.12170029
v 33.19905853 -15.03190422 -63.47922516
v 31.66361809 -16.23900795 -63.11084747
v 29.43447113 -19.80749702 -62.74485016
v 31.93449783 -16.54084969 -62.97935486
v 29.67302895 -20.11032867 -62.61923981
v 33.48062134 -15.32651520 -63.35103607
v 32.19384384 -16.82991409 -62.85213089
v 29.92073250 -20.42469025 -62.48747253
v 33.75017929 -15.60868263 -63.22694778
v 32.44723511 -17.11241722 -62.72637558
v 30.16892433 -20.73959541 -62.35424042
v 34.01351929 -15.88447666 -63.10422516
v 32.70253754 -17.39711952 -62.59816742
v 34.82986069 -16.74015427 -62.71471024
v 35.09380341 -17.01702690 -62.58601379
v 33.48693848 -18.27221489 -62.19599915
v 34.27882004 -16.16244888 -62.97904968
v 32.96749878 -17.69266319 -62.46365738
v 35.35428619 -17.29036903 -62.45746613
v 33.73768616 -18.55206490 -62.06458282
v 30.40664101 -21.04112816 -62.22534180
v 30.64137268 -21.33878899 -62.09667587
v 30.88057709 -21.64202499 -61.96416092
v 31.12996101 -21.95807648 -61.82468414
v 33.99308777 -18.83715630 -61.92921448
v 35.61957169 -17.56885719 -62.32498169
v 31.60623360 -22.56140709 -61.55455780
v 31.37208939 -22.26484680 -61.68804550
v 34.25923920 -19.13429451 -61.78671646
v 31.83993721 -22.85730171 -61.41989899
v 34.51753998 -19.42270470 -61.64709854
v 35.89600754 -17.85914040 -62.18546295
v 32.08073044 -23.16207123 -61.27974701
v 36.16426849 -18.14091873 -62.04870605
v 34.76720428 -19.70150948 -61.51068497
v 32.32586670 -23.47224045 -61.13579178
v 35.01627350 -19.97968483 -61.37305450
v 36.42353821 -18.41333580 -61.91503143
v 35.78137207 -20.83434296 -60.94158173
v 35.53379822 -20.55776978 -61.08262253
v 37.21949768 -19.25012589 -61.49518585
v 36.68217087 -18.68516350 -61.78009796
v 35.27277756 -20.26619339 -61.22978973
v 33.03720474 -24.37163544 -60.70977402
v 34.62252808 -22.84531212 -60.52693558
v 34.32563782 -23.63698769 -60.40747833
v 32.55848312 -23.76646042 -60.99783707
v 33.02006531 -24.93159103 -60.62567139
v 34.37923431 -22.55587387 -60.67306519
v 32.80052567 -24.07249260 -60.85287857
v 37.47651291 -19.52045250 -61.35673523
v 37.74379730 -19.80163956 -61.21118164
v 36.03885269 -21.12200737 -60.79335785
v 38.55429840 -20.14324188 -61.02133560
v 38.00502396 -20.07650566 -61.06741714
v 36.29051971 -21.40318489 -60.64701843
v 0.26681608 17.21754646 -70.00058746
v 0.50010723 16.87190628 -69.99969482
v 0.97651732 16.71578789 -70.00473785
v 0.74613428 16.54573441 -69.99790192
v 1.14315808 16.31554413 -69.99849701
v 1.01182759 16.21319962 -69.99504852
v 1.27163148 15.90002537 -69.99128723
v 1.53824568 15.58747768 -69.98635864
v 1.81978524 15.26214886 -69.98012543
v 2.09105825 14.95192051 -69.97310638
v 2.36097884 14.64605904 -69.96500397
v 2.64467669 14.32647896 -69.95536804
v 2.92367506 14.01334667 -69.94488525
v 3.70721793 14.15410137 -69.96244812
v 3.19504929 13.70978451 -69.93355560
v 3.74719143 13.63333511 -69.93236542
v 3.47550797 13.39678478 -69.92067719
v 3.76428199 13.07489586 -69.90637970
v 4.04302788 12.76445580 -69.89151764
v 4.31597376 12.46066284 -69.87583160
v 4.58773470 12.15828133 -69.85903931
v 4.86293888 11.85206032 -69.84085083
v 5.14618349 11.53678608 -69.82097626
v 5.43671656 11.21321487 -69.79953766
v 6.50469303 11.58983040 -69.83849335
v 5.71746111 10.90035725 -69.77777863
v 6.39914846 10.95376778 -69.77795410
v 5.99083185 10.59549046 -69.75545502
v 6.26156092 10.29330349 -69.73216248
v 6.53434372 9.98852825 -69.70749664
v 6.81390667 9.67586040 -69.68105316
v 7.10322046 9.35196400 -69.65258026
v 7.38547802 9.03565598 -69.62377930
v 7.65899181 8.72880363 -69.59474182
v 7.92850161 8.42607498 -69.56494904
v 9.24776459 9.03630829 -69.63279724
v 8.19876766 8.12211323 -69.53385925
v 9.01336193 8.28257656 -69.53570557
v 8.47454357 7.81157017 -69.50095367
v 8.76044369 7.48925257 -69.46569824
v 9.04427814 7.16891813 -69.42967224
v 9.31804180 6.85958529 -69.39381409
v 9.58652115 6.55583048 -69.35747528
v 9.85447979 6.25226498 -69.31998444
v 10.12665176 5.94352484 -69.28070831
v 10.40780735 5.62421274 -69.23896790
v 11.99694824 6.42734241 -69.33786774
v 10.69281006 5.30018282 -69.19560242
v 11.63280010 5.56641245 -69.20063782
v 10.96707630 4.98800325 -69.15277863
v 11.23483849 4.68284655 -69.10980225
v 11.50080490 4.37934637 -69.06590271
v 11.76971245 4.07210064 -69.02028656
v 12.04627991 3.75573015 -68.97219086
v 12.33073616 3.42999554 -68.92163086
v 12.60579777 3.11468673 -68.87167358
v 14.39407921 4.11196804 -69.00469208
v 12.87316895 2.80783987 -68.82194519
v 13.13753319 2.50407839 -68.77155304
v 13.91048813 3.17200303 -68.83096313
v 13.40355968 2.19804168 -68.71961975
v 13.67591190 1.88437629 -68.66523743
v 13.95801449 1.55915475 -68.60777283
v 14.23416710 1.24049222 -68.55046082
v 14.50149727 0.93168807 -68.49382782
v 14.76465130 0.62737471 -68.43685150
v 15.02821064 0.32225758 -68.37854767
v 17.05184746 1.50277245 -68.54717255
v 15.29678535 0.01101052 -68.31790924
v 16.46453667 0.45308125 -68.32598877
v 15.57481480 -0.31149790 -68.25395966
v 15.85231876 -0.63366926 -68.18904877
v 16.11992836 -0.94463903 -68.12532043
v 16.38224983 -1.24976039 -68.06163025
v 16.64378548 -1.55427098 -67.99687195
v 16.90902138 -1.86338031 -67.92994690
v 17.18244553 -2.18230748 -67.85975647
v 17.46040344 -2.50676918 -67.78729248
v 19.71122169 -1.14813650 -67.99262238
v 17.72825432 -2.81968093 -67.71633911
v 18.99132919 -2.26842785 -67.72959900
v 17.98968124 -3.12534714 -67.64586639
v 18.24913597 -3.42897081 -67.57466888
v 18.51107025 -3.73575497 -67.50152588
v 18.77996063 -4.05092764 -67.42520142
v 19.05678940 -4.37562704 -67.34547424
v 19.32499313 -4.69041634 -67.26712036
v 19.58550262 -4.99639750 -67.18981934
v 19.84281349 -5.29884529 -67.11219025
v 22.30018044 -3.76322675 -67.35436249
v 20.10144424 -5.60306501 -67.03288269
v 21.47394562 -4.96935844 -67.04463196
v 20.36587906 -5.91432285 -66.95053864
v 20.63982773 -6.23696995 -66.86403656
v 20.90884018 -6.55397654 -66.77799225
v 21.16885376 -6.86055899 -66.69362640
v 21.42445946 -7.16213083 -66.60942841
v 21.68016624 -7.46400690 -66.52389526
v 21.94050026 -7.77151775 -66.43552399
v 22.20994186 -8.08994865 -66.34284210
v 24.88853455 -6.40687656 -66.61402130
v 22.48002243 -8.40927601 -66.24880981
v 23.95067978 -7.68604803 -66.26017761
v 22.73995209 -8.71674538 -66.15713501
v 22.99426079 -9.01771450 -66.06616974
v 23.24746132 -9.31751728 -65.97428894
v 23.50408363 -9.62151051 -65.87985229
v 23.76862144 -9.93500805 -65.78124237
v 24.03878021 -10.25527763 -65.67937469
v 24.29898262 -10.56385326 -65.58009338
v 24.55240059 -10.86449337 -65.48213196
v 27.41085434 -9.00627422 -65.78948975
v 24.80352783 -11.16252613 -65.38372803
v 26.36418152 -10.35054493 -65.39334106
v 25.05682945 -11.46324158 -65.28314209
v 25.31679535 -11.77196312 -65.17860413
v 25.58534050 -12.09095383 -65.06940460
v 25.84612846 -12.40080643 -64.96218872
v 26.09904671 -12.70138264 -64.85694885
v 26.34850121 -12.99791336 -64.75181580
v 26.59891319 -13.29565430 -64.64492035
v 26.85471153 -13.59985638 -64.53438568
v 29.91953087 -11.60968304 -64.86201477
v 27.11992455 -13.91530800 -64.41851044
v 28.78233147 -13.03276348 -64.41870117
v 27.38157845 -14.22656822 -64.30302429
v 27.63432312 -14.52727032 -64.19020844
v 27.88250351 -14.82258129 -64.07807922
v 28.13046074 -15.11765957 -63.96466446
v 28.38250923 -15.41763306 -63.84801102
v 28.64299202 -15.72766399 -63.72613144
v 28.90549278 -16.04010391 -63.60210419
v 29.15834808 -16.34107018 -63.48136902
v 32.38937759 -14.18541813 -63.83969498
v 29.40563583 -16.63541222 -63.36194229
v 31.14004898 -15.65579224 -63.36108780
v 29.65154457 -16.92812347 -63.24177170
v 29.90029526 -17.22422409 -63.11879730
v 30.15609360 -17.52872467 -62.99097061
v 30.41719437 -17.83955002 -62.85922623
v 30.66721916 -18.13720322 -62.73178864
v 30.91155052 -18.42808914 -62.60585022
v 31.15776634 -18.72122765 -62.47748947
v 34.55413437 -16.45103645 -62.84764862
v 31.41334724 -19.02552032 -62.34284592
v 33.23287582 -17.98872375 -62.32762527
v 31.66936684 -19.33033371 -62.20670700
v 31.91451073 -19.62220192 -62.07500076
v 32.15650558 -19.91031075 -61.94353867
v 32.40303040 -20.20380974 -61.80814743
v 32.65998077 -20.50970268 -61.66565704
v 32.90938568 -20.80660629 -61.52606964
v 33.15050125 -21.09361649 -61.38970947
v 33.39107895 -21.37997437 -61.25215912
v 36.94849777 -18.96515846 -61.63958359
v 33.63888931 -21.67490768 -61.10900879
v 33.89109802 -21.97505569 -60.96198273
v 34.13035583 -22.25975609 -60.82109451
v 35.69783020 -22.39462471 -60.40152359
v 37.11552429 -21.22350121 -60.60766602
v 49.03913879 -46.67444992 -46.57146835
v 44.76397324 -32.76280975 -53.91368103
v 50.04288483 -45.31975555 -46.13249588
v 41.65679550 -35.89836121 -54.32638550
v 52.38917542 -42.78839493 -45.72292328
v 53.70240021 -41.64403152 -45.75808716
v 43.14398575 -34.28363800 -53.97680283
v 46.48118591 -31.36927414 -54.13839340
v 48.25791550 -30.13362885 -54.64601135
v 57.97338104 -38.88482666 -46.80662918
v 56.51593399 -39.67782974 -46.30464935
v 51.16114044 -44.02201462 -45.84870529
v 55.08015442 -40.60508728 -45.95185852
v 66.42134094 -47.19975281 36.43695831
v 57.69443512 -46.18017960 -40.70186234
v 61.28796387 -50.22760773 -35.27040863
v 59.77370071 -51.59054565 -35.25482559
v 68.04442596 -51.44102859 30.04920959
v 73.01281738 -53.55035782 24.33757019
v 69.99362946 -50.65856934 30.59260941
v 62.37369919 -43.23915863 41.86188889
v 70.47161102 -60.45941162 10.24740601
v 72.48400116 -59.07184219 10.33677673
v 69.08666229 -58.92744064 16.87852859
v 70.91034698 -54.30068207 23.84439850
v 71.18609619 -61.24829483 -3.35983086
v 71.18223572 -61.24402237 3.43454599
v 69.39373779 -62.96331024 3.43567419
v 75.47737885 -58.79592514 3.52686381
v 73.22881317 -59.84223938 3.46523166
v 68.70320892 -62.14938736 10.24859810
v 65.88898468 -62.43167877 17.01524544
v 67.22589874 -64.09674072 10.34032059
v 61.83512497 -63.95122910 24.32282829
v 59.25305557 -60.48567581 30.54409599
v 56.21186066 -56.38825226 36.33156586
v 53.78208923 -50.22076035 41.19637680
v 52.77357864 -51.74375916 41.68976212
v 57.20427322 -54.68983459 35.80381012
v 49.03913879 -46.67444992 46.57146835
v 69.39749146 -62.96774673 -3.36094379
v 67.91607666 -64.95765686 -3.39315724
v 68.71575165 -62.16415787 -10.16580677
v 71.03589630 -57.56803513 17.01616669
v 74.68675232 -58.02322006 10.51425552
v 67.35646820 -60.56240463 16.87821770
v 57.97338104 -38.88482666 46.80662918
v 67.23836517 -64.11226654 -10.25688171
v 67.37174225 -60.58042145 -16.81819725
v 70.48451233 -60.47366333 -10.16460323
v 65.90413666 -62.45055389 -16.95487785
v 65.40434265 -58.26050568 -23.24205208
v 69.10236359 -58.94484329 -16.81849098
v 67.07899475 -56.70185089 -23.24422073
v 62.83395386 -55.21948624 -29.44602585
v 63.95646667 -60.02393341 -23.40850258
v 61.42029572 -56.85662460 -29.62292862
v 64.43506622 -53.75440979 -29.45321655
v 56.27741241 -47.43566513 -40.67655563
v 58.40934372 -53.09403229 -35.42464828
v 54.97658157 -48.80307388 -40.82760620
v 59.20504761 -45.05664062 -40.90312958
v 60.78516388 -44.08286285 -41.27705765
v 67.91234589 -64.95298767 3.46858549
v 62.40964508 -43.27452850 -41.81785965
v 52.80410767 -51.78505707 -41.64629745
v 53.81257248 -50.26059341 -41.15252304
v 63.88206482 -66.68001556 17.68400955
v 56.22764969 -56.40955353 -36.30448151
v 61.86944199 -63.99713898 -24.22780037
v 59.26894379 -60.50704575 -30.51027870
v 62.92416763 -49.03038788 -35.47110367
v 57.21992874 -54.71027374 -35.77662659
v 64.65209198 -48.02083206 -35.85310364
v 66.43991852 -47.21782684 -36.40956497
v 60.22349167 -58.63148880 -29.98009300
v 66.19005585 -52.49210739 -29.64434814
v 68.06215668 -51.45881271 -30.01529503
v 70.01225281 -50.67650604 -30.55852509
v 63.89796066 -66.70113373 -17.62188721
v 62.76880646 -61.95103455 -23.73957443
v 68.94141388 -55.38428879 -23.41495705
v 70.94820404 -54.33821487 -23.75016594
v 73.05282593 -53.58842087 -24.24228096
v 65.30574799 -68.56838989 -10.69653606
v 64.73621368 -64.50801086 -17.22497368
v 71.05229950 -57.58511353 -16.95574951
v 73.17232513 -56.53518677 -17.22640419
v 75.40918732 -55.82208252 -17.62383842
v 50.04288483 -45.31975555 46.13249588
v 66.09130859 -66.26603699 -10.43532658
v 72.49751282 -59.08583069 -10.25330162
v 74.70108032 -58.03723907 -10.42946720
v 77.03678894 -57.35643768 -10.68855190
v 66.02699280 -69.52506256 -3.54650331
v 66.02300262 -69.51976013 3.62527966
v 66.78200531 -67.16346741 -3.45556283
v 73.23286438 -59.84643555 -3.38984919
v 75.48168945 -58.80013657 -3.45014977
v 77.87126923 -58.13872528 -3.53913331
v 66.77819824 -67.15850067 3.53235149
v 77.86665344 -58.13439941 3.61780810
v 65.29252625 -68.55086517 10.78317070
v 66.07862091 -66.24957275 10.52005672
v 77.02149963 -57.34207916 10.77526569
v 61.40468216 -56.83711624 29.65659714
v 62.81810760 -55.20071030 29.47969055
v 58.39360809 -53.07436752 35.45191956
v 64.72085571 -64.48807526 17.28604698
v 73.15501404 -56.51811218 17.28755760
v 68.90541077 -55.34663773 23.50846863
v 75.39080048 -55.80467987 17.68606949
v 63.92327118 -59.98253250 23.50189781
v 62.73538208 -61.90750885 23.83361626
v 65.37075043 -58.22085190 23.33514214
v 67.04444885 -56.66347504 23.33735085
v 60.20787048 -58.61109924 30.01381111
v 64.41876221 -53.73618698 29.48692131
v 66.17311859 -52.47422409 29.67813492
v 59.75769043 -51.57154465 35.28216171
v 61.27150345 -50.20911407 35.29779053
v 62.90710449 -49.01223373 35.49851227
v 64.63431549 -48.00282669 35.88051224
v 54.94580460 -48.76457977 40.87175751
v 56.24604034 -47.39832687 40.72089767
v 57.66220474 -46.14376831 40.74628830
v 59.17173386 -45.02089310 40.94752884
v 60.75059128 -44.04746628 41.32131958
v 51.16114044 -44.02201462 45.84870529
v 52.38917542 -42.78839493 45.72292328
v 53.70240021 -41.64403152 45.75808716
v 55.08015442 -40.60508728 45.95185852
v 56.51593399 -39.67782974 46.30464935
v 2.66956806 13.82093430 69.94252014
v 2.40723968 14.14690781 69.95309448
v 0.13662592 17.61966133 70.00169373
v 1.26193249 15.91243076 69.99137115
v 1.40808904 16.02999306 69.99553680
v 1.12674880 16.33374596 69.99861145
v 0.39008218 16.82082367 69.99863434
v 0.62282616 16.47246933 69.99662018
v 1.98132968 15.42902374 69.98628235
v 2.07824755 14.96607113 69.97336578
v 2.27159476 15.12986183 69.98004913
v 1.36956072 15.46229076 69.98445129
v 1.11576259 15.79482555 69.98955536
v 3.19462562 13.17117882 69.91809845
v 2.93191528 13.49594116 69.93087006
v 2.77250409 15.00986576 69.98538971
v 2.85655832 14.53366089 69.96437073
v 3.08114076 14.72669220 69.97879028
v 3.98553610 12.19688034 69.87311554
v 3.72154307 12.52161121 69.88922119
v 4.32519245 13.04987240 69.90622711
v 4.03086424 13.34686756 69.92005920
v 4.02332115 12.78596783 69.89236450
v 5.86601877 12.17745686 69.87404633
v 5.79772997 11.56292152 69.82061005
v 6.17530155 11.89306927 69.85729980
v 4.24974251 11.87223530 69.85590363
v 4.51405430 11.54771423 69.83759308
v 5.57021809 10.25162029 69.75344849
v 5.83348227 9.92825127 69.72970581
v 6.09160852 11.26543140 69.80021667
v 5.97742081 10.61037636 69.75628662
v 6.38500786 10.96800423 69.77872467
v 6.62306881 8.95722103 69.65183258
v 6.35987043 9.28109360 69.67890167
v 7.26301479 10.07503605 69.70765686
v 6.97047901 10.37303162 69.73246765
v 6.81114817 9.67883587 69.68125153
v 7.67536116 7.66030884 69.53250885
v 7.41240883 7.98470354 69.56399536
v 6.88624001 8.63318253 69.62365723
v 7.14936113 8.30900288 69.59437561
v 8.20088577 7.01132488 69.46626282
v 8.46341324 6.68678188 69.43150330
v 9.01479530 8.28062916 69.53532410
v 8.75276947 7.49743748 69.46652222
v 9.30595303 7.98071575 69.50270844
v 10.75679493 6.47898245 69.32298279
v 11.38063812 7.01632595 69.41176605
v 11.07719707 7.30545425 69.44649506
v 10.17754745 7.08001137 69.39818573
v 9.88735390 7.38038254 69.43413544
v 9.58185673 6.56062937 69.35768127
v 10.29458809 4.41619444 69.15792847
v 10.03384972 4.74027205 69.20023346
v 11.33435631 5.87773228 69.24337006
v 11.04579830 6.17837286 69.28372192
v 10.68290424 5.31131220 69.19702148
v 10.81500053 3.76854062 69.07012177
v 11.07471466 3.44491339 69.02461243
v 11.91003323 5.27645588 69.15935516
v 11.50454998 4.37497807 69.06497955
v 12.19710159 4.97586918 69.11570740
v 12.11183643 2.15002346 68.83169556
v 11.85281944 2.47378826 68.88156128
v 10.77329826 7.59440994 69.48014832
v 10.46736908 6.77953672 69.36113739
v 12.88779259 1.17867744 68.67556763
v 12.62932587 1.50245965 68.72869873
v 13.41076946 2.18952656 68.71794891
v 14.19699097 2.86848211 68.77876282
v 13.91222286 3.16993427 68.83027649
v 13.66205025 0.20743108 68.50963593
v 13.40415764 0.53115481 68.56604004
v 14.76557159 2.26527047 68.67234802
v 14.22391415 1.25203693 68.55240631
v 15.04937744 1.96353102 68.61744690
v 14.69162178 -1.08701646 68.27314758
v 14.43453407 -0.76348847 68.33390808
v 14.17724133 -0.43989900 68.39356995
v 13.91974545 -0.11625632 68.45214844
v 15.46162605 -2.05714679 68.08435059
v 15.20517063 -1.73385394 68.14837646
v 16.11179352 -0.93563563 68.12690735
v 17.02671814 -0.15020446 68.20149994
v 16.74525833 0.15185475 68.26431274
v 19.40909576 -0.84549093 68.06002808
v 19.11688995 -0.55284017 68.12461090
v 18.42875481 -1.66038489 67.87045288
v 15.97388458 -2.70343804 67.95304871
v 15.71786499 -2.38034415 68.01924133
v 16.99571800 -3.99460840 67.67736816
v 17.25060081 -4.31705761 67.60572815
v 18.70808983 -1.96232784 67.80084991
v 17.98561859 -3.12101960 67.64652252
v 18.98705864 -2.26421618 67.73011017
v 18.01382446 -5.28344679 67.38427734
v 17.75965691 -4.96148539 67.45918274
v 18.78413582 -4.05612755 67.42385864
v 19.82175255 -3.16945481 67.51107788
v 19.54389381 -2.86778975 67.58522797
v 18.77485466 -6.24822092 67.15303802
v 19.02802849 -6.56941462 67.07377625
v 18.52142715 -5.92682314 67.23120117
v 18.26774979 -5.60522890 67.30828857
v 19.78601456 -7.53168201 66.82948303
v 19.53361320 -7.21115351 66.91200256
v 21.75607109 -5.27790451 66.96028137
v 21.48090553 -4.97711086 67.04237366
v 20.63614082 -6.23274899 66.86514282
v 24.02636719 -5.52342653 66.87209320
v 23.12588501 -6.77920341 66.53273773
v 24.31118202 -5.81496906 66.78811646
v 21.42486572 -7.16271687 66.60892487
v 22.57917213 -6.17925739 66.70716858
v 22.30520630 -5.87898779 66.79267883
v 21.54530334 -9.76823902 66.22139740
v 21.29480171 -9.44955540 66.31153107
v 21.04402161 -9.13058281 66.40057373
v 20.79296303 -8.81132984 66.48853302
v 22.29625702 -10.72392750 65.94403839
v 22.04590797 -10.40527725 66.03769684
v 24.48591042 -8.27567482 66.07655334
v 24.21440315 -7.97649288 66.17018890
v 23.25347137 -9.32466698 65.97178650
v 26.85741806 -8.43425369 65.97914124
v 25.83848000 -9.76898003 65.59076691
v 27.13795853 -8.72413254 65.88347626
v 23.74109650 -5.23173285 66.95491791
v 22.85273361 -6.47933245 66.62052917
v 23.79188919 -12.62831783 65.35924530
v 24.04026604 -12.94464684 65.25788879
v 26.10755157 -10.06657982 65.49022675
v 25.06854439 -11.47716713 65.27825928
v 26.37636948 -10.36406231 65.38848877
v 24.78339386 -13.89109230 64.94732666
v 24.53607750 -13.57611465 65.05191040
v 27.18045044 -11.25478172 65.07630157
v 26.91290474 -10.95826530 65.18148804
v 25.84119225 -12.39494991 64.96405792
v 25.52383041 -14.83402920 64.62684631
v 25.27726173 -14.52004528 64.73480225
v 25.03044891 -14.20573044 64.84162903
v 28.51158524 -12.73197365 64.53313446
v 27.37613678 -14.22009563 64.30531311
v 28.77666855 -13.02648067 64.42097473
v 25.77015114 -15.14767265 64.51776123
v 26.01621819 -15.46096611 64.40755463
v 26.26203156 -15.77390003 64.29621124
v 29.04136467 -13.32065487 64.30764771
v 27.63081741 -14.52310562 64.19149017
v 28.13916779 -15.12802696 63.96037674
v 29.56958008 -13.90796471 64.07745361
v 29.30566978 -13.61448574 64.19313812
v 27.88516045 -14.82575226 64.07650757
v 29.83309174 -14.20107937 63.96059799
v 28.39283180 -15.42992020 63.84309006
v 26.50758553 -16.08646584 64.18373871
v 26.75287628 -16.39865303 64.07013702
v 30.35890388 -14.78617668 63.72334290
v 31.84251213 -13.61431313 64.07546997
v 31.56930351 -13.32912350 64.19135284
v 26.99790192 -16.71045494 63.95539856
v 27.48714447 -17.33285904 63.72252274
v 27.73135948 -17.64345169 63.60438156
v 27.24266052 -17.02186012 63.83952713
v 27.97531700 -17.95364761 63.48509216
v 29.40402222 -16.63352013 63.36236191
v 30.88311195 -15.36974239 63.48135757
v 30.62120438 -15.07814598 63.60294724
v 31.40573692 -15.95179558 63.23460388
v 31.14462471 -15.66096115 63.35857773
v 29.90756989 -17.23293304 63.11500168
v 29.65596771 -16.93342781 63.23926926
v 30.15882111 -17.53203011 62.98956680
v 31.66644096 -16.24224281 63.10943222
v 28.46244049 -18.57282829 63.24306870
v 28.21901131 -18.26344299 63.36465454
v 30.40972137 -17.83071136 62.86295700
v 31.92673683 -16.53229332 62.98306274
v 28.70559883 -18.88179970 63.12033463
v 32.18661499 -16.82194519 62.85549545
v 30.66026115 -18.12897301 62.73517609
v 28.94848251 -19.19034767 62.99644470
v 31.29565048 -13.04358387 64.30603790
v 30.09620094 -14.49382019 63.84255981
v 29.19108582 -19.49846840 62.87140656
v 29.67544174 -20.11339760 62.61787033
v 29.91718292 -20.42019272 62.48936844
v 29.43340683 -19.80615425 62.74521637
v 30.15863037 -20.72653198 62.35971069
v 31.65874481 -19.31769180 62.21229553
v 33.22186279 -17.97644615 62.33320618
v 32.96369934 -17.68844795 62.46558380
v 30.39977455 -21.03240776 62.22889709
v 31.90742111 -19.61375999 62.07863235
v 33.47958374 -18.26401520 62.19962311
v 30.64069557 -21.33791924 62.09687805
v 33.73694992 -18.55124664 62.06478500
v 32.15579605 -19.90946770 61.94374466
v 30.88147926 -21.64316559 61.96360397
v 32.40395737 -20.20491219 61.80757904
v 33.99404526 -18.83822823 61.92864227
v 31.12204742 -21.94804573 61.82911301
v 32.65182495 -20.49999619 61.67018127
v 34.25079346 -19.12486458 61.79124069
v 32.89931488 -20.79461670 61.53158951
v 34.50710678 -19.41105843 61.65261841
v 31.36231804 -22.25245857 61.69344711
v 36.41906357 -18.40864754 61.91711807
v 35.01808167 -19.98170853 61.37189865
v 36.68404388 -18.68714333 61.77895737
v 32.44607162 -17.11119270 62.72672653
v 34.01229858 -15.88330173 63.10454941
v 33.74265289 -15.60092831 63.23020554
v 32.08084488 -23.16221619 61.27965927
v 31.84164619 -22.85945511 61.41876984
v 31.60221291 -22.55629921 61.55665207
v 32.32006836 -23.46489906 61.13916779
v 35.27289963 -20.26632881 61.22969818
v 33.88512802 -21.96795082 60.96543121
v 35.52762222 -20.55086899 61.08607864
v 32.55914307 -23.76729012 60.99739838
v 34.13103104 -22.26055908 60.82064438
v 35.78207016 -20.83512306 60.94112778
v 32.79790115 -24.06917191 60.85443878
v 34.37653351 -22.55265999 60.67465973
v 36.03606033 -21.11888504 60.79495621
v 33.03616714 -24.37032318 60.71039581
v 34.62146378 -22.84404373 60.52757263
v 36.28941727 -21.40195084 60.64765549
v 33.02006531 -24.93159103 60.62567139
v 34.32176208 -23.64072609 60.40793228
v 35.69324112 -22.39859581 60.40119553
v 37.11132812 -21.22674370 60.60663605
v 38.55429840 -20.14324188 61.02133560
v 38.00387955 -20.07530022 61.06804276
v 34.28147888 -16.16530418 62.97765732
v 32.70510101 -17.40002823 62.59675598
v 29.09081078 -10.74800491 65.18041992
v 28.81330299 -10.45981121 65.28433990
v 27.71404266 -11.84655857 64.86254883
v 29.36790085 -11.03594685 65.07530975
v 28.24611664 -12.43714333 64.64411163
v 29.64457512 -11.32362556 64.96900177
v 25.29910660 -9.17293358 65.78836823
v 26.57611084 -8.14382553 66.07373810
v 26.29412270 -7.85293674 66.16724396
v 27.98026848 -12.14200211 64.75392151
v 24.28835678 -13.26061440 65.15543365
v 26.09783173 -12.69995499 64.85713959
v 27.44744301 -11.55082417 64.97000885
v 25.58406448 -12.08944035 65.06990051
v 26.64484978 -10.66132450 65.28556061
v 23.54330063 -12.31173325 65.45947266
v 25.32648849 -11.78347778 65.17464447
v 23.29458427 -11.99500084 65.55853271
v 23.04573059 -11.67811489 65.65644073
v 25.56914711 -9.47125912 65.69009399
v 22.79632759 -11.36055660 65.75334930
v 24.75731468 -8.57494164 65.98166656
v 23.77415085 -9.94156456 65.77915192
v 25.02843857 -8.87409401 65.88558197
v 22.54644966 -11.04242420 65.84923553
v 21.79556847 -10.08668232 66.13015747
v 23.51392555 -9.63318634 65.87605286
v 22.99295998 -9.01621246 66.06629181
v 23.94286346 -7.67748737 66.26255035
v 22.73246193 -8.70791340 66.15953827
v 23.67095375 -7.37829065 66.35375214
v 20.54162979 -8.49180508 66.57540131
v 23.39862633 -7.07885933 66.44381714
v 24.59553719 -6.10634995 66.70298767
v 20.29002571 -8.17201614 66.66117859
v 20.03815269 -7.85197258 66.74588013
v 22.03083801 -5.57853317 66.87705231
v 21.16229820 -6.85294676 66.69544983
v 19.28095055 -6.89039469 66.99343872
v 20.89938927 -6.54295444 66.78085327
v 21.20534706 -4.67616272 67.12333679
v 20.37255478 -5.92234039 66.94831848
v 21.73164368 -3.18654466 67.50256348
v 20.92939758 -4.37507010 67.20315552
v 22.02003479 -3.47899580 67.42775726
v 21.44281769 -2.89402819 67.57622528
v 20.65306091 -4.07384300 67.28183746
v 17.50524902 -4.63935280 67.53299713
v 20.09923553 -3.47102547 67.43580627
v 19.04967880 -4.36756420 67.34739685
v 19.26566124 -2.56604028 67.65823364
v 18.51827621 -3.74455166 67.49919891
v 16.74060249 -3.67201328 67.74791718
v 18.25210190 -3.43284583 67.57341766
v 16.22968292 -3.02641964 67.88575745
v 16.48525620 -3.34928107 67.81738281
v 16.91664124 -1.87269366 67.92774200
v 17.86900330 -1.05637586 68.00627136
v 17.58859444 -0.75432980 68.07247925
v 16.46891785 2.07830310 68.65521240
v 16.17273521 2.37015390 68.70857239
v 15.61600780 1.35983503 68.50424957
v 17.30783081 -0.45226935 68.13755035
v 16.64865112 -1.56040299 67.99524689
v 14.94850159 -1.41047442 68.21130371
v 16.38036728 -1.24804735 68.06163788
v 16.46345520 0.45389831 68.32598877
v 15.84293365 -0.62317723 68.19104767
v 15.57378960 -0.31068134 68.25407410
v 16.18130875 0.75591624 68.38654327
v 13.05604076 4.07355642 68.97806549
v 13.78972244 4.69904470 69.09533691
v 13.49019337 4.98925543 69.13869476
v 16.76471519 1.78632414 68.60074615
v 15.89882660 1.05789852 68.44596100
v 13.14607048 0.85490638 68.62134552
v 14.49443340 0.93949217 68.49497986
v 15.33285809 1.66171587 68.56140900
v 14.48144150 2.56692410 68.72612000
v 13.95312786 1.56456363 68.60870361
v 12.37067223 1.82624447 68.78073883
v 13.68207932 1.87706327 68.66388702
v 13.13920212 2.50194430 68.77088928
v 13.62713909 3.47127080 68.88066864
v 14.08889103 4.40860891 69.05087280
v 13.34174442 3.77248144 68.92993164
v 11.59362507 2.79753065 68.93033600
v 12.05041504 3.75097394 68.97143555
v 12.77003098 4.37448549 69.02507019
v 12.48371792 4.67525864 69.07095337
v 11.33425617 3.12124181 68.97801971
v 10.55497932 4.09227610 69.11455536
v 11.77760410 4.06302500 69.01876831
v 11.62244225 5.57708549 69.20191193
v 11.23111057 4.68697977 69.11009216
v 9.77278805 5.06448555 69.24147034
v 10.95722103 4.99909878 69.15410614
v 9.51142406 5.38881207 69.28163147
v 9.24978161 5.71322775 69.32072449
v 8.72575378 6.36223602 69.39566040
v 8.98788452 6.03771019 69.35873413
v 8.02181339 10.18318272 69.73509216
v 7.84769583 9.47802925 69.65467834
v 8.32868195 9.89688873 69.71102905
v 9.30576897 6.87295532 69.39507294
v 9.59681511 7.68062544 69.46897125
v 7.93819427 7.33584166 69.49993134
v 9.02939796 7.18523264 69.43135834
v 8.72336578 8.58034134 69.56683350
v 8.47590637 7.80954552 69.50057220
v 8.43168926 8.87982845 69.59723663
v 8.94171238 9.32314205 69.65969849
v 8.63532352 9.61020088 69.68589783
v 5.20899725 12.15792847 69.85813904
v 5.55642223 12.46170235 69.88977051
v 5.24663067 12.74575901 69.90447235
v 8.13979149 9.17906570 69.62651825
v 6.09666729 9.60477829 69.70486450
v 7.08891392 9.36780643 69.65396118
v 7.55542898 9.77669430 69.68173218
v 6.53331566 9.98960304 69.70739746
v 6.67784595 10.67065525 69.75615692
v 5.30655432 10.57526970 69.77610779
v 6.25544071 10.30008221 69.73240662
v 5.04256773 10.89919376 69.79769135
v 4.77836514 11.22335434 69.81818390
v 5.50348759 11.86043549 69.83992004
v 4.61973429 12.75268936 69.89129639
v 4.58198166 12.16410160 69.85906982
v 4.91437435 12.45536137 69.87526703
v 3.45787072 12.84638977 69.90422058
v 4.30257463 12.47504807 69.87628174
v 3.74433303 13.09682083 69.90731812
v 3.73686576 13.64363384 69.93278503
v 3.44331193 13.94012833 69.94440460
v 3.46572137 13.40756798 69.92113495
v 2.14548540 14.47396374 69.96257019
v 3.15000916 14.23658180 69.95492554
v 3.39014912 14.44398022 69.97120667
v 1.88489377 14.80216885 69.97096252
v 1.62605464 15.13158894 69.97825623
v 1.69337845 15.72891712 69.99143982
v 1.80369747 15.28034782 69.98047638
v 0.86594719 16.13102341 69.99360657
v 1.53147590 15.59563541 69.98648071
v 0.85217226 16.64137650 70.00068665
v 0.99635422 16.23239899 69.99520111
v 0.42692417 17.32406616 70.00417328
v 0.58820516 16.95409393 70.00180817
v 0.68724746 17.02070808 70.00482178
v 0.17587793 17.18241501 69.99974060
v 0.20547867 17.64441872 70.00302887
v 0.34325045 17.27685547 70.00208282
v 36.15343094 -18.12954140 62.05411148
v 34.76289749 -19.69670677 61.51282120
v 37.74089813 -19.79858780 61.21274948
v 37.47723770 -19.52121353 61.35629272
v 37.21308136 -19.24338150 61.49857330
v 36.94862366 -18.96529198 61.63949585
v 33.63900757 -21.67504883 61.10892105
v 33.39283371 -21.38205719 61.25100708
v 33.14634705 -21.08867264 61.39184952
v 35.88723755 -17.84992790 62.18989182
v 35.62056732 -17.56990623 62.32442093
v 35.35351562 -17.28957176 62.45765305
v 35.08616257 -17.00902176 62.58955002
v 34.81841660 -16.72816849 62.72016144
v 34.55018616 -16.44692802 62.84952927
v 31.40968513 -19.02117348 62.34477997
v 31.16024780 -18.72421074 62.47608566
v 30.91043854 -18.42680740 62.60621643
v 33.47254562 -15.31818676 63.35462952
v 33.20198441 -15.03508377 63.47782898
v 32.93096924 -14.75162411 63.59979630
v 32.65951157 -14.46781158 63.72054291
v 32.38761139 -14.18365288 63.84006882
v 32.11527634 -13.89915180 63.95837784
v 29.15173721 -16.33321571 63.48429108
v 28.89911652 -16.03252029 63.60504532
v 28.64614868 -15.73142052 63.72464371
v 31.02155495 -12.75770664 64.41952515
v 30.74702263 -12.47150135 64.53181458
v 30.47205544 -12.18498039 64.64290619
v 30.19665527 -11.89815331 64.75279999
v 29.92082787 -11.61103153 64.86149597
v 27.12112427 -13.91673374 64.41798401
v 26.86578560 -13.61302948 64.52950287
v 26.61012077 -13.30899143 64.63986969
v 26.35413551 -13.00463009 64.74907684
v 28.53536224 -10.17135143 65.38707733
v 28.25681877 -9.88246346 65.48869324
v 27.97771835 -9.59319687 65.58916473
v 27.69814873 -9.30365276 65.68847656
v 27.41819954 -9.01393127 65.78659058
v 24.81031990 -11.17061329 65.38072205
v 24.55189323 -10.86391830 65.48198700
v 24.29325676 -10.55708027 65.58207703
v 24.03398514 -10.24959755 65.68113708
v 26.01163292 -7.56178427 66.25960541
v 25.72882080 -7.27056170 66.35076141
v 25.44586945 -6.97946501 66.44065857
v 25.16285896 -6.68858242 66.52926636
v 24.87943077 -6.39755774 66.61670685
v 22.47165108 -8.39939213 66.25164795
v 22.21048355 -8.09060287 66.34264374
v 21.94896126 -7.78155422 66.43252563
v 21.68708801 -7.47225571 66.52127838
v 21.15356064 -2.60145712 67.64874268
v 20.37633896 -3.77249146 67.35939026
v 23.45537186 -4.93989849 67.03659058
v 23.16919518 -4.64793444 67.11711884
v 22.88257217 -4.35585117 67.19649506
v 22.59550095 -4.06366014 67.27472687
v 22.30798721 -3.77137136 67.35181427
v 20.10863495 -5.61173725 67.03036499
v 19.84438515 -5.30094862 67.11130524
v 19.57980728 -4.98998404 67.19111633
v 19.31490517 -4.67885303 67.26981354
v 18.82427406 -0.26022103 68.18806458
v 18.14905930 -1.35839760 67.93892670
v 20.86387253 -2.30884266 67.72013092
v 20.57375908 -2.01619506 67.79037476
v 20.28322220 -1.72352540 67.85948944
v 19.99226379 -1.43084431 67.92746735
v 19.70088768 -1.13816261 67.99430847
v 17.71882820 -2.80908203 67.71850586
v 17.45173264 -2.49704242 67.78937531
v 17.18433571 -2.18490982 67.85911560
v 18.53125191 0.03235574 68.25038910
v 18.23782539 0.32487938 68.31159210
v 17.94399643 0.61733913 68.37166595
v 17.64976692 0.90972424 68.43061829
v 17.35514259 1.20202398 68.48844910
v 17.06012535 1.49422753 68.54515839
v 15.30436516 0.00184276 68.31598663
v 15.03466225 0.31438586 68.37677002
v 14.76468372 0.62693870 68.43643188
v 15.87616920 2.66186523 68.76080322
v 15.57922363 2.95342660 68.81192780
v 15.28190041 3.24482751 68.86193848
v 14.98420334 3.53605676 68.91083527
v 14.68613338 3.82710409 68.95862579
v 14.38769531 4.11795807 69.00530243
v 12.86738014 2.81430697 68.82270813
v 12.59530640 3.12660575 68.87340546
v 12.32298374 3.43883109 68.92298126
v 13.19030571 5.27923059 69.18095398
v 12.89006042 5.56896162 69.22210693
v 12.58929920 5.85858154 69.26217651
v 12.28795052 6.14815283 69.30117798
v 11.98604012 6.43765068 69.33911133
v 11.68359375 6.72704983 69.37597656
v 10.40818596 5.62359571 69.23884583
v 10.13308907 5.93592596 69.27955627
v 9.85763836 6.24827814 69.31917572
v 10.46896553 7.88316870 69.51274109
v 10.16422653 8.17170525 69.54426575
v 9.85910511 8.45999622 69.57472229
v 9.55362892 8.74801540 69.60411835
v 9.24782276 9.03573895 69.63243866
v 8.19883347 8.12153339 69.53350067
v 7.92157316 8.43337727 69.56530762
v 7.64415026 8.74505329 69.59598541
v 7.36658955 9.05653763 69.62554169
v 7.71474361 10.46905708 69.75809479
v 7.40749836 10.75448799 69.78003693
v 7.10010386 11.03945065 69.80091095
v 6.79244566 11.32403564 69.82073212
v 6.48414993 11.60858059 69.83953094
v 5.69891739 10.92085457 69.77906799
v 5.42001009 11.23150635 69.80073547
v 5.14081097 11.54229069 69.82129669
v 4.86143064 11.85316944 69.84074402
v 2.46487951 15.29349613 69.99101257
v 2.56354570 14.83141422 69.97274780
v 4.93676376 13.02958584 69.91815186
v 4.62694025 13.31313705 69.93080139
v 4.31728029 13.59636974 69.94243622
v 4.00790310 13.87924004 69.95304871
v 3.69892764 14.16170406 69.96263123
v 3.18759775 13.71816921 69.93381500
v 2.90977955 14.02886868 69.94535828
v 2.63189530 14.34037399 69.95580292
v 2.35451603 14.65276051 69.96513367
v 2.15890884 15.57757950 69.99565887
v 1.85523653 15.86211205 69.99932861
v 1.55420959 16.14749336 70.00204468
v 1.25711501 16.43505096 70.00383759
v 0.96681863 16.72579575 70.00475311
v 0.73750460 16.55693245 69.99797821
v 0.48914796 16.88746262 69.99974823
v 0.25956723 17.22963715 70.00060272
v -0.00109377 17.57014275 70.00010681
v 46.48118591 -31.36927414 54.13839340
v 48.25791550 -30.13362885 54.64601135
v 44.76397324 -32.76280975 53.91368103
v 43.14398575 -34.28363800 53.97680283
v 41.65679550 -35.89836121 54.32638550
f 1 2 3
f 4 5 6
f 7 8 9
f 9 8 10
f 2 10 8
f 1 3 6
f 10 2 1
f 4 6 3
f 11 12 13
f 14 15 16
f 17 14 16
f 18 14 17
f 19 20 21
f 22 19 23
f 19 22 24
f 25 26 27
f 28 29 30
f 28 24 31
f 32 33 34
f 30 35 33
f 36 37 38
f 39 37 32
f 40 41 42
f 43 44 36
f 45 46 47
f 46 48 49
f 50 51 45
f 52 53 54
f 55 56 57
f 58 59 55
f 60 6 5
f 61 62 63
f 63 64 65
f 64 63 66
f 55 57 66
f 63 62 67
f 68 10 56
f 56 1 57
f 9 10 68
f 66 51 55
f 53 69 54
f 62 70 53
f 71 45 47
f 72 42 54
f 44 73 48
f 74 42 41
f 73 75 48
f 76 41 77
f 78 79 80
f 78 81 76
f 36 38 82
f 83 79 78
f 84 85 86
f 79 85 87
f 88 32 34
f 85 89 86
f 27 90 91
f 92 86 91
f 29 28 93
f 27 91 94
f 95 96 25
f 25 96 97
f 98 96 99
f 13 12 20
f 100 98 101
f 98 100 102
f 100 103 102
f 13 16 15
f 104 105 106
f 106 105 100
f 16 102 17
f 11 13 15
f 103 100 105
f 17 102 103
f 107 98 102
f 106 100 101
f 13 107 16
f 20 12 21
f 99 108 98
f 16 107 102
f 97 96 107
f 101 98 108
f 20 97 13
f 23 19 21
f 107 96 98
f 13 97 107
f 26 25 97
f 99 96 95
f 19 26 20
f 24 22 31
f 109 110 25
f 20 26 97
f 90 27 26
f 95 25 110
f 24 90 19
f 93 28 31
f 27 109 25
f 19 90 26
f 92 91 90
f 94 109 27
f 28 92 24
f 29 35 30
f 111 112 91
f 24 92 90
f 84 86 92
f 94 91 112
f 30 84 28
f 34 33 35
f 86 111 91
f 28 84 92
f 84 87 85
f 89 111 86
f 87 30 33
f 88 39 32
f 85 113 114
f 30 87 84
f 80 79 87
f 89 85 114
f 32 80 33
f 38 37 39
f 79 113 85
f 33 80 87
f 80 81 78
f 83 113 79
f 81 32 37
f 82 43 36
f 78 115 116
f 32 81 80
f 117 76 81
f 83 78 116
f 36 117 37
f 73 44 43
f 76 115 78
f 37 117 81
f 117 74 41
f 77 115 76
f 74 36 44
f 75 49 48
f 117 41 76
f 36 74 117
f 118 42 74
f 77 41 40
f 48 118 44
f 47 46 49
f 119 40 42
f 44 118 74
f 118 52 54
f 72 119 42
f 52 48 46
f 71 50 45
f 118 54 42
f 48 52 118
f 120 53 52
f 72 54 69
f 45 120 46
f 51 50 58
f 121 69 53
f 46 120 52
f 120 67 62
f 70 121 53
f 67 45 51
f 55 59 122
f 120 62 53
f 45 67 120
f 66 63 67
f 70 62 61
f 55 51 58
f 122 68 56
f 123 61 63
f 51 66 67
f 66 57 64
f 65 123 63
f 122 56 55
f 10 1 56
f 1 6 57
f 57 6 64
f 6 60 64
f 65 64 60
f 70 124 125
f 126 127 128
f 129 130 131
f 127 126 132
f 126 133 132
f 127 134 135
f 128 127 135
f 131 134 136
f 134 131 135
f 137 129 136
f 131 136 129
f 137 138 139
f 139 129 137
f 138 140 60
f 60 139 138
f 141 61 142
f 65 60 143
f 144 72 69
f 121 125 145
f 40 146 147
f 148 115 149
f 150 77 147
f 114 101 99
f 83 106 113
f 109 94 112
f 99 95 89
f 151 106 148
f 104 106 151
f 108 99 101
f 111 110 109
f 111 95 110
f 109 112 111
f 89 114 99
f 111 89 95
f 106 101 113
f 113 101 114
f 106 83 148
f 116 115 148
f 116 148 83
f 149 77 150
f 149 115 77
f 40 119 146
f 40 147 77
f 144 146 72
f 119 72 146
f 121 145 69
f 69 145 144
f 141 124 70
f 121 70 125
f 123 142 61
f 61 141 70
f 142 65 143
f 65 142 123
f 5 139 60
f 140 143 60
f 139 5 4
f 21 12 152
f 153 154 155
f 156 157 158
f 159 156 155
f 159 160 161
f 161 156 159
f 153 155 158
f 156 158 155
f 158 162 163
f 163 153 158
f 164 162 165
f 162 164 163
f 166 167 165
f 164 165 167
f 166 168 169
f 169 167 166
f 15 14 170
f 14 168 170
f 171 21 172
f 11 173 174
f 175 31 176
f 22 23 177
f 93 175 178
f 179 34 180
f 181 35 178
f 68 122 38
f 88 7 39
f 73 47 75
f 58 50 82
f 38 122 82
f 9 68 7
f 59 58 122
f 73 71 47
f 50 71 73
f 75 47 49
f 50 43 82
f 73 43 50
f 38 39 68
f 82 122 58
f 7 68 39
f 88 34 179
f 7 88 179
f 180 35 181
f 180 34 35
f 178 29 93
f 29 178 35
f 31 22 176
f 31 175 93
f 177 23 171
f 176 22 177
f 152 172 21
f 171 23 21
f 12 11 174
f 152 12 174
f 173 15 170
f 173 11 15
f 18 169 14
f 168 14 169
f 182 163 164
f 167 183 164
f 184 183 167
f 169 184 167
f 185 186 146
f 186 187 147
f 159 188 189
f 160 189 161
f 190 157 156
f 191 192 185
f 193 142 194
f 195 196 193
f 197 198 138
f 198 199 194
f 200 201 134
f 170 202 203
f 204 205 133
f 206 207 152
f 204 126 208
f 175 176 209
f 176 210 209
f 135 211 208
f 212 213 214
f 181 213 180
f 131 215 211
f 3 139 4
f 215 129 216
f 216 217 215
f 213 217 214
f 215 218 211
f 179 212 8
f 212 214 2
f 7 179 8
f 217 213 209
f 177 219 210
f 208 220 204
f 205 221 200
f 172 207 219
f 127 205 200
f 171 172 219
f 206 152 174
f 203 206 173
f 197 222 198
f 197 201 223
f 168 202 170
f 224 202 166
f 193 194 225
f 224 162 226
f 162 224 165
f 226 158 190
f 196 227 191
f 156 228 190
f 191 125 196
f 161 189 228
f 229 188 154
f 230 186 185
f 231 187 232
f 182 229 153
f 163 182 153
f 188 155 154
f 231 232 233
f 182 164 183
f 151 148 234
f 148 231 234
f 149 187 231
f 232 183 184
f 233 234 231
f 184 233 232
f 235 232 187
f 148 149 231
f 182 183 235
f 154 153 229
f 147 187 150
f 183 232 235
f 230 235 186
f 149 150 187
f 230 229 182
f 188 159 155
f 235 187 186
f 182 235 230
f 192 230 185
f 147 146 186
f 188 229 192
f 160 159 189
f 145 185 144
f 229 230 192
f 227 192 191
f 146 144 185
f 189 188 227
f 228 156 161
f 191 185 145
f 188 192 227
f 195 227 196
f 125 191 145
f 195 228 189
f 157 190 158
f 141 196 124
f 189 227 195
f 225 195 193
f 125 124 196
f 190 228 225
f 162 158 226
f 193 196 141
f 228 195 225
f 225 194 199
f 142 193 141
f 199 226 190
f 165 224 166
f 194 143 140
f 190 225 199
f 222 199 198
f 142 143 194
f 224 226 222
f 168 166 202
f 198 194 140
f 226 199 222
f 222 197 223
f 138 198 140
f 223 202 224
f 170 203 173
f 197 137 136
f 224 222 223
f 236 223 201
f 138 137 197
f 203 202 236
f 174 173 206
f 201 197 136
f 202 223 236
f 236 200 221
f 134 201 136
f 206 203 221
f 207 172 152
f 236 201 200
f 203 236 221
f 237 221 205
f 134 127 200
f 237 207 206
f 219 177 171
f 132 205 127
f 206 221 237
f 237 204 220
f 133 205 132
f 219 207 220
f 176 177 210
f 237 205 204
f 207 237 220
f 238 220 208
f 133 126 204
f 238 210 219
f 209 178 175
f 128 208 126
f 219 220 238
f 238 211 218
f 135 208 128
f 209 210 218
f 181 178 213
f 238 208 211
f 210 238 218
f 217 218 215
f 135 131 211
f 213 178 209
f 180 212 179
f 130 215 131
f 209 218 217
f 217 216 214
f 129 215 130
f 180 213 212
f 8 212 2
f 2 214 3
f 214 216 3
f 3 216 139
f 129 139 216
f 17 103 184
f 184 169 17
f 169 18 17
f 103 233 184
f 105 233 103
f 234 105 104
f 105 234 233
f 234 104 151
f 239 240 241
f 242 243 244
f 245 241 240
f 246 241 245
f 239 247 248
f 249 250 251
f 252 253 254
f 255 256 257
f 258 259 260
f 261 260 262
f 263 264 265
f 266 267 268
f 268 267 269
f 270 271 272
f 270 273 266
f 274 271 275
f 276 277 278
f 279 269 267
f 259 258 264
f 260 259 262
f 280 281 282
f 283 284 285
f 286 287 288
f 285 243 242
f 289 290 291
f 283 292 290
f 293 294 295
f 296 291 297
f 298 299 300
f 301 302 303
f 304 305 306
f 300 307 298
f 299 308 309
f 298 307 303
f 305 304 308
f 298 303 302
f 297 310 296
f 302 301 297
f 311 312 313
f 297 301 310
f 291 290 292
f 296 289 291
f 243 285 284
f 283 285 292
f 244 314 315
f 242 244 315
f 316 317 318
f 319 315 314
f 320 321 319
f 322 323 251
f 324 325 316
f 241 246 326
f 247 250 248
f 327 328 326
f 248 240 239
f 250 247 251
f 251 323 249
f 329 253 330
f 323 331 321
f 322 331 323
f 329 332 324
f 323 321 320
f 333 317 316
f 320 319 314
f 334 335 261
f 336 337 335
f 262 334 261
f 336 286 337
f 337 261 335
f 338 339 288
f 336 287 286
f 313 339 338
f 339 286 288
f 311 294 293
f 312 339 313
f 306 295 340
f 299 309 300
f 308 299 305
f 306 340 304
f 295 306 293
f 311 293 312
f 341 280 318
f 264 258 265
f 267 263 279
f 263 265 279
f 273 342 266
f 267 266 342
f 272 273 270
f 274 272 271
f 343 344 275
f 274 275 344
f 275 345 343
f 346 345 347
f 347 348 349
f 350 278 277
f 351 348 350
f 352 276 353
f 276 278 353
f 281 352 282
f 352 353 282
f 281 280 341
f 341 318 317
f 325 333 316
f 332 325 324
f 330 332 329
f 252 330 253
f 354 252 254
f 254 256 354
f 328 355 257
f 288 287 356
f 338 288 357
f 288 356 358
f 313 338 359
f 359 338 357
f 359 360 313
f 360 311 313
f 360 361 311
f 361 362 294
f 361 294 311
f 358 357 288
f 295 294 362
f 295 363 340
f 363 295 362
f 287 364 356
f 365 364 336
f 287 336 364
f 365 335 366
f 335 365 336
f 334 367 366
f 366 335 334
f 368 367 262
f 334 262 367
f 368 259 369
f 259 368 262
f 369 259 264
f 263 267 370
f 263 370 369
f 369 264 263
f 371 370 267
f 267 342 371
f 342 372 371
f 373 374 274
f 272 374 375
f 374 272 274
f 375 273 272
f 273 375 372
f 372 342 273
f 344 373 274
f 344 343 376
f 376 373 344
f 376 343 377
f 378 379 333
f 379 380 333
f 378 325 381
f 325 378 333
f 332 382 381
f 381 325 332
f 383 382 330
f 332 330 382
f 252 354 384
f 252 383 330
f 354 385 384
f 383 252 384
f 386 385 355
f 354 355 385
f 355 246 386
f 387 386 246
f 388 317 380
f 333 380 317
f 341 388 389
f 388 341 317
f 389 390 281
f 281 341 389
f 391 352 390
f 281 390 352
f 276 391 392
f 391 276 352
f 392 393 277
f 277 276 392
f 394 349 393
f 277 393 349
f 394 343 349
f 394 377 343
f 395 248 396
f 240 395 397
f 395 240 248
f 397 245 240
f 245 397 387
f 387 246 245
f 250 398 396
f 396 248 250
f 249 399 398
f 398 250 249
f 323 399 249
f 323 400 399
f 314 401 320
f 323 320 400
f 314 402 401
f 320 401 400
f 296 403 404
f 405 290 406
f 404 406 289
f 405 283 290
f 406 290 289
f 407 284 408
f 283 405 408
f 283 408 284
f 284 407 243
f 402 244 409
f 407 409 243
f 244 243 409
f 296 404 289
f 402 314 244
f 403 296 310
f 410 310 301
f 310 410 403
f 301 303 411
f 411 410 301
f 307 412 303
f 411 303 412
f 413 307 300
f 307 413 412
f 300 309 414
f 414 413 300
f 414 309 415
f 416 417 418
f 419 420 421
f 422 423 424
f 425 426 427
f 428 429 430
f 431 432 433
f 434 435 436
f 437 438 439
f 440 441 442
f 443 444 445
f 446 447 448
f 449 450 451
f 452 453 454
f 455 456 457
f 458 459 460
f 461 462 463
f 464 465 466
f 467 468 469
f 470 471 472
f 473 474 475
f 476 477 478
f 479 480 481
f 482 483 484
f 485 486 487
f 488 489 490
f 491 492 493
f 494 495 496
f 497 498 499
f 500 501 502
f 503 504 505
f 506 507 508
f 509 510 511
f 512 513 514
f 515 516 517
f 518 519 520
f 521 522 523
f 524 525 526
f 527 528 529
f 530 531 532
f 533 534 535
f 536 537 538
f 539 540 541
f 542 543 544
f 545 546 547
f 548 549 550
f 551 552 553
f 554 555 556
f 557 558 559
f 560 561 562
f 563 564 565
f 566 567 568
f 569 570 571
f 572 573 574
f 575 576 577
f 578 579 580
f 581 582 583
f 584 585 586
f 579 587 588
f 589 590 591
f 592 593 594
f 595 596 597
f 598 599 600
f 601 602 603
f 604 605 606
f 607 608 609
f 610 611 612
f 613 614 615
f 616 617 618
f 619 620 621
f 622 621 623
f 624 625 626
f 627 628 629
f 630 631 632
f 633 634 635
f 636 637 638
f 639 640 632
f 641 642 643
f 644 645 646
f 647 642 648
f 641 648 642
f 647 649 650
f 649 647 648
f 651 652 650
f 650 649 651
f 653 652 654
f 651 654 652
f 653 655 656
f 655 653 654
f 657 658 656
f 656 655 657
f 658 659 660
f 657 659 658
f 660 661 662
f 662 658 660
f 663 664 661
f 662 661 664
f 665 663 666
f 663 665 664
f 666 667 668
f 668 665 666
f 669 670 667
f 668 667 670
f 671 669 672
f 669 671 670
f 672 673 674
f 674 671 672
f 675 676 673
f 674 673 676
f 677 675 678
f 675 677 676
f 678 679 680
f 680 677 678
f 681 682 679
f 680 679 682
f 683 681 684
f 681 683 682
f 684 685 686
f 686 683 684
f 687 688 685
f 686 685 688
f 689 687 690
f 687 689 688
f 690 691 692
f 692 689 690
f 693 694 691
f 692 691 694
f 695 693 696
f 693 695 694
f 696 697 698
f 698 695 696
f 699 700 701
f 698 697 701
f 702 700 703
f 699 703 700
f 702 704 705
f 704 702 703
f 706 707 705
f 705 704 706
f 708 707 709
f 706 709 707
f 708 710 711
f 710 708 709
f 712 713 711
f 711 710 712
f 714 713 715
f 712 715 713
f 714 716 717
f 716 714 715
f 718 719 717
f 717 716 718
f 720 719 721
f 718 721 719
f 399 720 722
f 722 720 721
f 643 645 641
f 697 699 701
f 645 643 646
f 636 638 644
f 636 644 646
f 640 639 637
f 639 638 637
f 630 633 631
f 632 640 630
f 634 625 635
f 633 635 631
f 629 624 626
f 626 625 634
f 619 628 627
f 628 624 629
f 621 620 623
f 619 627 620
f 623 614 613
f 623 613 622
f 617 616 615
f 617 615 614
f 607 609 618
f 609 616 618
f 612 608 610
f 608 607 610
f 602 611 603
f 612 611 602
f 601 606 605
f 603 606 601
f 604 596 595
f 604 595 605
f 599 598 597
f 599 597 596
f 589 591 600
f 591 598 600
f 594 590 592
f 590 589 592
f 585 593 586
f 594 593 585
f 584 588 587
f 586 588 584
f 723 579 578
f 579 723 587
f 580 583 582
f 580 582 578
f 572 574 581
f 572 581 583
f 576 575 573
f 575 574 573
f 567 577 568
f 577 576 568
f 571 566 569
f 567 566 571
f 570 724 560
f 569 724 570
f 562 561 564
f 560 724 561
f 563 565 556
f 562 564 563
f 554 557 555
f 565 554 556
f 558 549 559
f 557 559 555
f 553 548 550
f 550 549 558
f 542 552 551
f 552 548 553
f 546 544 543
f 542 551 543
f 545 547 725
f 546 543 547
f 536 538 725
f 545 725 538
f 541 537 539
f 537 536 539
f 531 540 532
f 541 540 531
f 530 535 534
f 532 535 530
f 533 525 524
f 533 524 534
f 726 527 526
f 726 526 525
f 528 520 529
f 726 528 527
f 518 523 519
f 520 519 529
f 513 522 521
f 521 523 518
f 516 512 514
f 512 522 513
f 515 517 727
f 516 514 517
f 506 508 727
f 515 727 508
f 510 509 506
f 509 507 506
f 501 511 502
f 511 510 502
f 505 500 503
f 501 500 505
f 504 495 494
f 503 495 504
f 496 498 728
f 496 728 494
f 497 499 490
f 728 498 497
f 488 491 489
f 499 488 490
f 492 483 493
f 491 493 489
f 729 482 484
f 484 483 492
f 729 487 486
f 486 482 729
f 476 478 485
f 476 485 487
f 480 479 477
f 479 478 477
f 472 481 470
f 481 480 470
f 475 471 473
f 471 470 473
f 730 474 465
f 475 474 730
f 468 464 466
f 464 730 465
f 467 469 458
f 468 466 469
f 460 459 461
f 467 458 460
f 462 731 463
f 459 462 461
f 453 731 454
f 731 453 463
f 452 457 456
f 454 457 452
f 455 447 446
f 455 446 456
f 450 449 448
f 450 448 447
f 440 442 451
f 442 449 451
f 445 441 732
f 441 440 732
f 435 444 443
f 443 445 732
f 438 434 436
f 434 444 435
f 437 439 428
f 438 436 439
f 430 429 431
f 437 428 430
f 432 424 433
f 429 432 431
f 422 427 423
f 424 423 433
f 421 426 425
f 425 427 422
f 418 420 419
f 420 426 421
f 417 416 733
f 418 419 416
f 372 734 733
f 417 733 734
f 735 736 737
f 530 738 531
f 739 740 741
f 742 661 660
f 743 744 745
f 742 657 655
f 746 747 748
f 749 750 681
f 420 418 751
f 742 749 667
f 752 753 754
f 752 755 753
f 756 754 757
f 734 757 417
f 758 746 759
f 760 761 762
f 763 764 644
f 765 766 767
f 768 625 624
f 635 768 763
f 769 770 771
f 772 768 773
f 774 767 775
f 622 776 621
f 777 762 778
f 779 767 774
f 780 781 735
f 782 783 784
f 785 786 787
f 608 788 609
f 767 789 790
f 791 746 792
f 793 794 795
f 796 745 783
f 736 797 798
f 745 765 784
f 784 799 800
f 801 744 802
f 803 804 805
f 784 790 806
f 807 784 806
f 751 808 433
f 809 810 770
f 811 812 809
f 746 813 814
f 815 794 816
f 817 784 800
f 493 818 489
f 814 819 746
f 813 746 820
f 786 821 822
f 823 824 825
f 788 776 616
f 612 788 608
f 826 581 574
f 788 595 827
f 577 567 826
f 826 575 577
f 571 826 567
f 826 574 575
f 826 578 582
f 826 582 581
f 587 723 826
f 826 723 578
f 827 585 584
f 587 827 584
f 594 827 590
f 827 594 585
f 590 827 591
f 828 829 830
f 595 597 827
f 591 827 598
f 605 595 788
f 831 829 832
f 602 601 788
f 601 605 788
f 833 831 773
f 824 831 832
f 834 835 836
f 825 837 838
f 839 555 559
f 757 372 756
f 839 559 549
f 556 555 839
f 548 839 549
f 839 738 840
f 552 542 839
f 545 839 546
f 839 544 546
f 840 841 842
f 738 839 545
f 843 844 845
f 537 541 738
f 738 524 846
f 534 524 738
f 526 846 524
f 534 738 530
f 846 519 523
f 844 847 841
f 846 522 512
f 846 523 522
f 516 848 846
f 849 850 843
f 851 852 853
f 848 516 515
f 850 854 853
f 848 508 507
f 855 856 857
f 858 859 860
f 861 862 863
f 818 482 486
f 864 808 865
f 866 456 446
f 867 868 869
f 862 793 795
f 870 871 794
f 869 872 751
f 430 808 437
f 808 434 438
f 431 433 808
f 867 754 753
f 816 794 793
f 778 873 777
f 426 420 751
f 754 869 757
f 869 751 757
f 874 794 815
f 875 876 778
f 877 778 876
f 810 777 755
f 878 879 778
f 778 880 875
f 810 881 377
f 882 778 761
f 883 762 884
f 885 771 770
f 762 886 887
f 769 888 770
f 809 889 890
f 889 770 888
f 891 809 812
f 890 811 809
f 892 893 809
f 892 809 891
f 809 893 894
f 889 809 770
f 762 887 895
f 394 770 810
f 762 883 896
f 895 884 762
f 778 882 878
f 762 896 760
f 753 861 867
f 743 897 744
f 836 735 781
f 763 644 638
f 638 639 763
f 746 758 747
f 645 644 764
f 661 742 663
f 898 780 737
f 750 899 693
f 740 900 741
f 667 749 669
f 673 672 749
f 672 669 749
f 901 902 903
f 673 749 675
f 684 750 685
f 864 441 445
f 444 864 445
f 750 684 681
f 864 448 449
f 793 861 873
f 877 793 778
f 746 748 904
f 862 795 905
f 866 446 864
f 866 864 906
f 453 452 866
f 460 461 866
f 907 872 868
f 908 468 467
f 909 910 911
f 868 863 912
f 794 871 913
f 794 913 787
f 866 914 908
f 908 472 471
f 908 471 475
f 818 479 481
f 915 905 916
f 479 818 478
f 912 917 907
f 483 482 818
f 909 906 910
f 849 918 854
f 794 919 795
f 489 818 920
f 787 786 794
f 804 921 805
f 786 922 919
f 784 807 799
f 659 742 660
f 706 899 923
f 765 924 925
f 750 687 685
f 736 735 904
f 748 926 904
f 750 691 690
f 927 740 928
f 929 930 931
f 740 932 933
f 930 934 931
f 934 930 935
f 740 933 936
f 937 934 935
f 740 936 938
f 938 939 940
f 940 740 938
f 937 941 903
f 942 940 939
f 943 944 940
f 937 935 941
f 940 945 946
f 940 944 945
f 946 947 940
f 903 941 940
f 903 947 948
f 947 903 940
f 948 901 903
f 902 949 903
f 927 950 740
f 923 951 718
f 926 952 904
f 898 953 954
f 696 693 899
f 697 899 699
f 899 697 696
f 899 704 703
f 955 956 957
f 736 952 958
f 648 764 649
f 767 959 775
f 960 961 962
f 834 963 835
f 964 965 966
f 779 789 767
f 718 716 923
f 767 790 784
f 923 716 715
f 967 820 964
f 767 784 765
f 968 969 929
f 970 745 971
f 745 796 971
f 925 766 765
f 970 972 745
f 973 797 736
f 974 744 897
f 709 706 923
f 975 766 925
f 976 744 974
f 737 961 953
f 977 744 801
f 976 802 744
f 975 929 978
f 929 975 925
f 930 979 935
f 980 739 741
f 980 741 981
f 982 820 744
f 983 984 741
f 967 968 924
f 985 986 987
f 988 989 820
f 990 979 985
f 985 969 986
f 820 967 744
f 990 991 804
f 773 823 992
f 649 764 651
f 679 749 681
f 993 399 951
f 706 704 899
f 736 961 737
f 709 923 710
f 712 710 923
f 994 995 993
f 962 961 736
f 954 953 996
f 960 997 961
f 961 998 999
f 961 1000 953
f 1001 1002 1000
f 961 999 1000
f 996 387 1003
f 957 386 996
f 386 387 996
f 1000 1004 1005
f 1004 1000 1006
f 1005 1007 1000
f 957 996 1000
f 1000 955 957
f 955 1000 1007
f 1008 1009 957
f 956 1008 957
f 1000 999 1001
f 954 1003 1010
f 1011 961 1012
f 718 951 721
f 722 951 399
f 951 722 721
f 1013 995 1010
f 1011 998 961
f 1010 995 954
f 1000 1002 1014
f 1000 996 953
f 1014 1006 1000
f 817 1015 784
f 782 784 1015
f 745 784 783
f 745 972 1016
f 745 924 765
f 1017 988 820
f 1018 941 935
f 978 929 931
f 925 968 929
f 1018 990 803
f 969 979 930
f 940 1019 740
f 979 1018 935
f 940 942 1020
f 941 1019 940
f 1020 943 940
f 762 894 886
f 394 810 377
f 809 894 762
f 809 762 810
f 1021 881 755
f 810 755 881
f 1022 973 736
f 1013 993 995
f 962 736 798
f 954 996 1003
f 898 954 994
f 961 997 1023
f 898 737 953
f 1023 1012 961
f 1016 1024 745
f 743 745 1024
f 744 977 982
f 925 924 968
f 924 745 744
f 803 1019 1018
f 1025 741 1026
f 929 969 930
f 967 986 968
f 1019 803 900
f 979 969 985
f 739 928 740
f 740 950 1027
f 941 1018 1019
f 740 1019 900
f 1027 932 740
f 778 879 880
f 810 762 777
f 778 762 761
f 816 793 877
f 1028 1021 752
f 755 752 1021
f 753 755 873
f 756 1028 752
f 994 993 951
f 712 923 715
f 691 750 693
f 995 994 954
f 1029 994 923
f 952 736 904
f 1029 780 898
f 737 780 735
f 958 1030 736
f 1022 736 1030
f 820 982 1017
f 924 744 967
f 820 1031 813
f 968 986 969
f 820 989 1031
f 1032 900 805
f 986 967 964
f 741 786 983
f 1032 786 741
f 979 990 1018
f 990 985 991
f 984 1026 741
f 803 990 804
f 900 1032 741
f 1025 1033 741
f 981 741 1033
f 794 874 870
f 808 430 431
f 433 423 751
f 777 873 755
f 778 793 873
f 417 751 418
f 751 417 757
f 752 754 756
f 869 754 867
f 734 372 757
f 923 994 951
f 699 899 703
f 749 678 675
f 994 1029 898
f 899 1034 1029
f 651 764 654
f 1034 781 780
f 635 763 631
f 904 836 792
f 746 819 759
f 904 735 836
f 791 1035 838
f 746 904 792
f 964 987 986
f 746 791 820
f 987 991 985
f 820 965 964
f 805 900 803
f 987 964 966
f 987 1036 991
f 1037 821 786
f 822 983 786
f 804 991 1038
f 1032 1039 922
f 905 795 916
f 786 785 1037
f 1032 805 1039
f 911 910 917
f 922 786 1032
f 910 865 907
f 786 919 794
f 865 808 872
f 444 808 864
f 873 861 753
f 861 793 862
f 751 872 808
f 863 868 867
f 751 423 427
f 868 872 869
f 427 426 751
f 923 899 1029
f 687 750 690
f 742 666 663
f 1029 1034 780
f 1040 1034 750
f 764 742 655
f 1040 834 781
f 792 835 1035
f 834 836 781
f 791 965 820
f 835 792 836
f 1041 966 1042
f 1035 791 792
f 966 1036 987
f 791 838 965
f 1036 1038 991
f 965 1042 966
f 1038 921 804
f 1036 966 1041
f 921 1039 805
f 1038 1036 1043
f 1044 922 1045
f 1038 1046 921
f 1047 1048 1049
f 1039 921 1050
f 854 914 909
f 1045 922 1039
f 905 1048 862
f 919 922 1044
f 909 853 854
f 795 919 916
f 467 866 908
f 456 866 452
f 861 863 867
f 912 863 1048
f 864 442 441
f 912 907 868
f 808 444 434
f 907 865 872
f 438 437 808
f 1034 899 750
f 678 749 679
f 655 654 764
f 1034 1040 781
f 1051 1040 749
f 624 628 768
f 963 834 1051
f 1035 1052 825
f 1052 835 963
f 838 1042 965
f 1052 1035 835
f 1053 1041 1054
f 1035 825 838
f 1041 1043 1036
f 838 837 1042
f 1043 1046 1038
f 1042 1054 1041
f 1046 1050 921
f 1043 1041 1053
f 1050 1045 1039
f 1046 1043 1055
f 1056 1044 1057
f 1046 1058 1050
f 1044 916 919
f 1050 1059 1045
f 1049 905 915
f 1045 1057 1044
f 920 494 728
f 916 1044 1056
f 856 1049 915
f 908 818 481
f 862 1048 863
f 905 1049 1048
f 468 908 464
f 917 912 1047
f 866 461 463
f 910 907 917
f 864 446 448
f 906 864 865
f 449 442 864
f 1040 750 749
f 666 742 667
f 641 645 764
f 1040 1051 834
f 1051 742 1060
f 1052 963 992
f 963 1060 992
f 776 615 616
f 992 823 1052
f 837 1054 1042
f 823 825 1052
f 1061 1053 1062
f 825 824 837
f 1053 1055 1043
f 837 1063 1054
f 1055 1058 1046
f 1054 1062 1053
f 1058 1059 1050
f 1055 1053 1061
f 1059 1057 1045
f 1058 1055 1064
f 1065 1056 1066
f 1058 1067 1059
f 1056 915 916
f 1059 1068 1057
f 1047 855 1069
f 1066 1056 1057
f 853 909 911
f 915 1056 1065
f 918 849 1070
f 818 1070 920
f 1048 1047 912
f 855 1047 1049
f 908 918 818
f 911 917 1069
f 908 730 464
f 467 460 866
f 865 910 906
f 906 914 866
f 453 866 463
f 742 1051 749
f 659 657 742
f 632 631 763
f 1051 1060 963
f 764 772 1060
f 776 622 613
f 992 772 773
f 824 1063 837
f 823 773 831
f 1063 1062 1054
f 824 823 831
f 1071 1061 1072
f 824 832 1063
f 1061 1064 1055
f 1063 1073 1062
f 1064 1067 1058
f 1062 1072 1061
f 1067 1068 1059
f 1064 1061 1071
f 1068 1066 1057
f 1067 1064 1074
f 1075 1065 1076
f 1067 1077 1068
f 1065 856 915
f 1068 1078 1066
f 856 855 1049
f 1065 1066 1076
f 1069 859 851
f 1075 856 1065
f 843 850 1079
f 505 504 1070
f 1047 1069 917
f 859 1069 855
f 920 490 489
f 853 911 851
f 818 486 485
f 908 481 472
f 906 909 914
f 908 914 918
f 475 730 908
f 764 1060 742
f 648 641 764
f 635 625 768
f 1060 772 992
f 763 768 772
f 613 615 776
f 773 768 833
f 832 1073 1063
f 833 829 831
f 1073 1072 1062
f 828 832 829
f 1080 1071 1081
f 1073 828 1082
f 1071 1074 1064
f 1072 1082 1081
f 1074 1077 1067
f 1071 1072 1081
f 1077 1078 1068
f 1083 1074 1080
f 1078 1076 1066
f 1084 1077 1083
f 1085 1086 1075
f 1078 1084 1087
f 1075 857 856
f 1076 1087 1085
f 857 859 855
f 1075 1076 1085
f 516 846 512
f 857 1086 860
f 845 848 1070
f 501 848 511
f 1069 851 911
f 858 852 851
f 1070 501 505
f 853 852 850
f 497 490 920
f 818 493 483
f 914 854 918
f 1070 818 918
f 485 478 818
f 763 772 764
f 639 632 763
f 619 776 628
f 776 619 621
f 768 628 776
f 612 602 788
f 833 776 1088
f 832 828 1073
f 830 829 1088
f 1073 1082 1072
f 1089 828 830
f 1090 1083 1080
f 1082 1089 1091
f 1091 1092 1081
f 1074 1083 1077
f 1071 1080 1074
f 1090 1080 1092
f 1077 1084 1078
f 1093 1083 1090
f 1078 1087 1076
f 1094 1084 1093
f 1085 1095 1086
f 1087 1094 1096
f 1096 1095 1085
f 857 860 859
f 1075 1086 857
f 1097 1086 1095
f 859 858 851
f 1098 860 1097
f 526 527 846
f 1098 1099 858
f 1100 844 843
f 1099 1079 852
f 511 848 509
f 501 1070 848
f 854 850 849
f 845 1070 849
f 920 504 494
f 920 1070 504
f 728 497 920
f 768 776 833
f 609 788 616
f 1089 830 1101
f 833 1088 829
f 1088 788 1102
f 828 1089 1082
f 1101 830 1102
f 1082 1091 1081
f 1103 1089 1101
f 1081 1092 1080
f 1104 1091 1103
f 1093 1090 1105
f 1092 1104 1106
f 1083 1093 1084
f 1105 1090 1106
f 1084 1094 1087
f 1107 1093 1105
f 1087 1096 1085
f 1108 1094 1107
f 1109 1098 1097
f 1096 1108 1110
f 1086 1097 860
f 1095 1110 1111
f 860 1098 858
f 1109 1097 1111
f 858 1099 852
f 1112 1098 1109
f 852 1079 850
f 1113 1099 1112
f 738 545 538
f 1100 1079 1113
f 848 1114 846
f 848 515 508
f 849 843 845
f 845 1114 848
f 509 848 507
f 788 1088 776
f 598 827 597
f 1103 1101 1115
f 1088 1102 830
f 1102 827 1116
f 1089 1103 1091
f 1115 1101 1116
f 1091 1104 1092
f 1117 1103 1115
f 1092 1106 1090
f 1118 1104 1117
f 1107 1105 1119
f 1106 1118 1120
f 1093 1107 1094
f 1119 1105 1120
f 1094 1108 1096
f 1121 1107 1119
f 1096 1110 1095
f 1122 1108 1121
f 1095 1111 1097
f 1123 1110 1122
f 1112 1109 1124
f 1111 1123 1125
f 1098 1112 1099
f 1124 1109 1125
f 1099 1113 1079
f 1126 1112 1124
f 1079 1100 843
f 1127 1113 1126
f 1114 844 841
f 847 1100 1127
f 846 1128 738
f 846 527 529
f 845 844 1114
f 846 1114 1128
f 529 519 846
f 827 826 1116
f 827 1102 788
f 1102 1116 1101
f 1129 1116 826
f 1103 1117 1104
f 1115 1129 1130
f 1104 1118 1106
f 1130 1118 1117
f 1106 1120 1105
f 1130 1131 1118
f 1132 1119 1120
f 1120 1131 1132
f 1107 1121 1108
f 1132 570 1133
f 1108 1122 1110
f 1133 1122 1121
f 1110 1123 1111
f 1134 1123 1122
f 1111 1125 1109
f 1134 1135 1123
f 1136 1124 1125
f 1125 1135 1136
f 1112 1126 1113
f 1136 560 1137
f 1113 1127 1100
f 1137 1127 1126
f 1100 847 844
f 1138 847 1127
f 840 842 562
f 842 847 1138
f 544 839 542
f 738 538 537
f 1114 841 1128
f 738 1128 840
f 541 531 738
f 826 571 1129
f 587 826 827
f 1129 571 570
f 1115 1116 1129
f 1115 1130 1117
f 570 1130 1129
f 1130 570 1131
f 560 1133 570
f 1120 1118 1131
f 570 1132 1131
f 1133 1119 1132
f 1122 1133 1134
f 1119 1133 1121
f 1133 560 1134
f 1134 560 1135
f 1135 560 1136
f 1125 1123 1135
f 562 1137 560
f 1137 1124 1136
f 1127 1137 1138
f 1124 1137 1126
f 1137 562 1138
f 1138 562 842
f 840 562 563
f 841 847 842
f 841 840 1128
f 839 563 556
f 563 839 840
f 548 552 839
f 384 1009 1139
f 384 1140 1141
f 1142 1140 384
f 1139 1142 384
f 1143 384 1144
f 384 1141 1144
f 384 1145 383
f 1146 1147 384
f 1148 1149 383
f 1145 1150 383
f 1151 383 1152
f 1153 383 1149
f 380 931 388
f 959 767 383
f 378 381 975
f 931 934 388
f 767 382 383
f 382 767 766
f 975 978 378
f 903 390 937
f 931 380 978
f 391 1154 1155
f 391 390 903
f 1154 391 1156
f 391 903 949
f 1155 1157 391
f 391 949 1156
f 390 389 937
f 934 937 389
f 934 389 388
f 1157 1158 391
f 391 1158 1159
f 392 1160 1161
f 1162 1160 391
f 392 1163 1164
f 1161 1163 392
f 1165 392 1166
f 1164 1167 392
f 392 1165 1168
f 394 393 770
f 1169 885 392
f 1168 1169 392
f 1167 1166 392
f 393 392 770
f 392 885 770
f 391 1160 392
f 391 1159 1162
f 379 978 380
f 975 381 766
f 378 978 379
f 1170 959 383
f 382 766 381
f 1152 383 1153
f 383 1151 1170
f 1148 383 1150
f 1145 384 1147
f 384 1143 1146
f 384 957 1009
f 384 385 957
f 385 386 957
f 308 1171 1172
f 1171 308 304
f 1173 1174 1175
f 1176 1177 1178
f 1179 1180 1181
f 1182 1183 1184
f 1182 1185 1186
f 1187 1188 1189
f 1184 1190 1189
f 1191 1192 1193
f 1194 1195 1196
f 1197 1198 1199
f 1200 1201 1202
f 1203 1204 1205
f 1206 1198 1207
f 1205 1204 1208
f 1204 1209 1210
f 1204 1210 1211
f 1212 1213 1214
f 1213 1209 1204
f 1215 1216 1217
f 1218 1213 1216
f 1217 1219 1220
f 1221 1215 1217
f 1222 1223 1224
f 1217 1224 1219
f 1225 1226 1227
f 1227 1228 1225
f 1211 1208 1204
f 1229 1230 1224
f 1231 1222 1228
f 1225 1228 1222
f 1222 1231 1223
f 1224 1223 1229
f 1224 1230 1219
f 1216 1213 1217
f 1220 1221 1217
f 1218 1214 1213
f 1209 1213 1212
f 1232 1199 1233
f 1233 1203 1232
f 1233 1198 1234
f 1198 1233 1199
f 1235 1236 1234
f 1197 1207 1198
f 1237 1235 1238
f 1235 1237 1236
f 1239 1240 1241
f 1235 1191 1238
f 1242 1241 1243
f 1238 1191 1244
f 1245 1246 1247
f 1248 1249 1250
f 1188 1184 1189
f 1251 1252 1188
f 1190 1184 1253
f 1183 1253 1184
f 1254 1255 1256
f 1257 1258 1259
f 1182 1260 1185
f 1182 1261 1260
f 1255 1262 1256
f 1258 1254 1263
f 1258 1255 1254
f 1263 1259 1258
f 1258 1264 1265
f 1264 1258 1257
f 1265 1266 1267
f 1264 1266 1265
f 1265 1268 1174
f 1267 1268 1265
f 1175 1269 1173
f 1265 1174 1173
f 1173 1270 1271
f 1269 1270 1173
f 1173 1271 1177
f 1176 1272 1177
f 1177 1271 1178
f 1180 1179 1272
f 1177 1272 1179
f 1179 1181 1273
f 1274 1273 1275
f 1273 1181 1275
f 1276 1277 1278
f 1279 1280 1281
f 1202 1282 1200
f 1283 1279 1193
f 1200 1284 1243
f 1282 1284 1200
f 1285 1239 1241
f 1243 1241 1200
f 1286 1285 1241
f 1242 1286 1241
f 1241 1287 1288
f 1241 1240 1287
f 1191 1193 1244
f 1191 1288 1192
f 1192 1283 1193
f 1281 1289 1290
f 1279 1281 1193
f 1280 1289 1281
f 1249 1290 1291
f 1290 1249 1281
f 1249 1292 1250
f 1291 1292 1249
f 1248 1195 1249
f 1293 1195 1194
f 1248 1196 1195
f 1252 1277 1188
f 1294 1295 1195
f 1294 1195 1293
f 1245 1295 1246
f 1295 1245 1195
f 1296 1245 1247
f 1297 1296 1298
f 1296 1297 1245
f 1297 1251 1188
f 1298 1251 1297
f 1299 1277 1252
f 1300 1277 1276
f 1187 1297 1188
f 1301 1302 1277
f 1301 1277 1300
f 1303 1302 1304
f 1302 1303 1277
f 1305 1200 1304
f 1303 1304 1200
f 1306 1200 1307
f 1200 1305 1307
f 1201 1200 1306
f 1203 1233 1204
f 1234 1198 1235
f 1198 1308 1235
f 1308 1191 1235
f 1309 1191 1308
f 1191 1241 1288
f 1191 1309 1241
f 1241 1309 1200
f 1188 1303 1310
f 1299 1278 1277
f 1303 1188 1277
f 1182 1184 1310
f 1310 1184 1188
f 1182 1186 1255
f 1255 1186 1262
f 1183 1182 1255
f 457 1311 455
f 1311 1312 1313
f 1314 1311 1315
f 1316 1311 1317
f 1318 1312 1311
f 480 1319 470
f 1319 474 473
f 1320 1273 1321
f 1319 480 477
f 1322 610 607
f 1323 725 547
f 1324 1325 1326
f 1327 1328 1329
f 1330 1327 1331
f 1325 1327 1332
f 1322 604 606
f 630 1333 633
f 593 592 1334
f 1335 558 557
f 579 1334 580
f 586 1334 588
f 1334 573 572
f 569 566 1335
f 1323 1335 1336
f 561 724 1335
f 1323 539 536
f 1337 496 495
f 1323 532 540
f 540 539 1323
f 1338 1337 1339
f 1323 1340 1341
f 1341 528 726
f 533 1341 525
f 518 520 1341
f 500 502 1337
f 1337 502 510
f 517 1337 727
f 727 1337 506
f 510 506 1337
f 1341 513 521
f 1339 1337 1341
f 518 1341 521
f 514 513 1341
f 726 525 1341
f 1341 520 528
f 1341 533 535
f 1342 1319 1338
f 503 1337 495
f 1337 503 500
f 1335 565 564
f 1323 551 553
f 583 1334 572
f 1336 1340 1323
f 579 588 1334
f 583 580 1334
f 586 593 1334
f 564 561 1335
f 557 554 1335
f 1335 554 565
f 1343 1303 1344
f 1334 1322 1343
f 604 1322 596
f 599 596 1322
f 1322 606 603
f 599 1322 600
f 1340 1339 1341
f 1322 611 610
f 617 614 1333
f 1182 1345 1261
f 1346 1327 1347
f 640 637 1333
f 1346 1348 1327
f 1349 1333 636
f 1324 1350 1351
f 682 1327 680
f 652 1349 650
f 1349 647 650
f 1349 1327 1324
f 676 677 1352
f 1349 1352 1327
f 1330 1353 1327
f 1352 1349 662
f 652 653 1349
f 671 1352 670
f 1333 1349 1324
f 1324 1327 1325
f 1326 1354 1324
f 665 668 1352
f 662 664 1352
f 664 665 1352
f 1352 668 670
f 653 656 1349
f 658 662 1349
f 1355 1322 1333
f 1356 1324 1351
f 1333 629 626
f 633 1333 634
f 1333 620 627
f 1333 627 629
f 1353 1332 1327
f 1333 623 620
f 680 1352 677
f 1350 1324 1357
f 642 1349 643
f 1331 1327 1348
f 683 1321 682
f 1182 1324 1356
f 630 640 1333
f 1333 637 636
f 626 634 1333
f 683 686 1321
f 688 1321 686
f 623 1333 614
f 1333 1322 618
f 1343 1355 1310
f 1327 1358 1328
f 1322 607 618
f 1359 1360 1321
f 553 550 1323
f 1358 1327 1360
f 543 551 1323
f 1321 1360 1327
f 543 1323 547
f 725 1323 536
f 1321 1274 1359
f 496 1337 498
f 1321 689 692
f 488 499 1337
f 491 488 1319
f 1327 682 1321
f 1321 694 695
f 491 1319 492
f 698 1321 695
f 492 1319 484
f 698 701 1361
f 1362 1342 1363
f 1361 701 700
f 1364 1198 1206
f 702 1361 700
f 1198 1364 1363
f 702 705 1361
f 1365 1342 1362
f 1361 705 707
f 1342 1366 1367
f 707 708 1361
f 1319 487 729
f 1361 711 1320
f 711 1361 708
f 1320 713 714
f 711 713 1320
f 1320 717 719
f 714 717 1320
f 719 720 1320
f 1342 1368 1319
f 474 1368 465
f 1369 1311 1313
f 462 459 1368
f 1342 1367 1370
f 1349 642 647
f 1324 1182 1355
f 1182 1356 1345
f 611 1322 603
f 589 1334 592
f 1335 568 576
f 1335 1334 1344
f 1335 566 568
f 569 1335 724
f 499 498 1337
f 487 1319 476
f 1342 1311 1368
f 1371 1342 1370
f 473 470 1319
f 1317 1311 1342
f 1368 466 465
f 458 1368 459
f 1368 731 462
f 1319 1368 474
f 731 1368 454
f 1372 1315 1311
f 1311 454 1368
f 1373 1374 1311
f 1374 1375 1311
f 455 1375 447
f 440 451 1375
f 732 1375 443
f 1225 1375 1226
f 1375 1374 1376
f 1319 477 476
f 1317 1342 1371
f 1318 1311 1316
f 457 454 1311
f 1314 1373 1311
f 1377 1226 1375
f 425 1378 1379
f 1379 1378 1375
f 435 1375 436
f 435 443 1375
f 439 1378 428
f 439 436 1378
f 1378 432 429
f 428 1378 429
f 422 424 1378
f 1378 424 432
f 421 425 1379
f 425 422 1378
f 419 421 1379
f 419 1379 416
f 733 416 1379
f 440 1375 732
f 436 1375 1378
f 451 450 1375
f 450 447 1375
f 1377 1375 1376
f 1225 1379 1375
f 458 469 1368
f 466 1368 469
f 1372 1311 1369
f 1311 1375 455
f 484 1319 729
f 1337 1338 1319
f 1342 1198 1363
f 1366 1342 1365
f 1337 1319 488
f 514 1337 517
f 1308 1198 1338
f 1342 1338 1198
f 1337 514 1341
f 532 1341 535
f 1309 1308 1339
f 1338 1339 1308
f 1341 532 1323
f 558 1323 550
f 1200 1309 1340
f 1339 1340 1309
f 558 1335 1323
f 1334 576 573
f 1303 1200 1336
f 1340 1336 1200
f 576 1334 1335
f 589 600 1322
f 1303 1336 1344
f 1335 1344 1336
f 589 1322 1334
f 618 617 1333
f 1303 1343 1310
f 1334 1343 1344
f 646 1349 636
f 646 643 1349
f 1310 1355 1182
f 1322 1355 1343
f 658 1349 656
f 1324 1354 1380
f 1357 1324 1380
f 1333 1324 1355
f 671 674 1352
f 1352 674 676
f 680 1327 1352
f 1329 1347 1327
f 689 1321 688
f 1321 692 694
f 1321 1273 1274
f 1320 1321 1361
f 1321 698 1361
f 308 1172 415
f 308 415 309
f 363 1171 304
f 363 304 340
f 1381 1382 1383
f 1384 1385 1386
f 1387 1388 1389
f 1390 1391 1392
f 1393 1394 1395
f 1396 1397 1398
f 1399 1400 1401
f 1402 1403 1404
f 1405 1399 1406
f 1407 1405 1406
f 1400 1403 1401
f 1405 1400 1399
f 1404 1397 1402
f 1403 1402 1401
f 1398 1397 1404
f 1390 1392 1396
f 1390 1396 1398
f 1394 1393 1391
f 1393 1392 1391
f 1389 1395 1387
f 1395 1394 1387
f 1381 1388 1382
f 1389 1388 1381
f 1383 1408 1409
f 1382 1408 1383
f 1385 1384 1409
f 1409 1408 1385
f 1410 1386 1385
f 1385 1411 1410
f 1412 1413 1414
f 1415 1416 1417
f 1418 1419 1420
f 1413 1421 1414
f 1421 1420 1419
f 1419 1414 1421
f 1422 1413 1412
f 1423 1419 1418
f 1418 1424 1423
f 1412 1425 1422
f 1426 1423 1424
f 1422 1425 1427
f 1425 1428 1427
f 1426 1424 1429
f 1430 1427 1428
f 1431 1426 1429
f 1430 1428 1432
f 1431 1429 1433
f 1434 1432 1428
f 1433 1435 1431
f 1436 1434 1437
f 1435 1438 1431
f 1437 1439 1436
f 1432 1434 1436
f 1440 1439 1437
f 1435 1441 1438
f 1442 1443 1441
f 1443 1438 1441
f 1442 1444 1443
f 1437 1445 1440
f 1446 1444 1442
f 1447 1440 1445
f 1448 1447 1449
f 1445 1449 1447
f 1450 1444 1446
f 1449 1451 1448
f 1450 1452 1453
f 1453 1444 1450
f 1454 1455 1452
f 1453 1452 1455
f 1455 1456 1457
f 1456 1455 1454
f 1458 1457 1459
f 1457 1456 1459
f 1460 1458 1461
f 1458 1460 1457
f 1462 1463 1460
f 1460 1461 1462
f 1463 1464 1465
f 1462 1464 1463
f 1465 1466 1467
f 1467 1463 1465
f 1468 1467 1469
f 1466 1469 1467
f 1470 1471 1468
f 1470 1468 1469
f 1417 1416 1471
f 1468 1471 1416
f 1472 1473 1474
f 1475 1476 1472
f 1476 1475 1477
f 1472 1474 1475
f 1477 1478 1476
f 1478 1479 1480
f 1479 1478 1477
f 1481 1482 1480
f 1480 1479 1481
f 1483 1482 1484
f 1481 1484 1482
f 1483 1485 1486
f 1485 1483 1484
f 1487 1485 1488
f 1487 1486 1485
f 1489 1488 1485
f 1490 1489 1491
f 1485 1491 1489
f 1492 1493 1491
f 1491 1493 1490
f 1494 1495 1496
f 1491 1496 1492
f 1497 1498 1499
f 1500 1501 1502
f 1499 1500 1502
f 1502 1497 1499
f 1495 1494 1501
f 1495 1501 1500
f 1494 1496 1491
f 1503 1504 1505
f 1506 1507 1508
f 1503 1509 1510
f 1510 1504 1503
f 1511 1510 1509
f 1503 1505 1512
f 1511 1509 1513
f 1514 1512 1505
f 1515 1513 1509
f 1516 1512 1514
f 1517 1518 1515
f 1515 1519 1513
f 1520 1521 1517
f 1517 1521 1518
f 1520 1522 1523
f 1522 1520 1517
f 1522 1524 1525
f 1525 1523 1522
f 1524 1526 1527
f 1525 1524 1527
f 1528 1526 1529
f 1524 1529 1526
f 1518 1519 1515
f 1529 1530 1528
f 1531 1516 1532
f 1516 1514 1532
f 1533 1531 1534
f 1531 1533 1516
f 1534 1535 1536
f 1536 1533 1534
f 1537 1538 1535
f 1536 1535 1538
f 1538 1539 1540
f 1539 1538 1537
f 1541 1508 1540
f 1540 1539 1541
f 1541 1542 1508
f 1543 1544 1545
f 1546 1547 1548
f 1549 1550 1551
f 1552 1553 1554
f 1555 1556 1557
f 1549 1558 1556
f 1559 1560 1561
f 1560 1559 1555
f 1562 1559 1561
f 1560 1555 1557
f 1550 1549 1556
f 1556 1558 1557
f 1551 1554 1553
f 1550 1554 1551
f 1552 1543 1545
f 1554 1543 1552
f 1544 1546 1548
f 1544 1548 1545
f 1507 1506 1547
f 1507 1547 1546
f 1506 1508 1542
f 1563 1564 1565
f 1566 1563 1565
f 1567 1568 1566
f 1569 1564 1563
f 1570 1571 1572
f 1573 1574 1575
f 1576 1577 1578
f 1579 1580 1581
f 1582 1583 1584
f 1585 1586 1587
f 1588 1589 1590
f 1591 1592 1593
f 1594 1595 1596
f 1597 1598 1599
f 1600 1601 1602
f 1603 1604 1605
f 1606 1607 1608
f 1609 1606 1601
f 1610 1611 1612
f 1613 1612 1608
f 1614 1612 1615
f 1611 1615 1612
f 1616 1617 1614
f 1616 1614 1615
f 1614 1618 1619
f 1617 1618 1614
f 1619 1620 1621
f 1621 1614 1619
f 1621 1622 1623
f 1620 1622 1621
f 1624 1621 1623
f 1612 1613 1610
f 1625 1607 1606
f 1606 1608 1612
f 1626 1609 1601
f 1609 1625 1606
f 1605 1602 1601
f 1600 1626 1601
f 1605 1627 1603
f 1604 1602 1605
f 1627 1595 1594
f 1595 1627 1605
f 1596 1599 1628
f 1595 1599 1596
f 1629 1597 1599
f 1598 1628 1599
f 1630 1629 1590
f 1630 1597 1629
f 1631 1589 1588
f 1590 1629 1588
f 1591 1632 1631
f 1631 1588 1591
f 1593 1592 1633
f 1632 1591 1593
f 1634 1635 1592
f 1633 1592 1635
f 1582 1634 1583
f 1634 1582 1635
f 1636 1583 1637
f 1584 1583 1636
f 1637 1586 1638
f 1638 1636 1637
f 1587 1586 1639
f 1638 1586 1585
f 1578 1640 1639
f 1587 1639 1640
f 1578 1641 1576
f 1578 1577 1640
f 1642 1643 1641
f 1641 1643 1576
f 1642 1580 1644
f 1580 1642 1641
f 1645 1579 1581
f 1579 1644 1580
f 1581 1646 1647
f 1647 1645 1581
f 1646 1648 1649
f 1647 1646 1649
f 1572 1571 1646
f 1648 1646 1571
f 1572 1650 1651
f 1651 1570 1572
f 1652 1650 1653
f 1572 1653 1650
f 1654 1655 1653
f 1653 1655 1652
f 1654 1573 1656
f 1573 1654 1653
f 1657 1573 1658
f 1657 1656 1573
f 1659 1575 1574
f 1575 1658 1573
f 1660 1574 1661
f 1660 1659 1574
f 1574 1566 1662
f 1662 1661 1574
f 1663 1567 1566
f 1662 1566 1568
f 1566 1565 1663
f 1664 1665 1666
f 1667 1668 1669
f 1667 1669 1670
f 1671 1668 1672
f 1667 1672 1668
f 1671 1673 1674
f 1673 1671 1672
f 1675 1676 1674
f 1674 1673 1675
f 1677 1678 1679
f 1680 1676 1681
f 1682 1683 1684
f 1685 1686 1687
f 1688 1689 1690
f 1691 1692 1693
f 1694 1695 1696
f 1697 1698 1699
f 1695 1697 1696
f 1700 1694 1696
f 1690 1699 1698
f 1698 1697 1695
f 1693 1689 1688
f 1689 1699 1690
f 1688 1691 1693
f 1687 1692 1685
f 1692 1691 1685
f 1682 1686 1683
f 1687 1686 1682
f 1684 1664 1666
f 1683 1664 1684
f 1665 1677 1679
f 1665 1679 1666
f 1680 1681 1678
f 1680 1678 1677
f 1681 1676 1675
f 1701 1702 1703
f 1704 1705 1706
f 1707 1704 1706
f 1708 1709 1710
f 1711 1712 1713
f 1714 1715 1716
f 1717 1718 1719
f 1720 1721 1722
f 1723 1724 1725
f 1726 1727 1728
f 1729 1730 1731
f 1732 1733 1734
f 1735 1736 1737
f 1738 1739 1740
f 1740 1732 1738
f 1740 1741 1742
f 1739 1743 1740
f 1742 1744 1745
f 1745 1740 1742
f 1745 1746 1747
f 1744 1746 1745
f 1748 1749 1745
f 1745 1747 1748
f 1749 1750 1751
f 1748 1750 1749
f 1752 1749 1753
f 1749 1751 1753
f 1754 1752 1755
f 1752 1754 1749
f 1756 1754 1755
f 1740 1743 1741
f 1732 1734 1738
f 1732 1736 1757
f 1732 1757 1733
f 1728 1737 1736
f 1757 1736 1735
f 1758 1727 1726
f 1728 1736 1726
f 1726 1730 1759
f 1759 1758 1726
f 1731 1730 1760
f 1759 1730 1729
f 1760 1761 1762
f 1731 1760 1762
f 1721 1761 1722
f 1760 1722 1761
f 1763 1720 1764
f 1720 1722 1764
f 1765 1764 1724
f 1764 1765 1763
f 1766 1723 1725
f 1723 1765 1724
f 1725 1767 1768
f 1768 1766 1725
f 1716 1769 1767
f 1768 1767 1769
f 1716 1770 1714
f 1716 1715 1769
f 1771 1770 1772
f 1770 1771 1714
f 1773 1772 1717
f 1773 1771 1772
f 1774 1719 1718
f 1717 1772 1718
f 1775 1776 1774
f 1774 1718 1775
f 1710 1777 1775
f 1776 1775 1777
f 1710 1778 1708
f 1710 1709 1777
f 1779 1780 1778
f 1778 1780 1708
f 1781 1778 1782
f 1778 1781 1779
f 1783 1782 1784
f 1783 1781 1782
f 1711 1785 1784
f 1784 1782 1711
f 1711 1713 1786
f 1785 1711 1786
f 1712 1787 1788
f 1788 1713 1712
f 1789 1790 1712
f 1787 1712 1790
f 1791 1792 1789
f 1789 1792 1790
f 1793 1789 1794
f 1789 1793 1791
f 1795 1794 1796
f 1795 1793 1794
f 1797 1794 1702
f 1797 1796 1794
f 1798 1701 1703
f 1702 1794 1703
f 1799 1703 1800
f 1799 1798 1703
f 1706 1801 1800
f 1800 1703 1706
f 1801 1706 1705
f 1802 1803 1804
f 1805 1806 1807
f 1805 1807 1808
f 1809 1806 1810
f 1805 1810 1806
f 1809 1811 1812
f 1811 1809 1810
f 1813 1814 1812
f 1812 1811 1813
f 1815 1816 1817
f 1818 1814 1819
f 1820 1821 1822
f 1823 1824 1825
f 1826 1827 1828
f 1829 1830 1831
f 1832 1833 1834
f 1835 1836 1837
f 1833 1835 1834
f 1838 1832 1834
f 1828 1837 1836
f 1836 1835 1833
f 1831 1827 1826
f 1827 1837 1828
f 1826 1829 1831
f 1825 1830 1823
f 1830 1829 1823
f 1820 1824 1821
f 1825 1824 1820
f 1822 1802 1804
f 1821 1802 1822
f 1803 1815 1817
f 1803 1817 1804
f 1818 1819 1816
f 1818 1816 1815
f 1819 1814 1813
f 1839 1840 1841
f 1841 1842 1839
f 1843 1844 1845
f 1844 1842 1841
f 1845 1846 1847
f 1847 1843 1845
f 1848 1849 1850
f 1850 1846 1848
f 1851 1852 1853
f 1854 1848 1851
f 1855 1856 1857
f 1858 1852 1855
f 1859 1860 1861
f 1862 1856 1863
f 1864 1865 1861
f 1863 1860 1859
f 1866 1867 1868
f 1869 1870 1871
f 1872 1873 1874
f 1875 1876 1877
f 1878 1873 1879
f 1872 1879 1873
f 1880 1879 1881
f 1879 1880 1878
f 1881 1882 1883
f 1883 1880 1881
f 1884 1885 1882
f 1883 1882 1885
f 1886 1887 1888
f 1884 1889 1890
f 1891 1892 1893
f 1887 1894 1895
f 1896 1897 1898
f 1896 1899 1900
f 1892 1900 1899
f 1900 1897 1896
f 1891 1893 1895
f 1892 1899 1893
f 1894 1887 1886
f 1891 1895 1894
f 1890 1889 1888
f 1889 1886 1888
f 1884 1890 1885
f 1874 1901 1902
f 1902 1872 1874
f 1903 1904 1901
f 1902 1901 1904
f 1905 1903 1877
f 1903 1905 1904
f 1876 1905 1877
f 1875 1906 1907
f 1907 1876 1875
f 1868 1867 1906
f 1907 1906 1867
f 1866 1871 1867
f 1865 1870 1869
f 1869 1871 1866
f 1860 1864 1861
f 1864 1870 1865
f 1862 1863 1859
f 1858 1855 1857
f 1862 1857 1856
f 1854 1851 1853
f 1858 1853 1852
f 1850 1847 1846
f 1854 1849 1848
f 1839 1908 1840
f 1843 1842 1844
f 1909 1840 1910
f 1908 1910 1840
f 1909 1911 1912
f 1911 1909 1910
f 1913 1914 1912
f 1912 1911 1913
f 1915 1914 1916
f 1913 1916 1914
f 1915 1917 1918
f 1917 1915 1916
f 1919 1897 1918
f 1918 1917 1919
f 1919 1898 1897
f 1920 1921 1922
f 1923 1924 1925
f 1923 1925 1926
f 1927 1924 1928
f 1923 1928 1924
f 1927 1929 1930
f 1929 1927 1928
f 1931 1932 1930
f 1930 1929 1931
f 1933 1934 1935
f 1936 1932 1937
f 1938 1939 1940
f 1941 1942 1943
f 1944 1945 1946
f 1947 1948 1949
f 1950 1951 1952
f 1953 1954 1955
f 1951 1953 1952
f 1956 1950 1952
f 1946 1955 1954
f 1954 1953 1951
f 1949 1945 1944
f 1945 1955 1946
f 1944 1947 1949
f 1943 1948 1941
f 1948 1947 1941
f 1938 1942 1939
f 1943 1942 1938
f 1940 1920 1922
f 1939 1920 1940
f 1921 1933 1935
f 1921 1935 1922
f 1936 1937 1934
f 1936 1934 1933
f 1937 1932 1931
f 1948 1848 1846
f 1846 1845 1949
f 1949 1948 1846
f 1844 1945 1845
f 1949 1845 1945
f 1955 1844 1841
f 1844 1955 1945
f 1841 1840 1953
f 1953 1955 1841
f 1909 1952 1840
f 1953 1840 1952
f 1956 1952 1909
f 1956 1912 1950
f 1912 1956 1909
f 1914 1951 1950
f 1950 1912 1914
f 1954 1951 1915
f 1914 1915 1951
f 1954 1918 1946
f 1918 1954 1915
f 1897 1944 1946
f 1946 1918 1897
f 1947 1944 1900
f 1897 1900 1944
f 1947 1892 1941
f 1892 1947 1900
f 1891 1942 1941
f 1941 1892 1891
f 1939 1942 1894
f 1891 1894 1942
f 1939 1886 1920
f 1886 1939 1894
f 1889 1921 1920
f 1920 1886 1889
f 1933 1921 1884
f 1889 1884 1921
f 1882 1933 1884
f 1948 1943 1848
f 1851 1943 1938
f 1943 1851 1848
f 1938 1940 1852
f 1852 1851 1938
f 1922 1855 1940
f 1852 1940 1855
f 1856 1922 1935
f 1922 1856 1855
f 1935 1934 1863
f 1863 1856 1935
f 1937 1860 1934
f 1863 1934 1860
f 1864 1937 1931
f 1937 1864 1860
f 1931 1929 1870
f 1870 1864 1931
f 1928 1871 1929
f 1870 1929 1871
f 1867 1928 1923
f 1928 1867 1871
f 1923 1926 1907
f 1907 1867 1923
f 1925 1876 1926
f 1907 1926 1876
f 1905 1925 1924
f 1925 1905 1876
f 1924 1927 1904
f 1904 1905 1924
f 1930 1902 1927
f 1904 1927 1902
f 1872 1930 1932
f 1930 1872 1902
f 1932 1936 1879
f 1879 1872 1932
f 1936 1882 1881
f 1879 1936 1881
f 1936 1933 1882
f 1767 1725 1820
f 1724 1825 1725
f 1820 1725 1825
f 1830 1724 1764
f 1724 1830 1825
f 1764 1722 1831
f 1831 1830 1764
f 1760 1827 1722
f 1831 1722 1827
f 1837 1760 1730
f 1760 1837 1827
f 1837 1730 1835
f 1726 1834 1835
f 1835 1730 1726
f 1838 1834 1736
f 1726 1736 1834
f 1740 1832 1732
f 1732 1838 1736
f 1745 1833 1740
f 1832 1740 1833
f 1836 1745 1749
f 1745 1836 1833
f 1828 1749 1754
f 1828 1836 1749
f 1754 1756 1826
f 1826 1828 1754
f 1829 1826 1957
f 1756 1957 1826
f 1823 1958 1959
f 1823 1829 1958
f 1960 1961 1824
f 1823 1959 1960
f 1962 1963 1802
f 1824 1961 1821
f 1803 1964 1815
f 1965 1803 1802
f 1966 1815 1964
f 1767 1820 1822
f 1962 1821 1961
f 1803 1965 1964
f 1802 1963 1965
f 1802 1821 1962
f 1823 1960 1824
f 1957 1958 1829
f 1732 1832 1838
f 1767 1822 1716
f 1770 1716 1804
f 1822 1804 1716
f 1770 1817 1772
f 1817 1770 1804
f 1816 1718 1772
f 1772 1817 1816
f 1775 1718 1819
f 1816 1819 1718
f 1775 1813 1710
f 1813 1775 1819
f 1811 1778 1710
f 1710 1813 1811
f 1782 1778 1810
f 1811 1810 1778
f 1782 1805 1711
f 1805 1782 1810
f 1808 1712 1711
f 1711 1805 1808
f 1789 1712 1807
f 1808 1807 1712
f 1789 1806 1794
f 1806 1789 1807
f 1809 1703 1794
f 1794 1806 1809
f 1706 1703 1812
f 1809 1812 1703
f 1706 1814 1707
f 1814 1706 1812
f 1707 1814 1818
f 1815 1967 1818
f 1707 1818 1967
f 1815 1966 1967
f 1684 1666 1601
f 1684 1606 1682
f 1606 1684 1601
f 1612 1687 1682
f 1682 1606 1612
f 1692 1687 1614
f 1612 1614 1687
f 1693 1621 1624
f 1621 1693 1692
f 1624 1968 1689
f 1689 1693 1624
f 1968 1969 1699
f 1970 1697 1971
f 1969 1971 1699
f 1696 1972 1973
f 1972 1697 1970
f 1974 1694 1700
f 1975 1690 1698
f 1976 1698 1977
f 1569 1688 1690
f 1690 1975 1569
f 1691 1688 1563
f 1569 1563 1688
f 1691 1566 1685
f 1566 1691 1563
f 1574 1686 1685
f 1685 1566 1574
f 1683 1686 1573
f 1574 1573 1686
f 1683 1653 1664
f 1653 1683 1573
f 1572 1665 1664
f 1664 1653 1572
f 1677 1665 1646
f 1572 1646 1665
f 1581 1677 1646
f 1666 1605 1601
f 1595 1679 1678
f 1679 1595 1605
f 1678 1681 1599
f 1599 1595 1678
f 1675 1629 1681
f 1599 1681 1629
f 1675 1588 1629
f 1978 1977 1695
f 1698 1976 1975
f 1698 1695 1977
f 1974 1979 1694
f 1694 1979 1978
f 1695 1694 1978
f 1974 1700 1973
f 1696 1697 1972
f 1700 1696 1973
f 1699 1971 1697
f 1699 1689 1968
f 1621 1692 1614
f 1666 1679 1605
f 1673 1591 1588
f 1673 1588 1675
f 1592 1591 1672
f 1673 1672 1591
f 1592 1667 1634
f 1667 1592 1672
f 1670 1583 1634
f 1634 1667 1670
f 1637 1583 1669
f 1670 1669 1583
f 1637 1668 1586
f 1668 1637 1669
f 1671 1639 1586
f 1586 1668 1671
f 1578 1639 1674
f 1671 1674 1639
f 1578 1676 1641
f 1676 1578 1674
f 1680 1580 1641
f 1641 1676 1680
f 1580 1680 1581
f 1680 1677 1581
f 1980 1386 1981
f 1451 1384 1980
f 1411 1982 1410
f 1981 1386 1410
f 1384 1386 1980
f 1981 1410 1982
f 1383 1445 1437
f 1384 1449 1409
f 1428 1393 1395
f 1434 1389 1381
f 1412 1414 1396
f 1393 1425 1392
f 1401 1423 1426
f 1402 1397 1419
f 1443 1407 1438
f 1431 1406 1399
f 1453 1455 1403
f 1405 1444 1400
f 1398 1460 1390
f 1398 1404 1457
f 1463 1467 1391
f 1390 1460 1463
f 1468 1394 1467
f 1391 1467 1394
f 1388 1387 1416
f 1468 1416 1387
f 1415 1983 1388
f 1415 1388 1416
f 1984 1382 1983
f 1388 1983 1382
f 1408 1984 1985
f 1984 1408 1382
f 1385 1408 1985
f 1468 1387 1394
f 1457 1460 1398
f 1391 1390 1463
f 1455 1404 1403
f 1404 1455 1457
f 1400 1453 1403
f 1443 1444 1405
f 1444 1453 1400
f 1438 1407 1406
f 1443 1405 1407
f 1431 1399 1426
f 1438 1406 1431
f 1401 1402 1423
f 1399 1401 1426
f 1397 1414 1419
f 1402 1419 1423
f 1392 1412 1396
f 1396 1414 1397
f 1428 1425 1393
f 1425 1412 1392
f 1434 1428 1395
f 1434 1381 1437
f 1434 1395 1389
f 1383 1409 1445
f 1381 1383 1437
f 1384 1451 1449
f 1409 1449 1445
f 1986 1501 1987
f 1530 1502 1986
f 1491 1988 1494
f 1987 1501 1494
f 1502 1501 1986
f 1987 1494 1988
f 1498 1524 1522
f 1502 1529 1497
f 1509 1495 1515
f 1517 1500 1499
f 1512 1516 1493
f 1496 1503 1492
f 1488 1536 1538
f 1489 1490 1533
f 1507 1483 1508
f 1540 1486 1487
f 1478 1544 1476
f 1482 1546 1480
f 1472 1554 1473
f 1472 1476 1543
f 1550 1556 1474
f 1473 1554 1550
f 1555 1475 1556
f 1474 1556 1475
f 1479 1477 1559
f 1555 1559 1477
f 1562 1989 1479
f 1562 1479 1559
f 1990 1481 1989
f 1479 1989 1481
f 1484 1990 1991
f 1990 1484 1481
f 1485 1484 1991
f 1555 1477 1475
f 1543 1554 1472
f 1474 1473 1550
f 1480 1544 1478
f 1476 1544 1543
f 1507 1546 1482
f 1546 1544 1480
f 1508 1483 1486
f 1507 1482 1483
f 1540 1487 1538
f 1508 1486 1540
f 1488 1489 1536
f 1487 1488 1538
f 1490 1516 1533
f 1489 1533 1536
f 1492 1512 1493
f 1493 1516 1490
f 1509 1503 1496
f 1503 1512 1492
f 1515 1495 1500
f 1509 1496 1495
f 1517 1499 1522
f 1515 1500 1517
f 1498 1497 1524
f 1499 1498 1522
f 1502 1530 1529
f 1497 1529 1524
f 1248 1992 1196
f 1248 1250 1993
f 1993 1992 1248
f 1994 1250 1292
f 1250 1994 1993
f 1291 1995 1292
f 1994 1292 1995
f 1291 1290 1996
f 1996 1995 1291
f 1997 1290 1289
f 1290 1997 1996
f 1280 1998 1289
f 1997 1289 1998
f 1280 1279 1999
f 1999 1998 1280
f 2000 1279 1283
f 1279 2000 1999
f 1192 2001 1283
f 2000 1283 2001
f 1192 1288 2002
f 2002 2001 1192
f 2003 1288 1287
f 1288 2003 2002
f 2004 1843 2003
f 2003 1287 2004
f 2004 2005 1842
f 1240 2005 2004
f 1839 2005 2006
f 2005 1239 2006
f 2007 1908 2006
f 2007 2006 1285
f 2007 2008 1910
f 1286 2008 2007
f 2008 2009 1913
f 2008 1242 2009
f 1916 2009 2010
f 2010 2009 1243
f 2011 1917 2010
f 1284 2011 2010
f 1919 1917 2011
f 2010 1917 1916
f 1919 2011 1202
f 1194 1196 2012
f 1992 2012 1196
f 2013 1293 1194
f 1194 2012 2013
f 1293 2014 1294
f 2014 1293 2013
f 1295 1294 2015
f 2014 2015 1294
f 2016 1246 1295
f 1295 2015 2016
f 1246 2017 1247
f 2017 1246 2016
f 1296 1247 2018
f 2017 2018 1247
f 2019 1298 1296
f 1296 2018 2019
f 1298 2020 1251
f 2020 1298 2019
f 1252 1251 2021
f 2020 2021 1251
f 2022 1299 1252
f 1252 2021 2022
f 1299 2023 1278
f 2023 1299 2022
f 1276 1278 2024
f 2023 2024 1278
f 2025 1300 1276
f 1276 2024 2025
f 1300 2025 2026
f 2025 1890 2026
f 2027 1301 2026
f 2027 2026 1888
f 2027 2028 1302
f 1887 2028 2027
f 1304 2028 2029
f 2028 1895 2029
f 2030 1305 2029
f 2030 2029 1893
f 2030 2031 1307
f 1899 2031 2030
f 2031 1896 2032
f 2031 2032 1306
f 1919 1202 2032
f 2032 1202 1201
f 1284 1282 2011
f 2011 1282 1202
f 2009 1916 1913
f 1243 1284 2010
f 2008 1913 1911
f 1242 1243 2009
f 1910 2008 1911
f 1286 1242 2008
f 1908 2007 1910
f 1285 1286 2007
f 1839 2006 1908
f 1239 1285 2006
f 1842 2005 1839
f 1240 1239 2005
f 1843 2004 1842
f 1287 1240 2004
f 1843 1847 2003
f 2003 1847 2002
f 1847 1850 2002
f 2002 1850 2001
f 1850 1849 2001
f 2001 1849 2000
f 1849 1854 2000
f 2000 1854 1999
f 1854 1853 1999
f 1999 1853 1998
f 1853 1858 1998
f 1998 1858 1997
f 1858 1857 1997
f 1997 1857 1996
f 1857 1862 1996
f 1996 1862 1995
f 1862 1859 1995
f 1995 1859 1994
f 1859 1861 1994
f 1994 1861 1993
f 1861 1865 1993
f 1993 1865 1992
f 1865 1869 1992
f 1992 1869 2012
f 1869 1866 2012
f 2012 1866 2013
f 1866 1868 2013
f 2013 1868 2014
f 1868 1906 2014
f 2014 1906 2015
f 1906 1875 2015
f 2015 1875 2016
f 1875 1877 2016
f 2016 1877 2017
f 1877 1903 2017
f 1903 1901 2018
f 1903 2018 2017
f 1901 1874 2019
f 1901 2019 2018
f 1874 1873 2020
f 1874 2020 2019
f 1873 1878 2021
f 1873 2021 2020
f 1878 1880 2022
f 1878 2022 2021
f 1880 1883 2023
f 1880 2023 2022
f 1883 1885 2024
f 1883 2024 2023
f 1885 1890 2025
f 1885 2025 2024
f 1890 1888 2026
f 2027 1888 1887
f 1301 1300 2026
f 2028 1887 1895
f 1302 1301 2027
f 2029 1895 1893
f 1304 1302 2028
f 2030 1893 1899
f 1305 1304 2029
f 2031 1899 1896
f 1307 1305 2030
f 2032 1896 1898
f 1306 1307 2031
f 1919 2032 1898
f 1201 1306 2032
f 2033 1270 2034
f 2035 2036 1981
f 1271 1270 2033
f 1268 2037 2038
f 1980 2038 1451
f 2036 1980 1981
f 2037 1451 2038
f 2035 1981 2034
f 2034 1270 1269
f 1982 2033 2034
f 1982 1411 2033
f 1271 2033 1411
f 2035 1269 1175
f 1981 1982 2034
f 1269 2035 2034
f 1175 1174 2036
f 1175 2036 2035
f 2038 1174 1268
f 2036 1174 2038
f 1980 2036 2038
f 2039 1259 2040
f 2041 2042 1266
f 2042 1267 1266
f 1268 1267 2043
f 1254 2044 1263
f 1264 1257 2045
f 1186 2046 1262
f 2047 1256 2048
f 1185 2049 2050
f 2046 1186 2050
f 1185 1260 2049
f 2050 2049 1420
f 1418 2049 1261
f 1420 2049 1418
f 1262 2046 2048
f 1254 1256 2047
f 1256 1262 2048
f 1263 2044 2040
f 1254 2047 2044
f 1257 1259 2039
f 2040 1259 1263
f 2041 1264 2045
f 2045 1257 2039
f 2037 2043 1448
f 2041 1266 1264
f 1451 2037 1448
f 2037 1268 2043
f 1420 1421 2050
f 1261 2049 1260
f 2046 1421 1413
f 1186 1185 2050
f 2048 1413 1422
f 1421 2046 2050
f 2047 1422 1427
f 1413 2048 2046
f 2044 1427 1430
f 1422 2047 2048
f 2040 1430 1432
f 1427 2044 2047
f 2039 1432 1436
f 1430 2040 2044
f 1432 2039 2040
f 1436 1439 2045
f 1436 2045 2039
f 1439 1440 2041
f 1439 2041 2045
f 1440 1447 2042
f 1440 2042 2041
f 1447 1448 2043
f 1447 2043 2042
f 1267 2042 2043
f 1411 1385 1178
f 1411 1178 1271
f 1356 1433 1429
f 1261 1345 1424
f 1441 1357 1442
f 1350 1435 1351
f 1326 1452 1450
f 1354 1446 1380
f 1459 1456 1353
f 1454 1325 1332
f 1461 1348 1462
f 1330 1331 1458
f 1347 1329 1465
f 1347 1464 1346
f 1466 1329 1328
f 1329 1466 1465
f 1358 1469 1328
f 1466 1328 1469
f 1358 1360 1470
f 1470 1469 1358
f 1471 1360 1359
f 1360 1471 1470
f 1274 1417 1359
f 1471 1359 1417
f 1464 1347 1465
f 1462 1348 1346
f 1462 1346 1464
f 1461 1458 1331
f 1461 1331 1348
f 1330 1459 1353
f 1458 1459 1330
f 1332 1456 1454
f 1353 1456 1332
f 1326 1325 1452
f 1325 1454 1452
f 1446 1354 1450
f 1354 1326 1450
f 1442 1357 1380
f 1442 1380 1446
f 1441 1435 1350
f 1441 1350 1357
f 1351 1433 1356
f 1435 1433 1351
f 1345 1429 1424
f 1356 1429 1345
f 1261 1424 1418
f 1275 1181 2051
f 1985 2052 2053
f 2051 1415 2054
f 1983 2051 2055
f 2054 1275 2051
f 1984 1983 2055
f 2052 1984 2055
f 1985 1984 2052
f 2053 1178 1385
f 2052 1272 2053
f 2055 1181 1180
f 1415 2051 1983
f 1181 2055 2051
f 2052 1180 1272
f 1180 2052 2055
f 2053 1272 1176
f 1178 2053 1176
f 1385 1985 2053
f 1274 1275 2054
f 1274 2054 1417
f 1417 2054 1415
f 2056 1564 2057
f 1156 949 2056
f 1564 1569 2057
f 1565 1564 2056
f 1156 2056 2057
f 2058 1164 1163
f 1156 2059 1154
f 1164 2060 1167
f 2061 2058 1163
f 2060 2062 1167
f 1164 2058 2060
f 1166 2062 2063
f 2062 1166 1167
f 2064 1165 2063
f 1166 2063 1165
f 2065 1169 1168
f 2065 1168 2064
f 1624 2065 2064
f 1163 1161 2061
f 2061 1161 2066
f 2067 2066 1160
f 2067 1162 2068
f 1162 2067 1160
f 2069 2068 1159
f 1162 1159 2068
f 1158 2070 2069
f 2069 1159 1158
f 2070 1157 2071
f 1157 2070 1158
f 2072 2071 1155
f 1157 1155 2071
f 1154 2059 2072
f 2072 1155 1154
f 2057 2059 1156
f 1569 1975 2059
f 1569 2059 2057
f 1975 1976 2072
f 1975 2072 2059
f 2072 1976 2071
f 1976 1977 2071
f 2071 1977 2070
f 1977 1978 2070
f 2070 1978 2069
f 1978 1979 2069
f 2069 1979 2068
f 1979 1974 2068
f 2068 1974 2067
f 1974 1973 2067
f 1160 2066 1161
f 2067 1973 2066
f 1972 2066 1973
f 2066 1972 2061
f 1970 2061 1972
f 2061 1970 2058
f 2060 1970 1971
f 1970 2060 2058
f 1971 1969 2062
f 1971 2062 2060
f 1969 1968 2063
f 1969 2063 2062
f 1968 1624 2064
f 2063 1968 2064
f 1165 2064 1168
f 2073 946 2074
f 949 902 2075
f 901 2076 902
f 901 2077 2076
f 2078 945 944
f 948 947 2079
f 2080 942 2081
f 943 1020 2082
f 938 936 2083
f 1655 2081 2084
f 1027 2085 932
f 2086 2087 933
f 2088 927 928
f 2089 950 2090
f 981 2091 2092
f 980 2093 739
f 2094 2095 1026
f 2096 1033 1025
f 2097 822 2098
f 984 983 2099
f 785 2100 2101
f 1037 2102 821
f 2103 2104 871
f 2105 787 913
f 2106 2107 815
f 2103 2108 1633
f 876 2109 2110
f 1589 2106 2111
f 2112 2113 879
f 2114 875 880
f 2115 761 2116
f 878 882 2117
f 884 2118 883
f 896 2119 760
f 884 895 2120
f 2120 2118 884
f 2121 895 887
f 895 2121 2120
f 886 2122 2123
f 2121 887 2123
f 886 894 2122
f 2123 2122 1607
f 2124 894 893
f 894 2124 2122
f 892 2125 893
f 2124 893 2125
f 892 891 2126
f 2126 2125 892
f 2127 891 812
f 891 2127 2126
f 811 2128 812
f 2127 812 2128
f 811 890 2129
f 2129 2128 811
f 2130 890 889
f 890 2130 2129
f 888 2131 889
f 2130 889 2131
f 888 769 2132
f 2132 2131 888
f 2133 769 771
f 769 2133 2132
f 2134 1622 2133
f 1622 1620 2133
f 885 2134 771
f 1622 2134 1623
f 2121 2123 1609
f 2135 883 2118
f 2119 896 2135
f 883 2135 896
f 2116 761 760
f 2119 2116 760
f 2115 2117 882
f 761 2115 882
f 878 2112 879
f 878 2117 2112
f 880 2113 2114
f 880 879 2113
f 876 875 2109
f 2109 875 2114
f 2111 877 2110
f 2110 877 876
f 2106 816 2111
f 816 877 2111
f 2108 2107 1593
f 2106 1631 2107
f 2103 870 2108
f 2107 2108 874
f 2104 913 871
f 2103 871 870
f 2105 2100 787
f 2104 2105 913
f 785 2101 1037
f 787 2100 785
f 821 2102 2098
f 1037 2101 2102
f 983 822 2097
f 822 821 2098
f 2094 984 2099
f 2099 983 2097
f 2095 1025 1026
f 2094 1026 984
f 2096 2091 1033
f 2095 2096 1025
f 981 2092 980
f 1033 2091 981
f 739 2093 2136
f 980 2092 2093
f 2136 2088 928
f 928 739 2136
f 927 2090 950
f 927 2088 2090
f 1027 2089 2085
f 1027 950 2089
f 933 932 2086
f 2086 932 2085
f 2083 936 2087
f 2087 936 933
f 2084 939 938
f 2083 2084 938
f 2081 942 939
f 2084 2081 939
f 2080 2082 1020
f 942 2080 1020
f 943 2137 944
f 943 2082 2137
f 2078 2074 945
f 2137 2078 944
f 946 2073 947
f 945 2074 946
f 948 2079 2077
f 947 2073 2079
f 2056 949 2075
f 901 948 2077
f 1565 2056 1663
f 902 2076 2075
f 2133 1620 2132
f 2134 2133 771
f 1620 1619 2132
f 2132 1619 2131
f 1619 1618 2131
f 2131 1618 2130
f 1618 1617 2130
f 2130 1617 2129
f 1617 1616 2129
f 1616 1615 2128
f 1616 2128 2129
f 1615 1611 2127
f 1615 2127 2128
f 1611 1610 2126
f 1611 2126 2127
f 1610 1613 2125
f 1610 2125 2126
f 1613 1608 2124
f 1613 2124 2125
f 1608 1607 2122
f 1608 2122 2124
f 1607 1625 2123
f 1609 2123 1625
f 887 886 2123
f 1609 1626 2121
f 2121 1626 2120
f 1626 1600 2120
f 2120 1600 2118
f 1600 1602 2118
f 2118 1602 2135
f 1602 1604 2135
f 2135 1604 2119
f 1604 1603 2119
f 1603 1627 2116
f 1603 2116 2119
f 1627 1594 2115
f 1627 2115 2116
f 1594 1596 2117
f 1594 2117 2115
f 1596 1628 2112
f 1596 2112 2117
f 1628 1598 2113
f 1628 2113 2112
f 1598 1597 2114
f 1598 2114 2113
f 1597 1630 2109
f 1597 2109 2114
f 1630 1590 2110
f 1630 2110 2109
f 1590 1589 2111
f 1590 2111 2110
f 1589 1631 2106
f 2107 1631 1632
f 815 816 2106
f 1593 2107 1632
f 874 815 2107
f 1633 2108 1593
f 870 874 2108
f 1633 1635 2103
f 2103 1635 2104
f 1635 1582 2104
f 2104 1582 2105
f 1582 1584 2105
f 2105 1584 2100
f 1584 1636 2100
f 2100 1636 2101
f 1636 1638 2101
f 2101 1638 2102
f 1638 1585 2102
f 2102 1585 2098
f 1585 1587 2098
f 2098 1587 2097
f 1587 1640 2097
f 2097 1640 2099
f 1640 1577 2099
f 2099 1577 2094
f 1577 1576 2094
f 2094 1576 2095
f 1576 1643 2095
f 2095 1643 2096
f 1643 1642 2096
f 2096 1642 2091
f 1642 1644 2091
f 2091 1644 2092
f 1644 1579 2092
f 2092 1579 2093
f 1579 1645 2093
f 2093 1645 2136
f 1645 1647 2136
f 1647 1649 2088
f 1647 2088 2136
f 1649 1648 2090
f 1649 2090 2088
f 1648 1571 2089
f 1648 2089 2090
f 1571 1570 2085
f 1571 2085 2089
f 1570 1651 2086
f 1570 2086 2085
f 1651 1650 2087
f 1651 2087 2086
f 1650 1652 2083
f 1650 2083 2087
f 1652 1655 2084
f 1652 2084 2083
f 1655 1654 2081
f 1654 1656 2081
f 2081 1656 2080
f 1656 1657 2080
f 2080 1657 2082
f 1657 1658 2082
f 2082 1658 2137
f 1658 1575 2137
f 2137 1575 2078
f 1575 1659 2078
f 2078 1659 2074
f 1659 1660 2074
f 1660 1661 2073
f 1660 2073 2074
f 1661 1662 2079
f 1661 2079 2073
f 1662 1568 2077
f 1662 2077 2079
f 1568 1567 2076
f 1568 2076 2077
f 1567 1663 2075
f 1567 2075 2076
f 1663 2056 2075
f 2065 2134 1169
f 2134 885 1169
f 2134 2065 1623
f 1623 2065 1624
f 1139 1009 2138
f 1704 1707 2139
f 2138 1704 2139
f 1139 2138 2139
f 1150 1145 2140
f 1139 2141 1142
f 2142 1148 1150
f 1150 2140 2142
f 1148 2143 1149
f 2143 1148 2142
f 2144 1153 2145
f 2143 2145 1149
f 2144 2146 1152
f 1152 1153 2144
f 1151 2147 1170
f 2146 2147 1151
f 1145 2148 2140
f 1756 2147 2146
f 1147 2148 1145
f 2149 1147 1146
f 1147 2149 2148
f 1143 2150 1146
f 2149 1146 2150
f 1143 1144 2151
f 2151 2150 1143
f 2152 1144 1141
f 1144 2152 2151
f 2153 2154 1140
f 2152 1141 2154
f 1142 2141 2153
f 2153 1140 1142
f 2139 2141 1139
f 1707 1967 2141
f 1707 2141 2139
f 2141 1967 2153
f 1967 1966 2153
f 1140 2154 1141
f 2153 1966 2154
f 1966 1964 2152
f 1966 2152 2154
f 1964 1965 2151
f 1964 2151 2152
f 1965 1963 2150
f 1965 2150 2151
f 1963 1962 2149
f 1963 2149 2150
f 2149 1962 2148
f 1962 1961 2148
f 2148 1961 2140
f 1961 1960 2140
f 2140 1960 2142
f 1960 1959 2142
f 2142 1959 2143
f 1959 1958 2143
f 1149 2145 1153
f 2143 1958 2145
f 1958 1957 2144
f 1958 2144 2145
f 1957 1756 2146
f 2144 1957 2146
f 1152 2146 1151
f 2155 1005 2156
f 2157 2158 956
f 2158 1008 956
f 1009 1008 2159
f 2160 1004 1006
f 955 1007 2161
f 2162 1001 2163
f 1014 1002 2164
f 998 1011 2165
f 1792 2163 2166
f 997 2167 1023
f 2168 2169 1012
f 2170 798 2171
f 2172 960 2173
f 1022 2174 2175
f 973 2176 797
f 2177 2178 952
f 2179 1030 958
f 2180 748 747
f 2177 2181 1776
f 759 819 2182
f 758 2183 2184
f 1031 2185 813
f 2186 2187 814
f 2188 988 1017
f 2189 989 2190
f 801 2191 2192
f 977 2193 982
f 2194 2195 974
f 2196 802 976
f 2197 1024 2198
f 897 743 2199
f 971 2200 970
f 2201 2202 972
f 971 796 2203
f 2203 2200 971
f 2204 796 783
f 796 2204 2203
f 782 2205 2206
f 2204 783 2206
f 782 1015 2205
f 2206 2205 1738
f 2207 1015 817
f 1015 2207 2205
f 800 2208 817
f 2207 817 2208
f 800 799 2209
f 2209 2208 800
f 2210 799 807
f 799 2210 2209
f 806 2211 807
f 2210 807 2211
f 806 790 2212
f 2212 2211 806
f 2213 790 789
f 790 2213 2212
f 779 2214 789
f 2213 789 2214
f 779 774 2215
f 2215 2214 779
f 2216 774 775
f 774 2216 2215
f 1752 1753 2217
f 1751 2216 1753
f 959 2217 775
f 2216 2217 1753
f 2204 2206 1733
f 2201 970 2200
f 972 2202 1016
f 970 2201 972
f 2198 1024 1016
f 1016 2202 2198
f 2197 2199 743
f 1024 2197 743
f 897 2194 974
f 897 2199 2194
f 976 2195 2196
f 976 974 2195
f 801 802 2191
f 2191 802 2196
f 2193 977 2192
f 2192 977 801
f 2218 1017 982
f 2193 2218 982
f 2190 988 2188
f 2188 1017 2218
f 2189 1031 989
f 2190 989 988
f 2185 2186 813
f 2189 2185 1031
f 814 2187 819
f 813 2186 814
f 759 2182 2183
f 819 2187 2182
f 747 758 2184
f 758 759 2183
f 2180 1719 2181
f 2180 747 2184
f 2177 926 2181
f 2180 2181 748
f 2178 958 952
f 2177 952 926
f 2179 2174 1030
f 2178 2179 958
f 1022 2175 973
f 1030 2174 1022
f 797 2176 2171
f 973 2175 2176
f 962 798 2170
f 798 797 2171
f 962 2173 960
f 2173 962 2170
f 997 2172 2167
f 997 960 2172
f 1012 1023 2168
f 2168 1023 2167
f 2165 1011 2169
f 2169 1011 1012
f 2166 999 998
f 2165 2166 998
f 2163 1001 999
f 2166 2163 999
f 2162 2164 1002
f 1001 2162 1002
f 1014 2219 1006
f 1014 2164 2219
f 2160 2156 1004
f 2219 2160 1006
f 1005 2155 1007
f 1004 2156 1005
f 955 2161 2157
f 1007 2155 2161
f 2159 1705 2138
f 956 955 2157
f 1704 2138 1705
f 1009 2159 2138
f 2216 1751 2215
f 2217 2216 775
f 1751 1750 2215
f 2215 1750 2214
f 1750 1748 2214
f 2214 1748 2213
f 1748 1747 2213
f 2213 1747 2212
f 1747 1746 2212
f 1746 1744 2211
f 1746 2211 2212
f 1744 1742 2210
f 1744 2210 2211
f 1742 1741 2209
f 1742 2209 2210
f 1741 1743 2208
f 1741 2208 2209
f 1743 1739 2207
f 1743 2207 2208
f 1739 1738 2205
f 1739 2205 2207
f 1738 1734 2206
f 1733 2206 1734
f 783 782 2206
f 1733 1757 2204
f 2204 1757 2203
f 1757 1735 2203
f 2203 1735 2200
f 1735 1737 2200
f 2200 1737 2201
f 1737 1728 2201
f 2201 1728 2202
f 1728 1727 2202
f 2202 1727 2198
f 1727 1758 2198
f 1758 1759 2197
f 1758 2197 2198
f 1759 1729 2199
f 1759 2199 2197
f 1729 1731 2194
f 1729 2194 2199
f 1731 1762 2195
f 1731 2195 2194
f 1762 1761 2196
f 1762 2196 2195
f 1761 1721 2191
f 1761 2191 2196
f 1721 1720 2192
f 1721 2192 2191
f 1720 1763 2193
f 1720 2193 2192
f 1763 1765 2218
f 1763 2218 2193
f 1765 1723 2188
f 1765 2188 2218
f 1723 1766 2190
f 1723 2190 2188
f 1766 1768 2189
f 1766 2189 2190
f 1768 1769 2185
f 1768 2185 2189
f 1769 1715 2186
f 1769 2186 2185
f 1715 1714 2187
f 1715 2187 2186
f 1714 1771 2182
f 1714 2182 2187
f 1771 1773 2183
f 1771 2183 2182
f 1773 1717 2184
f 1773 2184 2183
f 1717 1719 2180
f 1717 2180 2184
f 1719 1774 2181
f 1776 2181 1774
f 926 748 2181
f 1776 1777 2177
f 2177 1777 2178
f 1777 1709 2178
f 2178 1709 2179
f 1709 1708 2179
f 2179 1708 2174
f 1708 1780 2174
f 2174 1780 2175
f 1780 1779 2175
f 2175 1779 2176
f 1779 1781 2176
f 2176 1781 2171
f 1781 1783 2171
f 2171 1783 2170
f 1783 1784 2170
f 1784 1785 2173
f 1784 2173 2170
f 1785 1786 2172
f 1785 2172 2173
f 1786 1713 2167
f 1786 2167 2172
f 1713 1788 2168
f 1713 2168 2167
f 1788 1787 2169
f 1788 2169 2168
f 1787 1790 2165
f 1787 2165 2169
f 1790 1792 2166
f 1790 2166 2165
f 1792 1791 2163
f 1791 1793 2163
f 2163 1793 2162
f 1793 1795 2162
f 2162 1795 2164
f 1795 1796 2164
f 2164 1796 2219
f 1796 1797 2219
f 2219 1797 2160
f 1797 1702 2160
f 2160 1702 2156
f 1702 1701 2156
f 1701 1798 2155
f 1701 2155 2156
f 1798 1799 2161
f 1798 2161 2155
f 1799 1800 2157
f 1799 2157 2161
f 1800 1801 2158
f 1800 2158 2157
f 1801 1705 2159
f 1801 2159 2158
f 1008 2158 2159
f 2217 1755 1752
f 2147 2217 1170
f 2217 959 1170
f 2147 1755 2217
f 2147 1756 1755
f 1528 1530 2220
f 1528 2220 1226
f 1226 2220 1227
f 1230 1229 2221
f 2222 1228 2223
f 2220 1530 1986
f 1229 1223 2221
f 2222 2224 1231
f 1223 2224 2221
f 1988 2221 2224
f 2223 1986 2222
f 1987 2224 2222
f 2223 1227 2220
f 1988 1491 2221
f 1230 2221 1491
f 1231 2224 1223
f 1988 2224 1987
f 1228 2222 1231
f 1986 1987 2222
f 1227 2223 1228
f 2220 1986 2223
f 1376 1525 1527
f 1226 1377 1526
f 1520 1314 1521
f 1373 1523 1374
f 1369 1513 1519
f 1372 1518 1315
f 1504 1510 1318
f 1511 1313 1312
f 1514 1371 1532
f 1316 1317 1505
f 1367 1366 1534
f 1367 1531 1370
f 1535 1366 1365
f 1366 1535 1534
f 1362 1537 1365
f 1535 1365 1537
f 1362 1363 1539
f 1539 1537 1362
f 1541 1363 1364
f 1363 1541 1539
f 1206 1542 1364
f 1541 1364 1542
f 1531 1367 1534
f 1532 1371 1370
f 1532 1370 1531
f 1514 1505 1317
f 1514 1317 1371
f 1316 1504 1318
f 1505 1504 1316
f 1312 1510 1511
f 1318 1510 1312
f 1369 1313 1513
f 1313 1511 1513
f 1518 1372 1519
f 1372 1369 1519
f 1521 1314 1315
f 1521 1315 1518
f 1520 1523 1373
f 1520 1373 1314
f 1374 1525 1376
f 1523 1525 1374
f 1377 1527 1526
f 1376 1527 1377
f 1226 1526 1528
f 1491 1485 1219
f 1491 1219 1230
f 2225 1203 2226
f 1207 2227 1206
f 2228 1199 1232
f 2229 1197 2230
f 2231 2232 1211
f 2233 1205 1208
f 2234 2235 1209
f 2235 1210 1209
f 1214 2236 1212
f 2236 1561 2234
f 1561 2236 1562
f 1562 2236 2237
f 1212 2236 2234
f 2237 1214 1218
f 2235 2231 1210
f 1208 1211 2232
f 1211 1210 2231
f 1205 2233 2226
f 1208 2232 2233
f 1232 1203 2225
f 2226 1203 1205
f 2230 1199 2228
f 2228 1232 2225
f 2229 1207 1197
f 2230 1197 1199
f 2227 1542 1206
f 2229 2227 1207
f 1561 1560 2234
f 1214 2237 2236
f 2235 1560 1557
f 1209 1212 2234
f 2231 1557 1558
f 1560 2235 2234
f 2232 1558 1549
f 1557 2231 2235
f 2233 1549 1551
f 1558 2232 2231
f 2226 1551 1553
f 1549 2233 2232
f 2225 1553 1552
f 1551 2226 2233
f 1553 2225 2226
f 1552 1545 2228
f 1552 2228 2225
f 1545 1548 2230
f 1545 2230 2228
f 1548 1547 2229
f 1548 2229 2230
f 1547 1506 2227
f 1547 2227 2229
f 2227 1506 1542
f 1218 1216 2238
f 1991 2239 2240
f 2238 1562 2237
f 1989 2238 2241
f 2237 1218 2238
f 2241 1990 1989
f 2239 1990 2242
f 2242 1990 2241
f 2240 1219 1485
f 1220 2240 2239
f 2241 1216 1215
f 1562 2238 1989
f 1216 2241 2238
f 2242 2241 1215
f 1215 1221 2242
f 1990 2239 1991
f 2242 1221 2239
f 1220 2239 1221
f 1219 2240 1220
f 1485 1991 2240
f 407 1173 1177
f 402 409 1179
f 1258 406 1255
f 405 1265 408
f 410 1190 1253
f 403 1183 404
f 412 1187 1189
f 1189 411 412
f 1187 413 1297
f 413 1187 412
f 1245 1297 414
f 413 414 1297
f 1189 1190 411
f 1245 414 415
f 403 410 1253
f 410 411 1190
f 1255 404 1183
f 1183 403 1253
f 1258 405 406
f 1255 406 404
f 1265 1173 408
f 1258 1265 405
f 407 1177 409
f 408 1173 407
f 402 1179 1273
f 409 1177 1179
f 1245 1172 1195
f 1172 1245 415
f 1172 1171 1249
f 1172 1249 1195
f 720 400 401
f 402 1273 1320
f 1320 401 402
f 720 401 1320
f 1249 363 1281
f 363 1249 1171
f 362 1281 363
f 359 1238 360
f 361 1244 1193
f 1234 358 356
f 1237 357 1236
f 365 366 1213
f 364 1204 1233
f 1217 367 1224
f 367 1217 366
f 1222 1224 368
f 367 368 1224
f 369 1225 1222
f 1222 368 369
f 1217 1213 366
f 1204 365 1213
f 364 1233 356
f 365 1204 364
f 358 1234 1236
f 356 1233 1234
f 359 357 1237
f 357 358 1236
f 1244 360 1238
f 1238 359 1237
f 1193 362 361
f 1244 361 360
f 362 1193 1281
f 399 400 720
f 370 371 733
f 369 370 1379
f 733 1379 370
f 1379 1225 369
f 399 993 398
f 395 396 1013
f 1003 387 397
f 397 1010 1003
f 1010 397 395
f 1013 396 993
f 1010 395 1013
f 993 396 398
f 371 372 733
f 376 1021 373
f 374 1028 756
f 881 376 377
f 1021 1028 373
f 881 1021 376
f 374 756 375
f 373 1028 374
f 372 375 756
f 2243 2244 2245
f 2243 2246 2247
f 2248 2249 2250
f 2244 2251 2245
f 2252 2249 2253
f 2254 2255 2256
f 2257 2253 2258
f 2254 2259 2260
f 2261 2262 2258
f 2259 315 2260
f 2263 2256 2255
f 2264 2265 2266
f 2267 242 2259
f 2268 292 285
f 285 2267 2268
f 2269 297 291
f 302 2270 298
f 2270 2271 2272
f 2273 305 299
f 2272 299 298
f 306 2274 2275
f 305 2273 2274
f 2276 2277 2278
f 2279 2280 312
f 2281 2282 2283
f 2284 2285 2283
f 261 2286 2287
f 260 2287 258
f 2288 2281 2289
f 260 261 2287
f 2290 337 286
f 258 2287 2291
f 2292 2293 2289
f 2294 2295 2292
f 2296 2297 2298
f 2299 2298 2297
f 2296 2300 2301
f 2301 2300 2302
f 2303 2304 2302
f 2305 2295 2294
f 2302 2300 2303
f 2306 2307 2308
f 2305 2294 2308
f 2309 2248 2310
f 2311 2312 2245
f 2313 2309 2314
f 2315 2313 2316
f 2312 2317 2318
f 2319 2320 2321
f 2322 2323 2315
f 2324 2325 2326
f 2323 2321 2327
f 2286 2278 2285
f 2285 2277 2328
f 2329 2276 2280
f 2278 339 2280
f 293 306 2275
f 2275 2329 2279
f 306 305 2274
f 299 2272 2273
f 2270 302 2269
f 2268 2261 2265
f 2256 2330 2246
f 2331 2319 2332
f 2327 2320 2325
f 2325 2333 2334
f 2335 2336 2337
f 2338 2339 2340
f 2341 2339 2342
f 2343 2344 2345
f 2346 2345 2340
f 2347 2348 2349
f 2347 2343 2350
f 2351 2352 2353
f 2354 2353 2349
f 2355 2356 2357
f 2356 2358 2359
f 2360 2361 2362
f 2352 2349 2353
f 2334 2363 2336
f 2364 2336 2365
f 2335 2326 2334
f 2337 2364 2338
f 2364 2365 2342
f 2346 2341 2366
f 2343 2366 2350
f 2347 2367 2344
f 2368 2352 2360
f 2357 2359 2361
f 2356 2369 2370
f 2356 2355 2369
f 2371 2358 2370
f 2372 2370 2373
f 2374 2375 2376
f 2377 2371 2378
f 2375 2372 2376
f 2379 2380 2381
f 2379 2375 2382
f 2383 2303 2384
f 2305 2384 2303
f 2384 2385 2382
f 2386 2387 2381
f 2383 2304 2303
f 2386 2380 2307
f 2377 2388 2381
f 2300 2295 2303
f 2297 2296 2301
f 2389 2306 2294
f 2303 2295 2305
f 2293 2292 2295
f 2306 2308 2294
f 2296 2293 2300
f 2298 2299 2390
f 2391 2389 2292
f 2300 2293 2295
f 2293 2288 2289
f 2389 2294 2292
f 2298 2288 2296
f 2291 2392 2390
f 2289 2393 2391
f 2296 2288 2293
f 2288 2282 2281
f 2391 2292 2289
f 2298 2392 2282
f 2392 2298 2390
f 2281 2394 2393
f 2298 2282 2288
f 2282 2284 2283
f 2393 2289 2281
f 2392 2287 2284
f 2392 2291 2287
f 2283 2328 2394
f 2392 2284 2282
f 2286 2284 2287
f 2394 2281 2283
f 337 2286 261
f 339 2290 286
f 2284 2286 2285
f 337 2290 2286
f 2328 2283 2285
f 2280 339 312
f 2290 2278 2286
f 339 2278 2290
f 2277 2285 2278
f 312 293 2279
f 2276 2278 2280
f 2329 2280 2279
f 293 2275 2279
f 298 2270 2272
f 2269 302 297
f 2395 2271 2270
f 2266 2269 2264
f 2269 2395 2270
f 2269 291 2264
f 2396 2395 2269
f 2269 2266 2396
f 291 292 2264
f 2264 2268 2265
f 2397 2396 2266
f 285 242 2267
f 315 2259 242
f 2265 2397 2266
f 2268 2264 292
f 2268 2262 2261
f 2398 2397 2265
f 2259 2262 2267
f 2255 2254 2260
f 2261 2398 2265
f 2267 2262 2268
f 2262 2257 2258
f 2399 2398 2261
f 2257 2259 2254
f 2256 2263 2330
f 2258 2399 2261
f 2259 2257 2262
f 2257 2252 2253
f 2400 2399 2258
f 2256 2252 2254
f 2246 2330 2247
f 2253 2400 2258
f 2254 2252 2257
f 2252 2250 2249
f 2401 2400 2253
f 2246 2250 2256
f 2244 2243 2247
f 2402 2401 2249
f 2256 2250 2252
f 2310 2248 2250
f 2401 2253 2249
f 2310 2246 2243
f 2245 2251 2311
f 2403 2402 2248
f 2246 2310 2250
f 2314 2309 2310
f 2402 2249 2248
f 2245 2314 2243
f 2312 2311 2317
f 2404 2403 2309
f 2243 2314 2310
f 2316 2313 2314
f 2403 2248 2309
f 2312 2316 2245
f 2332 2318 2317
f 2405 2404 2313
f 2245 2316 2314
f 2322 2315 2316
f 2404 2309 2313
f 2322 2312 2318
f 2406 2319 2331
f 2407 2405 2315
f 2312 2322 2316
f 2321 2323 2322
f 2405 2313 2315
f 2318 2319 2321
f 2319 2318 2332
f 2408 2407 2323
f 2318 2321 2322
f 2320 2327 2321
f 2407 2315 2323
f 2320 2319 2406
f 2406 2409 2320
f 2333 2409 2410
f 2324 2408 2327
f 2320 2409 2333
f 2408 2323 2327
f 2411 2363 2410
f 2320 2333 2325
f 2411 2412 2363
f 2324 2327 2325
f 2333 2363 2334
f 2410 2363 2333
f 2363 2412 2336
f 2326 2325 2334
f 2365 2336 2412
f 2335 2334 2336
f 2364 2342 2339
f 2336 2364 2337
f 2339 2341 2346
f 2364 2339 2338
f 2346 2366 2343
f 2339 2346 2340
f 2350 2348 2347
f 2346 2343 2345
f 2348 2354 2349
f 2344 2343 2347
f 2368 2367 2349
f 2347 2349 2367
f 2349 2352 2368
f 2351 2361 2352
f 2351 2357 2361
f 2356 2359 2357
f 2360 2352 2361
f 2362 2359 2413
f 2356 2370 2358
f 2362 2361 2359
f 2369 2373 2370
f 2370 2372 2378
f 2414 2413 2358
f 2370 2378 2371
f 2413 2359 2358
f 2376 2372 2373
f 2382 2374 2415
f 2371 2416 2414
f 2378 2388 2377
f 2414 2358 2371
f 2388 2372 2375
f 2415 2417 2382
f 2377 2387 2416
f 2372 2388 2378
f 2388 2379 2381
f 2416 2371 2377
f 2382 2375 2374
f 2384 2417 2383
f 2381 2380 2386
f 2375 2379 2388
f 2385 2380 2379
f 2387 2377 2381
f 2382 2417 2384
f 2382 2385 2379
f 2305 2308 2385
f 2384 2305 2385
f 2307 2380 2308
f 2385 2308 2380
f 2418 2419 2420
f 2421 241 327
f 2419 2422 2423
f 2421 2424 241
f 2425 247 2426
f 2424 2419 241
f 2427 2428 2429
f 2430 2429 2431
f 2429 2432 2433
f 2434 2432 2429
f 2429 2435 2431
f 2433 2435 2429
f 2430 2436 2429
f 2428 2434 2429
f 2437 2429 2436
f 2438 2428 2427
f 2438 2427 2439
f 2429 2437 2440
f 2429 2441 2442
f 239 2429 247
f 2439 2427 2443
f 2442 2444 2429
f 2445 247 2429
f 2429 2444 2445
f 2446 2447 247
f 2446 247 2445
f 2443 2427 2448
f 2449 247 2447
f 2450 247 2425
f 2449 2426 247
f 2451 2452 247
f 2451 247 2450
f 2453 2454 2427
f 2455 247 2452
f 247 2456 2457
f 2455 2456 247
f 247 2458 2459
f 2457 2458 247
f 247 2460 2461
f 2459 2460 247
f 2462 2453 2427
f 2461 251 247
f 2427 2423 2462
f 2423 2427 2419
f 2419 2418 2422
f 2420 2424 2463
f 2464 2424 2465
f 2463 2424 2464
f 2420 2419 2424
f 2454 2448 2427
f 2429 2419 2427
f 241 2419 239
f 2419 2429 239
f 2441 2429 2440
f 2466 2467 271
f 2468 2469 2466
f 2466 2469 2470
f 2466 2471 2472
f 2473 2468 2466
f 2474 275 2475
f 2473 2466 2476
f 2477 2466 2472
f 2478 2473 2476
f 2479 2476 2480
f 2478 2476 2479
f 2481 2466 2477
f 2480 2476 2482
f 2483 2476 2484
f 2482 2476 2483
f 2481 2467 2466
f 2484 2476 2485
f 2476 2486 2487
f 2476 271 270
f 2476 2488 2486
f 346 275 2474
f 2489 2467 2481
f 2488 2476 2490
f 2491 2476 2492
f 2490 2476 2491
f 2493 270 2494
f 2493 2492 270
f 270 2495 2496
f 2494 270 2496
f 270 2497 2495
f 2466 271 2476
f 270 2498 2499
f 2497 270 2499
f 2500 2501 270
f 270 2501 2498
f 271 2467 275
f 2502 2500 270
f 270 2503 2502
f 2504 2505 2467
f 2475 2467 2505
f 2506 2507 2475
f 2506 2475 2505
f 2508 2475 2507
f 2509 2510 270
f 2511 270 2510
f 266 2512 270
f 270 2511 2503
f 2509 270 2512
f 2504 2467 2489
f 275 2467 2475
f 2470 2513 2466
f 2471 2466 2513
f 2476 270 2492
f 2485 2476 2487
f 2291 279 265
f 2514 269 2390
f 258 2291 265
f 2390 279 2291
f 2299 2514 2390
f 2515 2516 2517
f 2301 2518 2519
f 2520 2417 2521
f 2383 2417 2522
f 2415 2523 2524
f 2525 2526 2374
f 2374 2527 2528
f 2374 2376 2529
f 2530 2531 2374
f 2529 2532 2374
f 2533 2374 2531
f 2532 2530 2374
f 2534 2535 2374
f 2534 2374 2533
f 2374 2526 2536
f 2525 2374 2535
f 2537 2374 2538
f 2374 2536 2538
f 2539 2374 2540
f 2374 2537 2540
f 2541 2374 2542
f 2374 2539 2542
f 2527 2374 2543
f 2374 2541 2543
f 2374 2544 2545
f 2544 2374 2528
f 2374 2546 2547
f 2545 2546 2374
f 2374 2548 2549
f 2547 2548 2374
f 2374 2550 2551
f 2549 2550 2374
f 2415 2374 2552
f 2551 2552 2374
f 2553 2415 2554
f 2415 2552 2554
f 2524 2555 2415
f 2415 2553 2523
f 2415 2556 2557
f 2555 2556 2415
f 2415 2558 2559
f 2557 2558 2415
f 2415 2560 2561
f 2559 2560 2415
f 2415 2562 2563
f 2561 2562 2415
f 2415 2564 2565
f 2563 2564 2415
f 2415 2566 2567
f 2565 2566 2415
f 2415 2568 2569
f 2567 2568 2415
f 2417 2415 2570
f 2569 2570 2415
f 2520 2571 2417
f 2417 2570 2521
f 2417 2572 2573
f 2571 2572 2417
f 2417 2574 2575
f 2573 2574 2417
f 2417 2576 2577
f 2575 2576 2417
f 2417 2578 2579
f 2577 2578 2417
f 2417 2580 2581
f 2579 2580 2417
f 2417 2582 2583
f 2581 2582 2417
f 2417 2584 2585
f 2583 2584 2417
f 2586 2587 2522
f 2586 2522 2585
f 2417 2585 2522
f 2588 2522 2587
f 2522 2589 2590
f 2588 2589 2522
f 2522 2591 2592
f 2590 2591 2522
f 2522 2593 2594
f 2592 2593 2522
f 2522 2595 2596
f 2594 2595 2522
f 2597 2598 2522
f 2522 2599 2597
f 2600 2601 2522
f 2600 2522 2598
f 2602 2603 2522
f 2602 2522 2601
f 2604 2605 2606
f 2606 2522 2603
f 2607 2605 2608
f 2605 2604 2608
f 2522 2605 2383
f 2607 2609 2605
f 2605 2609 2610
f 2605 2522 2606
f 2605 2611 2612
f 2610 2611 2605
f 2605 2613 2614
f 2612 2613 2605
f 2605 2615 2616
f 2614 2615 2605
f 2605 2617 2618
f 2616 2617 2605
f 2605 2619 2620
f 2605 2304 2383
f 2605 2621 2622
f 2620 2621 2605
f 2605 2623 2624
f 2622 2623 2605
f 2605 2625 2626
f 2624 2625 2605
f 2627 2516 2628
f 2626 2628 2605
f 2516 2627 2629
f 2605 2516 2304
f 2516 2630 2631
f 2629 2630 2516
f 2516 2632 2633
f 2631 2632 2516
f 2515 2634 2516
f 2517 2516 2633
f 2634 2635 2636
f 2515 2635 2634
f 2302 2304 2516
f 2634 2637 2516
f 2638 2639 2516
f 2640 2516 2641
f 2639 2641 2516
f 2640 2642 2516
f 2643 2516 2644
f 2516 2642 2644
f 2645 2516 2646
f 2516 2643 2646
f 2518 2647 2648
f 2645 2647 2518
f 2649 2650 2518
f 2648 2649 2518
f 2651 2518 2650
f 2302 2516 2518
f 2518 2301 2302
f 2518 2651 2652
f 2653 2654 2518
f 2653 2518 2655
f 2656 2657 2518
f 2656 2518 2654
f 2658 2659 2518
f 2658 2518 2657
f 2660 2519 2661
f 2519 2659 2661
f 2519 2662 2663
f 2660 2662 2519
f 2663 2664 2519
f 2518 2659 2519
f 2665 2666 2519
f 2301 2519 2297
f 2667 2668 2519
f 2667 2519 2666
f 2669 2670 2519
f 2669 2519 2668
f 2514 2671 2672
f 2671 2519 2670
f 2671 2514 2519
f 2519 2299 2297
f 2514 2673 2674
f 2672 2673 2514
f 2514 2675 2676
f 2674 2675 2514
f 2514 2677 2678
f 2514 2299 2519
f 2514 2679 269
f 2678 2679 2514
f 2596 2680 2522
f 2599 2522 2680
f 2618 2681 2605
f 2619 2605 2681
f 2516 2605 2628
f 2516 2637 2638
f 2516 2645 2518
f 2655 2518 2652
f 2664 2682 2519
f 2665 2519 2682
f 2676 2683 2514
f 2677 2514 2683
f 269 279 2390
f 2684 2685 2686
f 2685 2687 2688
f 2689 2685 2690
f 2691 2685 2692
f 2693 2694 2695
f 2696 2685 2697
f 2685 2691 2697
f 2692 2685 2698
f 2699 2700 2701
f 2685 2702 2703
f 2684 2690 2685
f 2701 2704 2705
f 2695 2706 2707
f 2708 2685 2709
f 2710 2709 2685
f 2711 2712 2700
f 2713 2685 2714
f 2685 2708 2714
f 2685 2713 2715
f 2685 2716 2704
f 2717 2716 2685
f 2685 2715 2717
f 2716 2717 2718
f 2716 2718 2719
f 2685 2720 2710
f 2685 2703 2720
f 2721 2722 2723
f 2719 2724 2716
f 2716 2725 2726
f 2727 2725 2716
f 2716 2728 2729
f 2726 2728 2716
f 2730 2704 2729
f 2716 2729 2704
f 2731 2704 2732
f 2704 2730 2732
f 2733 2704 2734
f 2704 2731 2734
f 2733 2735 2704
f 2723 2736 2706
f 2737 2738 2704
f 2737 2704 2735
f 2739 2740 2704
f 2739 2704 2738
f 2741 2742 2704
f 2741 2704 2740
f 2743 2744 2704
f 2743 2704 2742
f 2745 2746 2704
f 2745 2704 2744
f 2747 2704 2748
f 2704 2749 2748
f 2750 2704 2751
f 2704 2747 2751
f 2752 2704 2753
f 2704 2750 2753
f 2705 2754 2755
f 2752 2756 2704
f 2757 2758 2704
f 2757 2704 2756
f 2759 2704 2760
f 2704 2758 2760
f 2761 2704 2762
f 2704 2759 2762
f 2704 2746 2749
f 2704 2761 2763
f 2704 2764 2705
f 2764 2704 2763
f 2705 2765 2766
f 2764 2765 2705
f 2755 2767 2721
f 2705 2766 2754
f 2768 2754 2769
f 2754 2770 2769
f 2771 2754 2772
f 2754 2768 2772
f 2773 2754 2774
f 2754 2771 2774
f 2775 2754 2776
f 2754 2773 2776
f 2777 2754 2778
f 2754 2775 2778
f 2779 2754 2780
f 2754 2777 2780
f 2781 2754 2782
f 2754 2779 2782
f 2783 2754 2784
f 2754 2781 2784
f 2785 2754 2786
f 2754 2783 2786
f 2787 2754 2788
f 2754 2785 2788
f 2789 2790 2754
f 2791 2792 2793
f 2794 2795 2754
f 2794 2754 2790
f 2796 2797 2754
f 2796 2754 2795
f 2798 2754 2799
f 2754 2797 2799
f 2800 2754 2801
f 2754 2798 2801
f 2802 2754 2803
f 2754 2800 2803
f 2802 2804 2755
f 2755 2754 2802
f 2805 2806 2755
f 2805 2755 2804
f 2755 2807 2808
f 2807 2755 2806
f 2808 2809 2810
f 2807 2809 2808
f 2808 2811 2812
f 2810 2811 2808
f 2808 2813 2814
f 2812 2813 2808
f 2815 2808 2816
f 2814 2816 2808
f 2817 2815 2818
f 2817 2808 2815
f 2702 2685 2696
f 2815 2819 2818
f 2685 2688 2698
f 2712 2820 2821
f 2686 2685 2822
f 2694 2823 2824
f 2825 2826 2827
f 2828 2821 2829
f 2830 2831 2832
f 282 2825 2833
f 2834 2835 2836
f 2837 2838 2839
f 2840 2841 2842
f 2843 2844 253
f 2793 2845 2846
f 2847 2848 2849
f 2850 2851 2852
f 2853 2793 2854
f 2852 2855 2856
f 2850 2852 2857
f 2858 2859 2852
f 2852 2859 2855
f 2860 2852 2861
f 2860 2858 2852
f 2862 2863 2864
f 2861 2852 2864
f 2865 2864 2863
f 2852 2856 2857
f 2866 2851 2867
f 2867 2851 2850
f 2868 2869 2793
f 2870 2868 2851
f 2871 2872 2793
f 2871 2793 2869
f 2873 2874 2793
f 2873 2793 2872
f 2793 2853 2875
f 2854 2793 2874
f 2866 2870 2851
f 2793 2875 2876
f 2877 2793 2878
f 2793 2876 2878
f 2879 2793 2880
f 2793 2877 2880
f 2881 2793 2882
f 2793 2879 2882
f 2868 2793 2851
f 2793 2881 2883
f 2884 2793 2885
f 2793 2792 2885
f 2793 2886 2887
f 2884 2886 2793
f 2793 2888 2889
f 2887 2888 2793
f 2793 2890 2891
f 2889 2890 2793
f 2793 2892 2845
f 2891 2892 2793
f 2893 2894 2793
f 2793 2846 2893
f 2895 2896 2793
f 2895 2793 2894
f 2793 2897 2851
f 2898 2793 2896
f 2793 2898 2899
f 2900 2901 2899
f 2902 2903 2847
f 2902 2847 2901
f 2904 2905 2847
f 2904 2847 2903
f 2906 2907 2847
f 2906 2847 2905
f 2908 2909 2847
f 2908 2847 2907
f 2910 2847 2911
f 2911 2847 2909
f 2912 2847 2913
f 2847 2910 2913
f 2914 2847 2915
f 2847 2912 2915
f 2916 2847 2917
f 2847 2914 2917
f 2918 2919 2847
f 2847 2916 2920
f 2849 2921 2847
f 2847 2919 2848
f 2922 2923 2847
f 2922 2847 2921
f 2924 2925 2847
f 2924 2847 2923
f 2899 2926 2897
f 2927 2847 2925
f 2847 2928 2929
f 2927 2928 2847
f 2930 2931 2847
f 2929 2930 2847
f 2932 2933 2934
f 2934 2847 2931
f 2935 2936 2933
f 2926 2937 2938
f 2939 2940 2933
f 2939 2933 2936
f 2941 2942 2933
f 2943 2933 2842
f 2944 2933 2945
f 2945 2933 2942
f 2946 2842 2933
f 2933 2944 2946
f 2947 2948 2842
f 2949 2842 2946
f 2950 2951 2842
f 2948 2950 2842
f 2842 2951 2952
f 2953 2937 2954
f 2842 2955 2956
f 2952 2955 2842
f 2842 2957 2840
f 2956 2957 2842
f 2841 2958 2842
f 2949 2947 2842
f 2959 2960 2842
f 2960 2961 2962
f 2963 2842 2964
f 2842 2965 2964
f 2966 2842 2967
f 2842 2963 2967
f 2968 2969 2842
f 2842 2966 2968
f 2970 2971 2842
f 2970 2842 2969
f 2972 2842 2973
f 2973 2842 2971
f 2842 2972 2974
f 2842 2424 2959
f 2975 2976 2961
f 2974 2977 2842
f 2977 2978 2424
f 2424 2842 2977
f 2979 2465 2424
f 2979 2424 2978
f 2980 2981 2975
f 2943 2960 2982
f 2980 2983 2984
f 2985 2954 2986
f 2844 2987 2984
f 2988 2986 2989
f 2990 2836 2991
f 2992 2989 2990
f 2993 2843 329
f 2994 2993 324
f 2685 2995 2996
f 2997 2994 316
f 2837 2998 2834
f 2832 2999 2838
f 3000 280 2833
f 2997 318 3000
f 3001 3002 3003
f 3004 2830 3001
f 3005 3002 2824
f 2996 2822 2685
f 3006 2685 3007
f 3006 2995 2685
f 3008 2475 3009
f 2475 3008 3007
f 2508 3009 2475
f 2767 2755 2817
f 2808 2817 2755
f 2754 2787 2789
f 2722 2721 2767
f 2766 3010 2754
f 2770 2754 3010
f 2721 2705 2755
f 2736 2723 2722
f 3011 2716 3012
f 3011 2727 2716
f 2705 2721 2699
f 2704 2701 2685
f 2724 3013 2716
f 3012 2716 3013
f 2723 2699 2721
f 2707 2706 2736
f 2701 3014 2685
f 2699 2701 2705
f 2699 2723 2711
f 2685 2689 2687
f 2701 2700 3014
f 3007 2685 2475
f 2706 2711 2723
f 2693 2695 2707
f 2474 3014 3015
f 2711 2700 2699
f 2820 2711 2706
f 3014 2475 2685
f 2700 2712 3015
f 2474 2475 3014
f 2695 2820 2706
f 2823 2694 2693
f 346 3015 3016
f 2820 2712 2711
f 2829 2820 2695
f 2700 3015 3014
f 2712 2821 3016
f 2474 3015 346
f 2694 2829 2695
f 3005 2824 2823
f 351 3016 3017
f 2829 2821 2820
f 3018 2829 2694
f 2712 3016 3015
f 2821 2828 3017
f 346 3016 351
f 2824 3018 2694
f 3003 3002 3005
f 2828 2826 3017
f 3018 2828 2829
f 3019 3018 2824
f 2821 3017 3016
f 2828 2827 2826
f 351 3017 278
f 3002 3019 2824
f 3004 3001 3003
f 2828 3018 2827
f 3019 2827 3018
f 3002 3020 3019
f 2826 278 3017
f 353 278 2826
f 3001 3020 3002
f 2831 2830 3004
f 2827 3019 2825
f 3020 2825 3019
f 3001 3021 3020
f 2825 353 2826
f 282 353 2825
f 2830 3021 3001
f 2999 2832 2831
f 2825 3020 2833
f 3021 2833 3020
f 3021 3022 3000
f 280 282 2833
f 2832 3022 2830
f 2839 2838 2999
f 3021 3000 2833
f 2830 3022 3021
f 3022 3023 2997
f 318 280 3000
f 2838 3023 2832
f 2998 2837 2839
f 3022 2997 3000
f 2832 3023 3022
f 2838 3024 3023
f 316 318 2997
f 2837 3024 2838
f 2835 2834 2998
f 2997 3023 2994
f 3024 2994 3023
f 2837 3025 3024
f 324 316 2994
f 2834 3025 2837
f 2991 2836 2835
f 2994 3024 2993
f 3025 2993 3024
f 2834 3026 3025
f 329 324 2993
f 2836 3026 2834
f 2992 2990 2991
f 2993 3025 2843
f 3026 2843 3025
f 2836 3027 3026
f 2844 2843 2987
f 253 329 2843
f 2990 3027 2836
f 2988 2989 2992
f 2843 3026 2987
f 3027 2987 3026
f 2990 2981 3027
f 2984 2987 2980
f 254 253 2844
f 2989 2981 2990
f 2985 2986 2988
f 2987 3027 2980
f 2981 2980 3027
f 2976 2981 2989
f 2844 2984 254
f 2980 2975 2983
f 255 254 2984
f 2986 2976 2989
f 2953 2954 2985
f 327 2983 3028
f 2976 2975 2981
f 2976 2986 2962
f 2983 255 2984
f 2975 2961 3028
f 327 255 2983
f 2954 2962 2986
f 2938 2937 2953
f 2421 3028 2959
f 2962 2961 2976
f 2962 2954 2982
f 2975 3028 2983
f 2961 2960 2959
f 327 3028 2421
f 2937 2982 2954
f 3029 2926 2938
f 2932 2935 2933
f 2982 2960 2962
f 2943 2982 3030
f 2961 2959 3028
f 2842 2960 2943
f 2421 2959 2424
f 2926 3030 2937
f 3031 2897 3029
f 2847 2943 3030
f 2937 3030 2982
f 2899 2847 3030
f 2933 2847 2934
f 2943 2847 2933
f 2965 2842 2958
f 3029 2897 2926
f 3032 2851 3031
f 2900 2899 2898
f 2926 2899 3030
f 2847 2899 2901
f 2918 2847 2920
f 2940 3033 2933
f 2941 2933 3033
f 3031 2851 2897
f 2852 3032 2862
f 2791 2793 2883
f 2897 2793 2899
f 3032 2852 2851
f 2864 2852 2862
f 3034 2311 3035
f 3036 3037 2247
f 3038 3039 3040
f 2311 3041 3042
f 3043 3038 3044
f 2311 3038 3045
f 3035 2311 3046
f 3043 3047 3038
f 3038 3048 3049
f 3050 3051 2317
f 3052 2317 3053
f 2311 3054 3046
f 3054 2311 3045
f 3045 3038 3047
f 3055 3056 3038
f 3056 3057 3038
f 3051 3058 2317
f 3041 2311 3059
f 3040 3044 3038
f 3038 3049 3039
f 3060 3061 2317
f 2317 3062 3063
f 3060 2311 3064
f 2317 3065 3050
f 2317 3066 3067
f 3068 3069 2317
f 3058 3066 2317
f 3063 3065 2317
f 3070 3062 2317
f 2317 3067 3071
f 2317 3072 3053
f 3052 3070 2317
f 3061 3068 2317
f 3072 2317 3069
f 2311 3042 3064
f 3060 2317 2311
f 2311 3034 3073
f 3073 3059 2311
f 3074 3055 3038
f 3057 3048 3038
f 3038 2251 3075
f 3074 3038 3076
f 3077 3038 3078
f 3077 3079 3038
f 3080 3078 3038
f 3038 3075 3081
f 3082 3038 3083
f 3082 3080 3038
f 3038 3084 3085
f 3083 3038 3085
f 3075 3086 3081
f 3038 3081 3084
f 3087 3088 3075
f 3075 3088 3086
f 3089 3075 3090
f 3089 3087 3075
f 3075 3091 3092
f 3090 3075 3092
f 3093 3094 3075
f 3075 3094 3091
f 3095 3075 3096
f 3095 3093 3075
f 3097 3098 3075
f 2251 2244 3075
f 3099 3097 3075
f 3037 3075 2244
f 3100 3101 3075
f 3075 3101 3099
f 3102 3075 3103
f 3102 3100 3075
f 3075 3104 3105
f 3103 3075 3105
f 3106 3107 3075
f 3075 3107 3104
f 3108 3109 3037
f 3037 3109 3106
f 3110 3037 3111
f 3110 3108 3037
f 3111 3037 3112
f 3113 3114 2317
f 3113 2317 3071
f 3115 3116 2317
f 3115 2317 3114
f 3117 3118 2317
f 3117 2317 3116
f 3119 3120 2317
f 3119 2317 3118
f 2332 3120 3121
f 3120 2332 2317
f 2332 3122 3123
f 3121 3122 2332
f 2332 3124 3125
f 3123 3124 2332
f 2332 3126 3127
f 3125 3126 2332
f 2332 3128 3129
f 2332 3130 3128
f 2332 3131 3132
f 3129 3131 2332
f 2332 3133 3134
f 3132 3133 2332
f 2332 3135 3136
f 3134 3135 2332
f 2332 3137 3138
f 3136 3137 2332
f 2332 3139 3140
f 3138 3139 2332
f 2332 3141 3142
f 3140 3141 2332
f 2332 3143 3144
f 3142 3143 2332
f 2332 3145 3146
f 3144 3145 2332
f 2332 3147 3148
f 3146 3147 2332
f 2332 3149 3150
f 3148 3149 2332
f 3150 2331 2332
f 3037 3151 3152
f 3127 3130 2332
f 3037 3153 3154
f 3036 3155 3037
f 3156 3157 3158
f 3159 3036 3160
f 2260 321 2255
f 2260 315 319
f 319 321 2260
f 321 331 2255
f 3161 331 3162
f 3154 3163 3037
f 3161 3162 3164
f 3036 2330 3156
f 3165 3166 3161
f 3165 3161 3164
f 3167 3168 3161
f 3161 2263 2255
f 3169 3170 3161
f 3169 3161 3168
f 3158 3171 3156
f 3157 3161 3170
f 3172 3156 3171
f 3156 3161 3157
f 3172 3173 3156
f 3161 3156 2263
f 2330 2263 3156
f 3174 3156 3173
f 3175 3176 3156
f 3175 3156 3177
f 3178 3179 3156
f 3178 3156 3176
f 3180 3036 3181
f 3181 3156 3179
f 3182 3183 3036
f 3036 3180 3182
f 3036 3156 3181
f 3036 3183 3184
f 3185 3186 3036
f 3185 3036 3184
f 3036 3159 3187
f 3036 2247 2330
f 3188 3036 3189
f 3036 3187 3189
f 3037 3155 3190
f 3036 3188 3155
f 3190 3153 3037
f 3191 3037 3192
f 3192 3037 3163
f 3193 3151 3037
f 2247 3037 2244
f 3037 3194 3112
f 3195 3193 3037
f 3037 3152 3196
f 3037 3197 3194
f 3196 3152 3198
f 3197 3037 3196
f 3198 3152 3199
f 2255 331 3161
f 3166 3200 3161
f 3167 3161 3200
f 3174 3201 3156
f 3177 3156 3201
f 3186 3202 3036
f 3160 3036 3202
f 3191 3203 3037
f 3203 3195 3037
f 3106 3075 3037
f 3096 3075 3098
f 3076 3038 3079
f 2311 2251 3038
f 3181 2441 3180
f 2442 3181 3179
f 3181 2442 2441
f 3179 3178 2444
f 2444 2442 3179
f 3176 2445 3178
f 2444 3178 2445
f 2446 3176 3175
f 3176 2446 2445
f 3177 2447 2446
f 2446 3175 3177
f 2449 2447 3201
f 3177 3201 2447
f 2449 3174 2426
f 3174 2449 3201
f 3173 2425 2426
f 2426 3174 3173
f 2450 2425 3172
f 3173 3172 2425
f 2450 3171 2451
f 3171 2450 3172
f 3158 2452 2451
f 2451 3171 3158
f 2455 2452 3157
f 3158 3157 2452
f 2455 3170 2456
f 3170 2455 3157
f 3169 2457 2456
f 2456 3170 3169
f 2458 2457 3168
f 3169 3168 2457
f 2458 3167 2459
f 3167 2458 3168
f 3200 2460 2459
f 2459 3167 3200
f 2461 2460 3166
f 3200 3166 2460
f 2461 3165 251
f 3165 2461 3166
f 251 3164 322
f 251 3165 3164
f 322 3162 331
f 2440 3180 2441
f 322 3164 3162
f 3182 3180 2440
f 2437 3183 3182
f 3182 2440 2437
f 3184 3183 2436
f 2437 2436 3183
f 3184 2430 3185
f 2430 3184 2436
f 2431 3186 3185
f 3185 2430 2431
f 3202 3186 2435
f 2431 2435 3186
f 3202 2433 3160
f 2433 3202 2435
f 2432 3159 3160
f 3160 2433 2432
f 3187 3159 2434
f 2432 2434 3159
f 3187 2428 3189
f 2428 3187 2434
f 2438 3188 3189
f 3189 2428 2438
f 3155 3188 2439
f 2438 2439 3188
f 3155 2443 3190
f 2443 3155 2439
f 2448 3153 3190
f 3190 2443 2448
f 3154 3153 2454
f 2448 2454 3153
f 3154 2453 3163
f 2453 3154 2454
f 2462 3192 3163
f 3163 2453 2462
f 2423 3191 2462
f 3192 2462 3191
f 3203 2423 2422
f 2423 3203 3191
f 2422 2418 3195
f 3195 3203 2422
f 2420 3193 2418
f 3195 2418 3193
f 3193 2463 3151
f 2463 3193 2420
f 2464 3152 3151
f 3151 2463 2464
f 2465 3199 2464
f 3152 2464 3199
f 2395 2416 2271
f 2277 2393 2394
f 2394 2328 2277
f 2393 2276 2391
f 2276 2393 2277
f 2389 2391 2329
f 2276 2329 2391
f 2275 2306 2389
f 2389 2329 2275
f 2306 2274 2307
f 2274 2306 2275
f 2272 2387 2386
f 2274 2273 2307
f 2397 2398 2362
f 2413 2414 2396
f 2368 2360 2399
f 2402 2345 2344
f 2401 2367 2400
f 2337 2338 2405
f 2340 2403 2404
f 2408 2324 2326
f 2407 2408 2335
f 2335 2337 2407
f 2326 2335 2408
f 2405 2338 2404
f 2407 2337 2405
f 2403 2340 2345
f 2404 2338 2340
f 2345 2402 2403
f 2401 2344 2367
f 2401 2402 2344
f 2399 2400 2368
f 2368 2400 2367
f 2362 2398 2360
f 2360 2398 2399
f 2413 2396 2397
f 2362 2413 2397
f 2414 2416 2395
f 2396 2414 2395
f 2271 2387 2272
f 2271 2416 2387
f 2307 2273 2386
f 2273 2272 2386
f 3204 2999 2831
f 3205 3206 2819
f 3207 3208 3209
f 2839 2999 3210
f 3204 3210 2999
f 2998 3211 3212
f 2998 2839 3211
f 3212 3213 2835
f 2835 2998 3212
f 2991 3213 3214
f 2835 3213 2991
f 2992 3214 3215
f 2992 2991 3214
f 3215 3216 2988
f 2988 2992 3215
f 3210 3211 2839
f 2988 3216 2985
f 2953 3217 3218
f 2953 2985 3217
f 3218 3219 2938
f 2938 2953 3218
f 2985 3216 3217
f 2938 3219 3029
f 3031 3220 3221
f 3031 3029 3220
f 3220 3029 3219
f 3031 3221 3032
f 2831 3222 3204
f 3222 3004 3223
f 3004 3222 2831
f 3003 3224 3223
f 3223 3004 3003
f 3225 3224 3005
f 3003 3005 3224
f 3225 2823 3226
f 2823 3225 3005
f 3226 2823 2693
f 2707 3227 2693
f 3226 2693 3227
f 3228 2707 2736
f 2707 3228 3227
f 2736 2722 3229
f 3229 3228 2736
f 2767 3230 2722
f 3229 2722 3230
f 3231 2767 2817
f 2767 3231 3230
f 2817 2818 3232
f 3232 3231 2817
f 2819 3206 2818
f 3232 2818 3206
f 3233 3234 3235
f 3205 3236 3237
f 3238 3239 3240
f 3239 3241 3242
f 3243 3244 3245
f 3246 3247 3248
f 2865 2863 3249
f 3249 3250 2865
f 2862 3251 2863
f 3249 2863 3251
f 3221 2862 3032
f 2862 3221 3251
f 3250 3243 2865
f 3250 3244 3243
f 3252 3253 3240
f 3244 3209 3208
f 3245 3244 3208
f 3209 3246 3248
f 3207 3209 3248
f 3253 3252 3247
f 3246 3253 3247
f 3238 3241 3239
f 3253 3238 3240
f 3242 3241 3235
f 3233 3237 3234
f 3241 3233 3235
f 3236 3254 3237
f 3237 3254 3234
f 3205 2819 3236
f 3249 3251 3223
f 3214 3213 3216
f 3214 3216 3215
f 3212 3217 3213
f 3216 3213 3217
f 3218 3212 3211
f 3212 3218 3217
f 3211 3210 3219
f 3219 3218 3211
f 3221 3204 3222
f 3219 3210 3220
f 3225 3250 3224
f 3209 3244 3226
f 3253 3229 3238
f 3246 3227 3228
f 3237 3233 3232
f 3231 3241 3230
f 3232 3206 3237
f 3205 3237 3206
f 3231 3233 3241
f 3232 3233 3231
f 3230 3238 3229
f 3241 3238 3230
f 3228 3229 3253
f 3246 3209 3227
f 3253 3246 3228
f 3244 3225 3226
f 3209 3226 3227
f 3249 3224 3250
f 3250 3225 3244
f 3222 3223 3251
f 3223 3224 3249
f 3204 3221 3220
f 3222 3251 3221
f 3220 3210 3204
f 3255 3256 3257
f 3256 3258 3259
f 3260 3261 2747
f 3262 3263 3258
f 3260 2748 3264
f 3265 3266 3262
f 3264 2749 3267
f 3266 3265 3268
f 2746 3269 3270
f 2744 3271 3272
f 3272 3269 2745
f 3273 3271 2743
f 3268 3274 3275
f 3276 3277 3278
f 3279 3280 3275
f 3281 3276 3282
f 2742 3283 3273
f 3284 3282 3285
f 2741 3286 3283
f 3285 3287 3288
f 3289 3286 2740
f 3287 3290 3291
f 3292 3289 2739
f 3293 3291 3290
f 3294 2738 3295
f 3296 2735 3297
f 2737 3296 3295
f 2733 3298 3297
f 3299 3293 3300
f 3301 3302 3303
f 3299 3304 3305
f 3306 3307 3302
f 3298 2734 3308
f 3309 3310 3306
f 3308 2731 3311
f 3312 3309 3313
f 2732 3314 3311
f 3315 3313 3316
f 2730 3317 3314
f 3318 3319 2728
f 3294 3292 2739
f 3320 3318 2726
f 3315 3316 3321
f 3322 3323 3324
f 3325 3326 3321
f 3327 3322 3328
f 3329 3320 2725
f 3328 3330 3331
f 3332 3329 2727
f 3330 3333 3334
f 3335 3332 3011
f 3336 3337 3333
f 3335 3012 3338
f 3339 3340 3336
f 3338 3013 3341
f 2719 3342 3343
f 3344 3317 2730
f 2718 3345 3342
f 3346 3340 3339
f 3347 3348 3349
f 3346 3350 3351
f 3352 3353 3348
f 2717 3354 3345
f 3355 3352 3356
f 2715 3357 3354
f 3358 3356 3359
f 2713 3360 3357
f 3359 3361 3362
f 3363 3360 2714
f 3361 3364 3365
f 3366 2708 3367
f 3368 2710 3369
f 3341 3013 3370
f 3369 2720 3371
f 3364 3372 3365
f 3373 3374 3375
f 3376 3372 3377
f 3375 3378 3379
f 3380 3371 2703
f 3381 3382 3378
f 3383 3380 2702
f 3384 3385 3381
f 3383 2696 3386
f 3387 3384 3388
f 2697 3389 3386
f 3387 3388 3390
f 3391 3392 2691
f 3393 3394 2698
f 3366 3363 2708
f 3395 3393 2688
f 3390 3396 3397
f 3398 3399 3400
f 3401 3402 3397
f 3403 3398 3404
f 2687 3405 3395
f 3406 3404 3407
f 2689 3408 3405
f 3407 3409 3410
f 3411 3408 2690
f 3412 3413 3409
f 3414 3411 2684
f 3415 3413 3412
f 3416 2686 3417
f 3418 2996 3419
f 2691 3392 3389
f 2995 3420 3419
f 3421 3415 3422
f 3423 3424 3425
f 3421 3426 3427
f 3428 3429 3424
f 3420 3006 3430
f 3431 3432 3428
f 3430 3007 3433
f 2635 3429 3432
f 3008 3434 3433
f 3431 3435 2508
f 2686 3416 3414
f 3009 2508 3435
f 3436 2751 3261
f 3437 3438 3439
f 3440 3255 3441
f 3442 3437 3443
f 3444 2750 3436
f 3445 3446 2764
f 2753 3444 3447
f 3448 2756 3449
f 3443 3450 3451
f 2757 3452 3453
f 3454 3451 3450
f 3455 2758 3453
f 3454 3456 3457
f 2760 3455 3458
f 3459 3460 3457
f 3461 2759 3458
f 3460 3462 3463
f 3464 3465 3466
f 3467 3468 3463
f 3469 3470 3465
f 3461 3471 2762
f 2771 3472 3473
f 3474 2761 3471
f 3475 3445 2764
f 3476 3469 3477
f 3478 2765 3446
f 3477 3479 3476
f 3478 3480 2766
f 3481 3479 3482
f 3483 3010 3480
f 3481 3484 3485
f 3483 3486 2770
f 3487 3485 3488
f 3489 3490 3491
f 3487 3492 3493
f 3491 3494 3495
f 2769 3486 3496
f 3497 2779 3498
f 3499 2768 3496
f 3500 3472 2771
f 3501 3502 3494
f 3503 2774 3473
f 3502 3501 3504
f 2773 3503 3505
f 3506 3507 3504
f 3508 2776 3505
f 3507 3509 3510
f 3508 3511 2775
f 3512 3513 3510
f 3514 3515 3516
f 3517 3513 3518
f 3519 3514 3520
f 3521 2778 3511
f 3522 3523 2787
f 3521 3524 2777
f 2779 3525 3498
f 3519 3520 3526
f 3497 3527 2782
f 3528 3526 3529
f 3530 2781 3527
f 3528 3531 3532
f 3530 3533 2784
f 3534 3532 3535
f 2783 3533 3536
f 3534 3537 3538
f 3539 3540 3541
f 3542 3543 3538
f 3544 3545 3540
f 3536 3546 2786
f 2798 3547 3548
f 2785 3546 3549
f 3523 3550 2787
f 3551 3545 3544
f 2789 3550 3552
f 3553 3554 3551
f 3552 3555 2790
f 3556 3554 3557
f 2794 3555 3558
f 3559 3560 3556
f 3561 2795 3558
f 3562 3560 3563
f 3564 3565 3566
f 3562 3567 3568
f 3569 3570 2797
f 2796 3561 3569
f 3547 2799 3570
f 3566 3571 3572
f 2798 3548 3573
f 3571 3574 3572
f 3575 2801 3573
f 3574 3576 3577
f 2800 3575 3578
f 3579 3580 3577
f 3581 2803 3578
f 3580 3582 3583
f 3584 3585 3586
f 3587 3588 3583
f 3589 3590 3585
f 3581 3591 2802
f 2805 3592 3593
f 3592 2804 3591
f 3593 3594 2806
f 3595 3589 3596
f 3597 2807 3598
f 3595 3596 3599
f 3597 3600 2809
f 3601 3599 3602
f 3603 2810 3600
f 3601 3604 3605
f 3603 3606 2811
f 3607 3605 3608
f 3609 3610 3611
f 3607 3612 3613
f 3614 3615 3616
f 3617 2812 3606
f 2816 3614 3618
f 3615 3614 3619
f 3617 3620 2813
f 3621 3609 3611
f 3622 3623 3621
f 3621 2532 3622
f 2376 3624 2529
f 3625 3626 3622
f 3434 3008 3009
f 3009 3435 3434
f 2508 2636 3431
f 3435 3431 3627
f 3627 3431 3428
f 2635 3432 2636
f 2636 3432 3431
f 3434 3435 3627
f 3007 3008 3433
f 2515 3425 3429
f 3628 3433 3627
f 3628 3428 3424
f 2635 2515 3429
f 3432 3429 3428
f 3434 3627 3433
f 3006 3007 3430
f 2517 3629 3425
f 3627 3428 3628
f 3630 3430 3628
f 3630 3424 3423
f 2515 2517 3425
f 3429 3425 3424
f 3433 3628 3430
f 2995 3006 3420
f 3629 3427 3631
f 3628 3424 3630
f 3632 3420 3630
f 3632 3423 3631
f 2517 2633 3629
f 3425 3629 3423
f 3430 3630 3420
f 2996 2995 3419
f 3423 3629 3631
f 3630 3423 3632
f 3633 3419 3632
f 3629 2633 3427
f 3631 3426 3633
f 2632 3427 2633
f 3420 3632 3419
f 2822 2996 3418
f 3631 3427 3426
f 3632 3631 3633
f 3418 3633 3634
f 3427 2632 3421
f 3426 3422 3634
f 2631 3421 2632
f 3419 3633 3418
f 2686 2822 3417
f 3426 3421 3422
f 3633 3426 3634
f 3635 3417 3634
f 3421 2631 3415
f 3422 3412 3635
f 2630 3415 2631
f 3634 3417 3418
f 2822 3418 3417
f 3422 3415 3412
f 3634 3422 3635
f 3416 3635 3636
f 3415 2630 3413
f 3409 3636 3412
f 2630 3410 3413
f 3417 3635 3416
f 2684 2686 3414
f 2629 3406 3410
f 3635 3412 3636
f 3637 3414 3636
f 3637 3409 3407
f 2630 2629 3410
f 3413 3410 3409
f 3416 3636 3414
f 2690 2684 3411
f 2627 3403 3406
f 3636 3409 3637
f 3638 3411 3637
f 3638 3407 3404
f 2629 2627 3406
f 3410 3406 3407
f 3414 3637 3411
f 2689 2690 3408
f 2628 3399 3403
f 3637 3407 3638
f 3639 3408 3638
f 3639 3404 3398
f 2627 2628 3403
f 3406 3403 3404
f 3411 3638 3408
f 2687 2689 3405
f 2626 3640 3399
f 3638 3404 3639
f 3641 3405 3639
f 3641 3398 3400
f 2628 2626 3399
f 3403 3399 3398
f 3408 3639 3405
f 2688 2687 3395
f 3640 3402 3642
f 3639 3398 3641
f 3643 3395 3641
f 3643 3400 3642
f 2626 2625 3640
f 3399 3640 3400
f 3405 3641 3395
f 2698 2688 3393
f 3400 3640 3642
f 3641 3400 3643
f 3393 3643 3644
f 3640 2625 3402
f 3642 3401 3644
f 2624 3402 2625
f 3395 3643 3393
f 2692 2698 3394
f 3642 3402 3401
f 3643 3642 3644
f 3394 3644 3645
f 3402 2624 3397
f 3401 3396 3645
f 2623 3397 2624
f 3393 3644 3394
f 2691 2692 3391
f 3401 3397 3396
f 3644 3401 3645
f 3391 3645 3646
f 3397 2623 3390
f 3396 3388 3646
f 2622 3390 2623
f 3645 3391 3394
f 2692 3394 3391
f 3396 3390 3388
f 3645 3396 3646
f 3392 3646 3647
f 3390 2622 3387
f 3384 3647 3388
f 2622 3385 3387
f 3391 3646 3392
f 2697 2691 3389
f 2621 3382 3385
f 3646 3388 3647
f 3648 3389 3647
f 3648 3384 3381
f 2622 2621 3385
f 3387 3385 3384
f 3392 3647 3389
f 2696 2697 3386
f 2620 3379 3382
f 3647 3384 3648
f 3649 3386 3648
f 3649 3381 3378
f 2621 2620 3382
f 3385 3382 3381
f 3389 3648 3386
f 2702 2696 3383
f 2619 3373 3379
f 3648 3381 3649
f 3650 3383 3649
f 3650 3378 3375
f 2620 2619 3379
f 3382 3379 3378
f 3386 3649 3383
f 2703 2702 3380
f 2681 3651 3373
f 3649 3378 3650
f 3652 3380 3650
f 3652 3375 3374
f 2619 2681 3373
f 3379 3373 3375
f 3383 3650 3380
f 2720 2703 3371
f 3651 3376 3653
f 3650 3375 3652
f 3654 3371 3652
f 3654 3374 3653
f 2681 2618 3651
f 3373 3651 3374
f 3380 3652 3371
f 2710 2720 3369
f 3374 3651 3653
f 3652 3374 3654
f 3369 3654 3655
f 3651 2618 3376
f 3653 3377 3655
f 2617 3376 2618
f 3371 3654 3369
f 2709 2710 3368
f 3653 3376 3377
f 3654 3653 3655
f 3368 3655 3656
f 3376 2617 3372
f 3377 3364 3656
f 2616 3372 2617
f 3369 3655 3368
f 2708 2709 3367
f 3377 3372 3364
f 3655 3377 3656
f 3367 3656 3657
f 3372 2616 3365
f 3364 3361 3657
f 2615 3365 2616
f 3656 3367 3368
f 2709 3368 3367
f 3362 3361 3365
f 3656 3364 3657
f 3366 3657 3658
f 3361 3359 3658
f 2615 3358 3362
f 3365 2615 3362
f 3367 3657 3366
f 2714 2708 3363
f 2614 3355 3358
f 3657 3361 3658
f 3659 3363 3658
f 3659 3359 3356
f 2615 2614 3358
f 3362 3358 3359
f 3366 3658 3363
f 2713 2714 3360
f 2613 3353 3355
f 3658 3359 3659
f 3660 3360 3659
f 3660 3356 3352
f 2614 2613 3355
f 3358 3355 3356
f 3363 3659 3360
f 2715 2713 3357
f 2612 3349 3353
f 3659 3356 3660
f 3661 3357 3660
f 3661 3352 3348
f 2613 2612 3353
f 3355 3353 3352
f 3360 3660 3357
f 2717 2715 3354
f 2611 3662 3349
f 3660 3352 3661
f 3663 3354 3661
f 3663 3348 3347
f 2612 2611 3349
f 3353 3349 3348
f 3357 3661 3354
f 2718 2717 3345
f 3662 3351 3664
f 3661 3348 3663
f 3665 3345 3663
f 3665 3347 3664
f 2611 2610 3662
f 3349 3662 3347
f 3354 3663 3345
f 2719 2718 3342
f 3347 3662 3664
f 3663 3347 3665
f 3342 3665 3666
f 3662 2610 3351
f 3664 3350 3666
f 2609 3351 2610
f 3345 3665 3342
f 2724 2719 3343
f 3664 3351 3350
f 3665 3664 3666
f 3343 3666 3667
f 3351 2609 3346
f 3350 3339 3667
f 2607 3346 2609
f 3342 3666 3343
f 3013 2724 3370
f 3350 3346 3339
f 3666 3350 3667
f 3370 3667 3668
f 3346 2607 3340
f 3339 3336 3668
f 2608 3340 2607
f 3667 3370 3343
f 2724 3343 3370
f 3337 3336 3340
f 3667 3339 3668
f 3341 3668 3669
f 3336 3333 3669
f 2608 3334 3337
f 3340 2608 3337
f 3370 3668 3341
f 3012 3013 3338
f 2604 3331 3334
f 3668 3336 3669
f 3670 3338 3669
f 3670 3333 3330
f 2608 2604 3334
f 3337 3334 3333
f 3341 3669 3338
f 3011 3012 3335
f 2606 3327 3331
f 3669 3333 3670
f 3671 3335 3670
f 3671 3330 3328
f 2604 2606 3331
f 3334 3331 3330
f 3338 3670 3335
f 2727 3011 3332
f 2603 3323 3327
f 3670 3330 3671
f 3672 3332 3671
f 3672 3328 3322
f 2606 2603 3327
f 3331 3327 3328
f 3335 3671 3332
f 2725 2727 3329
f 2602 3673 3323
f 3671 3328 3672
f 3674 3329 3672
f 3674 3322 3324
f 2603 2602 3323
f 3327 3323 3322
f 3332 3672 3329
f 2726 2725 3320
f 3673 3326 3675
f 3672 3322 3674
f 3676 3320 3674
f 3676 3324 3675
f 2602 2601 3673
f 3323 3673 3324
f 3329 3674 3320
f 2728 2726 3318
f 3324 3673 3675
f 3674 3324 3676
f 3318 3676 3677
f 3673 2601 3326
f 3675 3325 3677
f 2600 3326 2601
f 3320 3676 3318
f 2729 2728 3319
f 3675 3326 3325
f 3676 3675 3677
f 2730 2729 3344
f 3326 2600 3321
f 3325 3316 3678
f 2598 3321 2600
f 3677 3678 3319
f 3318 3677 3319
f 3325 3321 3316
f 3677 3325 3678
f 3344 3678 3679
f 3321 2598 3315
f 3316 3313 3679
f 2597 3315 2598
f 3678 3344 3319
f 2729 3319 3344
f 3312 3313 3315
f 3678 3316 3679
f 3317 3679 3680
f 3313 3309 3680
f 2597 3310 3312
f 3315 2597 3312
f 3344 3679 3317
f 2732 2730 3314
f 2599 3307 3310
f 3679 3313 3680
f 3681 3314 3680
f 3681 3309 3306
f 2597 2599 3310
f 3312 3310 3309
f 3317 3680 3314
f 2731 2732 3311
f 2680 3303 3307
f 3680 3309 3681
f 3682 3311 3681
f 3682 3306 3302
f 2599 2680 3307
f 3310 3307 3306
f 3314 3681 3311
f 2734 2731 3308
f 2596 3683 3303
f 3681 3306 3682
f 3684 3308 3682
f 3684 3302 3301
f 2680 2596 3303
f 3307 3303 3302
f 3311 3682 3308
f 2733 2734 3298
f 2595 3305 3683
f 3682 3302 3684
f 3685 3298 3684
f 3685 3301 3686
f 2596 2595 3683
f 3303 3683 3301
f 3308 3684 3298
f 2735 2733 3297
f 3301 3683 3686
f 3684 3301 3685
f 3687 3297 3685
f 3687 3686 3304
f 2595 2594 3305
f 3683 3305 3686
f 3298 3685 3297
f 2737 2735 3296
f 3686 3305 3304
f 3685 3686 3687
f 3296 3687 3688
f 3305 2594 3299
f 3304 3300 3688
f 2593 3299 2594
f 3297 3687 3296
f 2738 2737 3295
f 3304 3299 3300
f 3687 3304 3688
f 2746 3270 3267
f 3299 2593 3293
f 3300 3290 3689
f 2592 3293 2593
f 3688 3689 3295
f 3296 3688 3295
f 3300 3293 3290
f 3688 3300 3689
f 3294 3689 3690
f 3293 2592 3291
f 3287 3690 3290
f 2591 3291 2592
f 3295 3689 3294
f 2738 3294 2739
f 3287 3291 3288
f 3689 3290 3690
f 3292 3690 3691
f 3287 3285 3691
f 2591 3284 3288
f 3291 2591 3288
f 3294 3690 3292
f 2740 2739 3289
f 2590 3281 3284
f 3690 3287 3691
f 3692 3289 3691
f 3692 3285 3282
f 2591 2590 3284
f 3288 3284 3285
f 3292 3691 3289
f 2741 2740 3286
f 2589 3277 3281
f 3691 3285 3692
f 3693 3286 3692
f 3693 3282 3276
f 2590 2589 3281
f 3284 3281 3282
f 3289 3692 3286
f 2742 2741 3283
f 2588 3694 3277
f 3692 3282 3693
f 3695 3283 3693
f 3695 3276 3278
f 2589 2588 3277
f 3281 3277 3276
f 3286 3693 3283
f 2743 2742 3273
f 3694 3280 3696
f 3693 3276 3695
f 3697 3273 3695
f 3697 3278 3696
f 2588 2587 3694
f 3277 3694 3278
f 3283 3695 3273
f 2744 2743 3271
f 3278 3694 3696
f 3695 3278 3697
f 3698 3271 3697
f 3694 2587 3280
f 3696 3279 3698
f 2586 3280 2587
f 3273 3697 3271
f 2745 2744 3272
f 3696 3280 3279
f 3697 3696 3698
f 3272 3698 3699
f 3280 2586 3275
f 3279 3274 3699
f 2585 3275 2586
f 3271 3698 3272
f 2746 2745 3269
f 3279 3275 3274
f 3698 3279 3699
f 2756 3448 3452
f 3275 2585 3268
f 3274 3265 3700
f 2584 3268 2585
f 3699 3700 3269
f 3272 3699 3269
f 3274 3268 3265
f 3699 3274 3700
f 3270 3700 3701
f 3268 2584 3266
f 3262 3701 3265
f 2583 3266 2584
f 3269 3700 3270
f 2749 2746 3267
f 3262 3266 3263
f 3700 3265 3701
f 3267 3701 3702
f 3262 3258 3702
f 2583 3259 3263
f 3266 2583 3263
f 3270 3701 3267
f 2748 2749 3264
f 2582 3257 3259
f 3701 3262 3702
f 3703 3264 3702
f 3703 3258 3256
f 2583 2582 3259
f 3263 3259 3258
f 3267 3702 3264
f 2747 2748 3260
f 2581 3441 3257
f 3702 3258 3703
f 3704 3260 3703
f 3704 3256 3255
f 2582 2581 3257
f 3259 3257 3256
f 3264 3703 3260
f 2751 2747 3261
f 2580 3705 3441
f 3703 3256 3704
f 3706 3261 3704
f 3706 3255 3440
f 2581 2580 3441
f 3257 3441 3255
f 3260 3704 3261
f 2750 2751 3436
f 3705 3439 3707
f 3704 3255 3706
f 3708 3436 3706
f 3708 3440 3707
f 2580 2579 3705
f 3441 3705 3440
f 3261 3706 3436
f 2753 2750 3444
f 3440 3705 3707
f 3706 3440 3708
f 3709 3444 3708
f 3705 2579 3439
f 3707 3438 3709
f 2578 3439 2579
f 3436 3708 3444
f 2752 2753 3447
f 3707 3439 3438
f 3708 3707 3709
f 3447 3709 3710
f 3439 2578 3437
f 3438 3442 3710
f 2577 3437 2578
f 3444 3709 3447
f 2756 2752 3449
f 3438 3437 3442
f 3709 3438 3710
f 3711 3449 3710
f 3437 2577 3443
f 3442 3451 3711
f 2576 3443 2577
f 3710 3449 3447
f 2752 3447 3449
f 3442 3443 3451
f 3710 3442 3711
f 3448 3711 3712
f 3443 2576 3450
f 3454 3712 3451
f 2575 3450 2576
f 3449 3711 3448
f 2757 2756 3452
f 2575 3459 3456
f 3711 3451 3712
f 3713 3452 3712
f 3713 3454 3457
f 2575 3456 3450
f 3450 3456 3454
f 3448 3712 3452
f 2758 2757 3453
f 2574 3462 3459
f 3712 3454 3713
f 3714 3453 3713
f 3714 3457 3460
f 2575 2574 3459
f 3456 3459 3457
f 3452 3713 3453
f 2760 2758 3455
f 2573 3467 3462
f 3713 3457 3714
f 3715 3455 3714
f 3715 3460 3463
f 2574 2573 3462
f 3459 3462 3460
f 3453 3714 3455
f 2759 2760 3458
f 2572 3716 3467
f 3714 3460 3715
f 3717 3458 3715
f 3717 3463 3468
f 2573 2572 3467
f 3462 3467 3463
f 3455 3715 3458
f 2762 2759 3461
f 3716 3464 3718
f 3715 3463 3717
f 3719 3461 3717
f 3719 3468 3718
f 2572 2571 3716
f 3467 3716 3468
f 3458 3717 3461
f 2761 2762 3471
f 3468 3716 3718
f 3717 3468 3719
f 3720 3471 3719
f 3716 2571 3464
f 3718 3466 3720
f 2520 3464 2571
f 3461 3719 3471
f 2763 2761 3474
f 3718 3464 3466
f 3719 3718 3720
f 3474 3720 3721
f 3464 2520 3465
f 3466 3470 3721
f 2521 3465 2520
f 3471 3720 3474
f 2764 2763 3475
f 3466 3465 3470
f 3720 3466 3721
f 3722 3475 3721
f 3465 2521 3469
f 3470 3476 3722
f 2570 3469 2521
f 3721 3475 3474
f 2763 3474 3475
f 3470 3469 3476
f 3721 3470 3722
f 3445 3722 3723
f 3469 2570 3477
f 3479 3723 3476
f 2570 3482 3477
f 3475 3722 3445
f 2765 2764 3446
f 2569 3484 3482
f 3722 3476 3723
f 3724 3446 3723
f 3724 3479 3481
f 2570 2569 3482
f 3477 3482 3479
f 3445 3723 3446
f 2766 2765 3478
f 2568 3488 3484
f 3723 3479 3724
f 3725 3478 3724
f 3725 3481 3485
f 2569 2568 3484
f 3482 3484 3481
f 3446 3724 3478
f 3010 2766 3480
f 2567 3492 3488
f 3724 3481 3725
f 3726 3480 3725
f 3726 3485 3487
f 2568 2567 3488
f 3484 3488 3485
f 3478 3725 3480
f 2770 3010 3483
f 2566 3727 3492
f 3725 3485 3726
f 3728 3483 3726
f 3728 3487 3493
f 2567 2566 3492
f 3488 3492 3487
f 3480 3726 3483
f 2769 2770 3486
f 3727 3490 3729
f 3726 3487 3728
f 3730 3486 3728
f 3730 3493 3729
f 2566 2565 3727
f 3492 3727 3493
f 3483 3728 3486
f 2768 2769 3496
f 3493 3727 3729
f 3728 3493 3730
f 3496 3730 3731
f 3727 2565 3490
f 3729 3489 3731
f 2564 3490 2565
f 3486 3730 3496
f 2772 2768 3499
f 3729 3490 3489
f 3730 3729 3731
f 3499 3731 3732
f 3490 2564 3491
f 3489 3495 3732
f 2563 3491 2564
f 3496 3731 3499
f 2771 2772 3500
f 3489 3491 3495
f 3731 3489 3732
f 3500 3732 3733
f 3491 2563 3494
f 3495 3502 3733
f 2562 3494 2563
f 3732 3500 3499
f 2772 3499 3500
f 3495 3494 3502
f 3732 3495 3733
f 3472 3733 3734
f 3494 2562 3501
f 3504 3734 3502
f 2562 3506 3501
f 3500 3733 3472
f 2774 2771 3473
f 2561 3509 3506
f 3733 3502 3734
f 3735 3473 3734
f 3735 3504 3507
f 2562 2561 3506
f 3501 3506 3504
f 3472 3734 3473
f 2773 2774 3503
f 2560 3512 3509
f 3734 3504 3735
f 3736 3503 3735
f 3736 3507 3510
f 2561 2560 3509
f 3506 3509 3507
f 3473 3735 3503
f 2776 2773 3505
f 2559 3518 3512
f 3735 3507 3736
f 3737 3505 3736
f 3737 3510 3513
f 2560 2559 3512
f 3509 3512 3510
f 3503 3736 3505
f 2775 2776 3508
f 2558 3738 3518
f 3736 3510 3737
f 3739 3508 3737
f 3739 3513 3517
f 2559 2558 3518
f 3512 3518 3513
f 3505 3737 3508
f 2778 2775 3511
f 3738 3516 3740
f 3737 3513 3739
f 3741 3511 3739
f 3741 3517 3740
f 2558 2557 3738
f 3518 3738 3517
f 3508 3739 3511
f 2777 2778 3521
f 3517 3738 3740
f 3739 3517 3741
f 3521 3741 3742
f 3738 2557 3516
f 3740 3515 3742
f 2556 3516 2557
f 3511 3741 3521
f 2780 2777 3524
f 3740 3516 3515
f 3741 3740 3742
f 3524 3742 3743
f 3516 2556 3514
f 3515 3519 3743
f 2555 3514 2556
f 3521 3742 3524
f 2779 2780 3525
f 3515 3514 3519
f 3742 3515 3743
f 3525 3743 3744
f 3514 2555 3520
f 3519 3526 3744
f 2524 3520 2555
f 3743 3525 3524
f 2780 3524 3525
f 3529 3526 3520
f 3743 3519 3744
f 3498 3744 3745
f 3526 3528 3745
f 2524 3531 3529
f 3520 2524 3529
f 3525 3744 3498
f 2782 2779 3497
f 2523 3535 3531
f 3744 3526 3745
f 3746 3497 3745
f 3746 3528 3532
f 2524 2523 3531
f 3529 3531 3528
f 3498 3745 3497
f 2781 2782 3527
f 2553 3537 3535
f 3745 3528 3746
f 3747 3527 3746
f 3747 3532 3534
f 2523 2553 3535
f 3531 3535 3532
f 3497 3746 3527
f 2784 2781 3530
f 2554 3542 3537
f 3746 3532 3747
f 3748 3530 3747
f 3748 3534 3538
f 2553 2554 3537
f 3535 3537 3534
f 3527 3747 3530
f 2783 2784 3533
f 2552 3749 3542
f 3747 3534 3748
f 3750 3533 3748
f 3750 3538 3543
f 2554 2552 3542
f 3537 3542 3538
f 3530 3748 3533
f 2786 2783 3536
f 3749 3539 3751
f 3748 3538 3750
f 3752 3536 3750
f 3752 3543 3751
f 2552 2551 3749
f 3542 3749 3543
f 3533 3750 3536
f 2785 2786 3546
f 3543 3749 3751
f 3750 3543 3752
f 3546 3752 3753
f 3749 2551 3539
f 3751 3541 3753
f 2550 3539 2551
f 3536 3752 3546
f 2788 2785 3549
f 3751 3539 3541
f 3752 3751 3753
f 3549 3753 3754
f 3539 2550 3540
f 3541 3545 3754
f 2549 3540 2550
f 3546 3753 3549
f 2787 2788 3522
f 3541 3540 3545
f 3753 3541 3754
f 3522 3754 3755
f 3540 2549 3544
f 3545 3551 3755
f 2548 3544 2549
f 3754 3522 3549
f 2788 3549 3522
f 3553 3551 3544
f 3754 3545 3755
f 3523 3755 3756
f 3551 3554 3756
f 2548 3557 3553
f 3544 2548 3553
f 3522 3755 3523
f 2789 2787 3550
f 2547 3559 3557
f 3755 3551 3756
f 3757 3550 3756
f 3757 3554 3556
f 2548 2547 3557
f 3553 3557 3554
f 3523 3756 3550
f 2790 2789 3552
f 2546 3563 3559
f 3756 3554 3757
f 3758 3552 3757
f 3758 3556 3560
f 2547 2546 3559
f 3557 3559 3556
f 3550 3757 3552
f 2794 2790 3555
f 2545 3567 3563
f 3757 3556 3758
f 3759 3555 3758
f 3759 3560 3562
f 2546 2545 3563
f 3559 3563 3560
f 3552 3758 3555
f 2795 2794 3558
f 2544 3760 3567
f 3758 3560 3759
f 3761 3558 3759
f 3761 3562 3568
f 2545 2544 3567
f 3563 3567 3562
f 3555 3759 3558
f 2796 2795 3561
f 3760 3565 3762
f 3759 3562 3761
f 3763 3561 3761
f 3763 3568 3762
f 2544 2528 3760
f 3567 3760 3568
f 3558 3761 3561
f 2797 2796 3569
f 3568 3760 3762
f 3761 3568 3763
f 3569 3763 3764
f 3760 2528 3565
f 3762 3564 3764
f 2527 3565 2528
f 3561 3763 3569
f 2799 2797 3570
f 3762 3565 3564
f 3763 3762 3764
f 3594 3598 2807
f 3565 2527 3566
f 3564 3572 3765
f 2543 3566 2527
f 3764 3765 3570
f 3569 3764 3570
f 3564 3566 3572
f 3764 3564 3765
f 3547 3765 3766
f 3566 2543 3571
f 3574 3766 3572
f 2541 3571 2543
f 3570 3765 3547
f 2799 3547 2798
f 3574 3571 3576
f 3765 3572 3766
f 3548 3766 3767
f 3574 3577 3767
f 2541 3579 3576
f 3571 2541 3576
f 3547 3766 3548
f 2801 2798 3573
f 2542 3582 3579
f 3766 3574 3767
f 3768 3573 3767
f 3768 3577 3580
f 2541 2542 3579
f 3576 3579 3577
f 3548 3767 3573
f 2800 2801 3575
f 2539 3587 3582
f 3767 3577 3768
f 3769 3575 3768
f 3769 3580 3583
f 2542 2539 3582
f 3579 3582 3580
f 3573 3768 3575
f 2803 2800 3578
f 2540 3770 3587
f 3768 3580 3769
f 3771 3578 3769
f 3771 3583 3588
f 2539 2540 3587
f 3582 3587 3583
f 3575 3769 3578
f 2802 2803 3581
f 3770 3584 3772
f 3769 3583 3771
f 3773 3581 3771
f 3773 3588 3772
f 2540 2537 3770
f 3587 3770 3588
f 3578 3771 3581
f 2804 2802 3591
f 3588 3770 3772
f 3771 3588 3773
f 3774 3591 3773
f 3770 2537 3584
f 3772 3586 3774
f 2538 3584 2537
f 3581 3773 3591
f 2805 2804 3592
f 3772 3584 3586
f 3773 3772 3774
f 3592 3774 3775
f 3584 2538 3585
f 3586 3590 3775
f 2536 3585 2538
f 3591 3774 3592
f 2806 2805 3593
f 3586 3585 3590
f 3774 3586 3775
f 3620 3619 3614
f 3585 2536 3589
f 3590 3595 3776
f 2526 3589 2536
f 3775 3776 3593
f 3592 3775 3593
f 3590 3589 3595
f 3775 3590 3776
f 3594 3776 3777
f 3589 2526 3596
f 3599 3777 3595
f 2525 3596 2526
f 3593 3776 3594
f 2806 3594 2807
f 3599 3596 3602
f 3776 3595 3777
f 3598 3777 3778
f 3599 3601 3778
f 2525 3604 3602
f 3596 2525 3602
f 3594 3777 3598
f 2809 2807 3597
f 2535 3608 3604
f 3777 3599 3778
f 3779 3597 3778
f 3779 3601 3605
f 2525 2535 3604
f 3602 3604 3601
f 3598 3778 3597
f 2810 2809 3600
f 2534 3612 3608
f 3778 3601 3779
f 3780 3600 3779
f 3780 3605 3607
f 2535 2534 3608
f 3604 3608 3605
f 3597 3779 3600
f 2811 2810 3603
f 2533 3781 3612
f 3779 3605 3780
f 3782 3603 3780
f 3782 3607 3613
f 2534 2533 3612
f 3608 3612 3607
f 3600 3780 3603
f 2812 2811 3606
f 3781 3611 3610
f 3780 3607 3782
f 3783 3606 3782
f 3783 3613 3610
f 2533 2531 3781
f 3612 3781 3613
f 3603 3782 3606
f 2813 2812 3617
f 3613 3781 3610
f 3782 3613 3783
f 3617 3783 3784
f 3781 2531 3611
f 3610 3609 3784
f 2530 3611 2531
f 3606 3783 3617
f 3620 2814 2813
f 3609 3621 3623
f 3783 3610 3784
f 3620 3784 3619
f 3611 2530 3621
f 3619 3609 3623
f 2532 3621 2530
f 3617 3784 3620
f 2814 3614 2816
f 3615 3623 3626
f 3784 3609 3619
f 3623 3615 3619
f 3622 2529 3625
f 3622 3626 3623
f 2529 3622 2532
f 2814 3620 3614
f 3618 3614 3616
f 3616 3615 3785
f 3785 3626 3786
f 3785 3615 3626
f 3786 3625 3624
f 3786 3626 3625
f 3624 3625 2529
f 2657 2656 2485
f 2678 2677 266
f 2654 2484 2656
f 2485 2656 2484
f 2483 2654 2653
f 2654 2483 2484
f 2653 2655 2482
f 2482 2483 2653
f 2652 2480 2655
f 2482 2655 2480
f 2479 2652 2651
f 2652 2479 2480
f 2651 2650 2478
f 2478 2479 2651
f 2649 2473 2650
f 2478 2650 2473
f 2468 2649 2648
f 2649 2468 2473
f 2648 2647 2469
f 2469 2468 2648
f 2645 2470 2647
f 2469 2647 2470
f 2513 2645 2646
f 2645 2513 2470
f 2646 2643 2471
f 2471 2513 2646
f 2644 2472 2643
f 2471 2643 2472
f 2477 2644 2642
f 2644 2477 2472
f 2640 2481 2477
f 2477 2642 2640
f 2489 2481 2641
f 2640 2641 2481
f 2489 2639 2504
f 2639 2489 2641
f 2638 2505 2504
f 2504 2639 2638
f 2637 2506 2638
f 2505 2638 2506
f 2507 2637 2634
f 2637 2507 2506
f 2507 2634 2636
f 2636 2508 2507
f 2487 2657 2485
f 2658 2487 2486
f 2487 2658 2657
f 2486 2488 2659
f 2659 2658 2486
f 2490 2661 2488
f 2659 2488 2661
f 2660 2490 2491
f 2490 2660 2661
f 2491 2492 2662
f 2662 2660 2491
f 2493 2663 2492
f 2662 2492 2663
f 2682 2664 2493
f 2493 2664 2663
f 2682 2494 2665
f 2494 2682 2493
f 2496 2666 2665
f 2665 2494 2496
f 2667 2666 2495
f 2496 2495 2666
f 2667 2497 2668
f 2497 2667 2495
f 2499 2669 2668
f 2668 2497 2499
f 2670 2669 2498
f 2499 2498 2669
f 2670 2501 2671
f 2501 2670 2498
f 2500 2672 2671
f 2671 2501 2500
f 2673 2672 2502
f 2500 2502 2672
f 2673 2503 2674
f 2503 2673 2502
f 2511 2675 2674
f 2674 2503 2511
f 2676 2675 2510
f 2511 2510 2675
f 2676 2509 2683
f 2509 2676 2510
f 2512 2677 2683
f 2683 2509 2512
f 2512 266 2677
f 2679 268 269
f 2678 268 2679
f 268 2678 266
f 3787 2819 2815
f 3616 3785 3788
f 3789 3787 3790
f 3791 3788 3792
f 3790 3618 3793
f 3794 3785 3786
f 2373 3624 2376
f 3795 3624 2373
f 3796 2373 2369
f 3795 3786 3624
f 3796 3797 3795
f 3794 3786 3795
f 3793 3616 3788
f 3794 3788 3785
f 3798 3789 3793
f 3793 3789 3790
f 3790 2815 2816
f 2816 3618 3790
f 3787 2815 3790
f 3791 3798 3793
f 3618 3616 3793
f 3791 3793 3788
f 3792 3794 3799
f 3799 3794 3797
f 3792 3788 3794
f 3797 3794 3795
f 3796 3795 2373
f 2412 2411 3800
f 3801 3802 3803
f 3804 3805 3806
f 2410 3807 2411
f 3808 3809 3810
f 3805 3804 3811
f 3812 3813 3814
f 3815 3809 3816
f 3817 3818 3819
f 3817 3819 3814
f 3208 3820 3821
f 3822 3245 3821
f 3823 3824 3825
f 3822 3825 3824
f 2865 3824 3826
f 3827 3828 3829
f 3830 3809 3831
f 3818 3817 3832
f 2409 3833 2410
f 3829 3834 3835
f 3836 3812 3827
f 3837 3838 3835
f 3836 3829 3839
f 3835 3840 3839
f 3841 3838 3842
f 3843 3803 3841
f 3840 3838 3844
f 3845 3803 3846
f 3841 3802 3844
f 3791 3845 3847
f 3792 3801 3845
f 3848 3801 3799
f 3848 3799 3797
f 3848 3797 3849
f 3845 3791 3792
f 3797 3796 3849
f 3814 3850 3827
f 3851 3796 2369
f 3798 3791 3847
f 3852 3789 3853
f 3854 3820 3207
f 3853 3789 3798
f 3847 3853 3798
f 3852 3254 3236
f 3789 3852 3787
f 3236 2819 3787
f 3236 3787 3852
f 3254 3855 3234
f 3855 3254 3852
f 3235 3856 3242
f 3857 3235 3234
f 3849 3858 3848
f 3847 3846 3859
f 3846 3847 3845
f 3851 3860 3849
f 3792 3799 3801
f 3801 3803 3845
f 3851 3849 3796
f 3802 3848 3858
f 3858 3849 3860
f 2355 3861 3851
f 3851 2369 2355
f 3852 3853 3855
f 3853 3859 3855
f 3846 3862 3859
f 3853 3847 3859
f 3859 3862 3857
f 3860 3863 3858
f 3843 3862 3846
f 3843 3846 3803
f 3861 3864 3860
f 3801 3848 3802
f 3841 3803 3802
f 3860 3851 3861
f 3844 3858 3863
f 3863 3860 3864
f 2355 2357 3861
f 2357 3865 3861
f 3859 3857 3855
f 3234 3855 3857
f 3239 3242 3866
f 3856 3235 3857
f 3867 3856 3862
f 3868 3863 3864
f 3842 3867 3843
f 3843 3841 3842
f 3869 3864 3865
f 3802 3858 3844
f 3838 3841 3844
f 3864 3869 3868
f 3840 3863 3868
f 3865 2351 3870
f 2357 2351 3865
f 3861 3865 3864
f 3857 3862 3856
f 3862 3843 3867
f 3871 3240 3239
f 3242 3856 3866
f 3872 3866 3867
f 3873 3868 3869
f 3837 3872 3842
f 3837 3842 3838
f 3874 3869 3870
f 3844 3863 3840
f 3840 3835 3838
f 2353 3875 3870
f 3873 3839 3868
f 3873 3869 3874
f 2351 2353 3870
f 3865 3870 3869
f 3867 3866 3856
f 3867 3842 3872
f 3876 3826 3823
f 3239 3866 3871
f 3877 3871 3872
f 3874 3878 3873
f 3837 3834 3877
f 3837 3835 3834
f 3879 3874 3875
f 3840 3868 3839
f 3839 3829 3835
f 2354 3880 3875
f 3878 3836 3873
f 3878 3874 3879
f 2353 2354 3875
f 3870 3875 3874
f 3872 3871 3866
f 3240 3871 3881
f 3881 3882 3252
f 3872 3837 3877
f 3877 3883 3881
f 3879 3884 3878
f 3834 3828 3883
f 3834 3829 3828
f 3885 3879 3880
f 3839 3873 3836
f 3836 3827 3829
f 2348 3880 2354
f 3884 3812 3878
f 3875 3880 3879
f 3879 3885 3884
f 2348 3886 3880
f 3871 3877 3881
f 3240 3881 3252
f 3828 3887 3883
f 3877 3834 3883
f 3883 3887 3882
f 3885 3816 3884
f 3887 3828 3850
f 3850 3828 3827
f 3886 3815 3885
f 3836 3878 3812
f 3812 3814 3827
f 2348 2350 3886
f 3816 3813 3884
f 3880 3886 3885
f 3885 3815 3816
f 2350 3888 3886
f 3881 3883 3882
f 3252 3882 3247
f 3854 3248 3889
f 3889 3247 3882
f 3887 3890 3889
f 3817 3813 3808
f 3890 3887 3850
f 3850 3814 3819
f 3888 3831 3815
f 3812 3884 3813
f 3813 3817 3814
f 3815 3831 3809
f 3808 3816 3809
f 3888 2366 3891
f 2350 2366 3888
f 3886 3888 3815
f 3882 3887 3889
f 3247 3889 3248
f 3892 3893 3894
f 3850 3819 3890
f 3854 3890 3895
f 3808 3832 3817
f 3895 3819 3818
f 3896 3897 3830
f 3891 3896 3831
f 3813 3816 3808
f 3808 3810 3832
f 3896 3830 3831
f 3810 3809 3830
f 3891 2341 3898
f 2366 2341 3891
f 3888 3891 3831
f 3889 3890 3854
f 3248 3854 3207
f 3818 3832 3899
f 3890 3819 3895
f 3900 3820 3895
f 3832 3810 3901
f 3900 3818 3899
f 3810 3830 3902
f 3901 3899 3832
f 3898 3811 3896
f 3902 3901 3810
f 3896 3891 3898
f 3902 3830 3897
f 3897 3896 3811
f 2342 3805 3898
f 3898 2341 2342
f 3854 3895 3820
f 3207 3820 3208
f 3899 3901 3892
f 3895 3818 3900
f 3821 3900 3903
f 3901 3902 3893
f 3903 3899 3892
f 3902 3897 3904
f 3892 3901 3893
f 3811 3905 3897
f 3902 3904 3893
f 3805 3811 3898
f 3905 3904 3897
f 3905 3811 3804
f 2365 3806 3805
f 3805 2342 2365
f 3820 3900 3821
f 3208 3821 3245
f 3906 3893 3904
f 3900 3899 3903
f 3822 3903 3825
f 3907 3904 3905
f 3825 3892 3894
f 3908 3905 3804
f 3894 3893 3906
f 3909 3804 3806
f 3906 3904 3907
f 3806 3800 3909
f 3907 3905 3908
f 3908 3804 3909
f 2412 3800 3806
f 3806 2365 2412
f 3821 3903 3822
f 3245 3822 3243
f 3823 3894 3910
f 3903 3892 3825
f 3823 3825 3894
f 3910 3906 3911
f 3910 3894 3906
f 3911 3907 3912
f 3911 3906 3907
f 3912 3908 3913
f 3912 3907 3908
f 3913 3909 3914
f 3913 3908 3909
f 3807 3914 3800
f 3800 3914 3909
f 2411 3807 3800
f 3822 3824 3243
f 2865 3243 3824
f 3910 3915 3876
f 3826 3824 3823
f 3911 3916 3915
f 3876 3823 3910
f 3912 3917 3916
f 3915 3910 3911
f 3913 3918 3917
f 3916 3911 3912
f 3914 3919 3918
f 3917 3912 3913
f 3807 3833 3919
f 3918 3913 3914
f 3833 3807 2410
f 3919 3914 3807
f 2968 3920 3921
f 2465 3922 3199
f 3923 3924 3925
f 3926 2977 3927
f 3928 3929 3930
f 3931 3932 2973
f 2967 3933 3934
f 3935 3936 3937
f 3938 3939 2965
f 3940 3941 3942
f 3943 3944 3945
f 3946 2958 3947
f 3948 2955 3949
f 3950 3951 3952
f 3953 3954 2950
f 3955 3956 3957
f 2949 3958 3959
f 3960 2948 3961
f 3962 2945 3963
f 3964 3965 3966
f 3967 3968 3969
f 3970 3971 3972
f 3973 3974 2936
f 3975 3976 3977
f 3978 2934 3979
f 3980 3981 3982
f 3983 3984 2929
f 3969 3985 3986
f 2925 3987 3988
f 3989 3990 3991
f 2923 3992 3993
f 3994 3995 3996
f 3997 3998 2848
f 2921 3999 4000
f 2920 4001 4002
f 4003 4004 4005
f 4006 4007 4008
f 4009 4010 2916
f 4011 2913 4012
f 4013 4014 4015
f 2909 4016 4017
f 4018 4019 4020
f 4021 2906 4022
f 4023 4024 2908
f 4025 4026 2903
f 4027 4028 4029
f 4030 4031 4032
f 4033 4034 4035
f 2895 4036 4037
f 4038 4039 2898
f 4040 4041 2846
f 4042 4043 4044
f 4045 4046 4047
f 4030 4048 4049
f 4050 2888 4051
f 4052 4053 4054
f 4055 4056 2884
f 4057 4058 4059
f 2792 4060 4061
f 4062 2885 4061
f 4063 4064 4065
f 2791 4066 4060
f 4067 2881 4068
f 4069 4065 4070
f 4071 4072 4073
f 4069 4074 4073
f 4075 4072 4076
f 4077 2879 4078
f 4079 4080 4081
f 2880 4082 4078
f 4083 2878 4084
f 2877 4083 4085
f 2876 4086 4084
f 4087 4088 4089
f 4090 4091 4092
f 4093 4091 4088
f 4090 4094 4095
f 2853 4096 4097
f 4098 4099 4095
f 4100 4096 2854
f 4101 4099 4102
f 4100 2874 4103
f 4104 4105 4081
f 4106 4103 2874
f 4107 2871 4108
f 2872 4107 4109
f 2869 4110 4108
f 4111 4112 4113
f 4110 2868 4114
f 4115 4116 4112
f 4114 2870 4117
f 4118 4116 4119
f 2866 4120 4117
f 4118 4121 4122
f 4123 4120 2867
f 4124 4125 4122
f 4125 4126 4127
f 2867 4128 4123
f 4129 4130 4131
f 4132 4133 4134
f 4135 4136 2856
f 4137 2857 4136
f 4135 2855 4138
f 4139 4140 4141
f 4142 4138 2859
f 4141 4143 4144
f 4145 4142 2858
f 4146 4147 4144
f 4148 2860 2861
f 4147 4149 4150
f 4148 2861 4151
f 4151 4152 4148
f 4152 4153 4149
f 4145 2858 2860
f 4150 4153 4154
f 4153 4150 4149
f 2331 3150 4155
f 4156 4150 4154
f 4157 4133 4158
f 4159 4160 4161
f 2875 4097 4086
f 4066 2883 4067
f 2882 4077 4068
f 4162 4163 4164
f 4165 4166 4167
f 4168 4162 4159
f 4169 2886 4056
f 4057 4170 4171
f 4172 4058 4173
f 4051 2887 4169
f 4050 4174 2889
f 4175 4173 4054
f 2891 4176 4177
f 2890 4174 4176
f 4178 4045 4166
f 2892 4177 4179
f 4180 4181 4182
f 4183 4040 2845
f 4184 2893 4041
f 4042 4185 4180
f 4186 4043 4187
f 4036 2894 4184
f 2896 4037 4038
f 4188 4187 4189
f 2900 4039 4190
f 4032 4191 4192
f 4193 4194 2901
f 2901 4190 4193
f 4195 4196 4035
f 4194 4025 2902
f 2904 4026 4197
f 4027 4198 4195
f 4028 4199 4200
f 4022 2905 4197
f 4201 4202 4203
f 4023 2907 4021
f 2909 4024 4016
f 4204 4205 4201
f 4017 4206 2911
f 4207 4019 4208
f 4209 4210 4020
f 4206 4012 2910
f 4211 2912 4011
f 4015 4212 4209
f 4213 2914 4214
f 4214 2915 4211
f 4215 4216 4217
f 4218 4219 4220
f 4217 4221 4222
f 2916 4010 4001
f 4002 4223 2918
f 4221 4004 4224
f 4225 4226 4005
f 3997 2919 4223
f 3999 2849 3998
f 4227 4225 4228
f 4229 4230 4231
f 4232 4218 4233
f 2923 3993 4234
f 4235 4236 3996
f 3994 4237 4238
f 2924 4234 3987
f 4239 2927 3988
f 4237 3990 4240
f 4241 3991 4242
f 4239 3983 2928
f 4243 4230 4244
f 3984 4245 2930
f 4246 4247 4248
f 3979 2931 4249
f 2932 3978 4250
f 4251 4248 3982
f 3980 4252 4253
f 2935 4250 3973
f 3974 4254 2939
f 4252 3975 4255
f 4256 4257 3033
f 4254 4256 2940
f 4258 2941 4259
f 4260 4261 4262
f 4263 3971 4264
f 3963 2942 4258
f 2944 3962 4265
f 4266 4264 3966
f 3964 4267 4268
f 4265 3958 2946
f 4269 4270 4271
f 2947 3959 3961
f 4272 4273 4274
f 4275 4271 4262
f 4276 2951 3954
f 3955 4277 4278
f 4279 3956 4280
f 3949 2952 4276
f 3948 4281 2956
f 4282 4280 3952
f 2840 4283 4284
f 2957 4281 4283
f 4285 3943 4273
f 2841 4284 3947
f 4286 4287 4288
f 3946 3938 2958
f 4289 2964 3939
f 3940 4290 4286
f 4291 3941 4292
f 3933 2963 4289
f 2966 3934 3920
f 4292 4293 4294
f 2969 3921 4295
f 3937 4296 4297
f 4298 4299 2970
f 2970 4295 4298
f 4300 4301 3928
f 4299 3931 2971
f 2972 3932 4302
f 3924 4303 4300
f 3925 4304 4305
f 3927 2974 4302
f 4306 4307 4308
f 4309 2978 3926
f 4310 4311 4306
f 4312 4313 4129
f 4152 4149 4148
f 4145 2860 4148
f 4156 3150 4314
f 4146 4148 4149
f 4154 4155 4156
f 4150 4314 4147
f 3150 4156 4155
f 4145 4148 4146
f 2859 2858 4142
f 3149 4315 4314
f 4146 4149 4147
f 4143 4145 4146
f 4150 4156 4314
f 4147 4315 4144
f 3150 3149 4314
f 4142 4145 4143
f 2855 2859 4138
f 3148 4316 4315
f 4143 4146 4144
f 4140 4142 4143
f 4147 4314 4315
f 4144 4316 4141
f 3149 3148 4315
f 4138 4142 4140
f 2856 2855 4135
f 3147 4317 4316
f 4140 4143 4141
f 4318 4138 4140
f 4144 4315 4316
f 4141 4317 4139
f 3148 3147 4316
f 4135 4138 4318
f 2857 2856 4136
f 4139 4317 4131
f 4318 4140 4139
f 4319 4135 4318
f 4141 4316 4317
f 4139 4131 4130
f 3147 3146 4317
f 4136 4135 4319
f 2850 2857 4137
f 4139 4130 4318
f 4319 4318 4130
f 4320 4136 4319
f 4131 4317 3146
f 4130 4129 4313
f 3145 4131 3146
f 4137 4136 4320
f 4128 2867 2850
f 4130 4313 4319
f 4320 4319 4313
f 4137 4320 4126
f 4129 4131 3145
f 4313 4312 4127
f 3144 4129 3145
f 4137 4126 4128
f 2850 4137 4128
f 4313 4127 4320
f 4126 4320 4127
f 4128 4126 4124
f 4312 4129 3144
f 4321 4125 4127
f 3143 4312 3144
f 4123 4128 4124
f 2866 2867 4120
f 3143 4322 4321
f 4124 4126 4125
f 4121 4123 4124
f 4127 4312 4321
f 4125 4322 4122
f 3143 4321 4312
f 4120 4123 4121
f 2870 2866 4117
f 3142 4323 4322
f 4121 4124 4122
f 4119 4120 4121
f 4125 4321 4322
f 4122 4323 4118
f 3143 3142 4322
f 4117 4120 4119
f 2868 2870 4114
f 3141 4324 4323
f 4119 4121 4118
f 4115 4117 4119
f 4122 4322 4323
f 4118 4324 4116
f 3142 3141 4323
f 4114 4117 4115
f 2869 2868 4110
f 3140 4325 4324
f 4115 4119 4116
f 4111 4114 4115
f 4118 4323 4324
f 4116 4325 4112
f 3141 3140 4324
f 4110 4114 4111
f 2871 2869 4108
f 3139 4326 4325
f 4111 4115 4112
f 4327 4110 4111
f 4116 4324 4325
f 4112 4326 4113
f 3140 3139 4325
f 4108 4110 4327
f 2872 2871 4107
f 4113 4326 4157
f 4327 4111 4113
f 4328 4108 4327
f 4112 4325 4326
f 4113 4157 4158
f 3139 3138 4326
f 4107 4108 4328
f 2873 2872 4109
f 4113 4158 4327
f 4328 4327 4158
f 4329 4107 4328
f 4157 4326 3138
f 4158 4133 4132
f 3137 4157 3138
f 4109 4107 4329
f 4106 2874 2873
f 4158 4132 4328
f 4329 4328 4132
f 4109 4329 4102
f 4133 4157 3137
f 4132 4134 4101
f 3136 4133 3137
f 4109 4102 4106
f 2873 4109 4106
f 4132 4101 4329
f 4102 4329 4101
f 4106 4102 4098
f 4134 4133 3136
f 4330 4099 4101
f 3135 4134 3136
f 4103 4106 4098
f 2854 2874 4100
f 3135 4331 4330
f 4098 4102 4099
f 4094 4103 4098
f 4101 4134 4330
f 4099 4331 4095
f 3135 4330 4134
f 4100 4103 4094
f 2853 2854 4096
f 3134 4332 4331
f 4094 4098 4095
f 4092 4100 4094
f 4099 4330 4331
f 4095 4332 4090
f 3135 3134 4331
f 4096 4100 4092
f 2875 2853 4097
f 3133 4333 4332
f 4092 4094 4090
f 4093 4096 4092
f 4095 4331 4332
f 4090 4333 4091
f 3134 3133 4332
f 4097 4096 4093
f 2876 2875 4086
f 3132 4334 4333
f 4093 4092 4091
f 4087 4097 4093
f 4090 4332 4333
f 4091 4334 4088
f 3133 3132 4333
f 4086 4097 4087
f 2878 2876 4084
f 4088 4334 4335
f 4087 4093 4088
f 4336 4086 4087
f 4091 4333 4334
f 4088 4335 4089
f 3132 3131 4334
f 4084 4086 4336
f 2877 2878 4083
f 4089 4335 4080
f 4336 4087 4089
f 4337 4084 4336
f 4335 4334 3131
f 4089 4080 4079
f 3129 4335 3131
f 4083 4084 4337
f 2880 2877 4085
f 4089 4079 4336
f 4337 4336 4079
f 4338 4083 4337
f 4080 4335 3129
f 4079 4081 4105
f 3128 4080 3129
f 4085 4083 4338
f 2880 4078 2879
f 4079 4105 4337
f 4338 4337 4105
f 4085 4338 4076
f 4081 4080 3128
f 4105 4104 4075
f 3130 4081 3128
f 4085 4076 4082
f 2880 4085 4082
f 4105 4075 4338
f 4076 4338 4075
f 4082 4076 4071
f 4104 4081 3130
f 4339 4072 4075
f 3127 4104 3130
f 4078 4082 4071
f 2882 2879 4077
f 3127 4340 4339
f 4071 4076 4072
f 4074 4078 4071
f 4075 4104 4339
f 4072 4340 4073
f 3127 4339 4104
f 4077 4078 4074
f 2881 2882 4068
f 3126 4341 4340
f 4074 4071 4073
f 4070 4077 4074
f 4072 4339 4340
f 4073 4341 4069
f 3127 3126 4340
f 4068 4077 4070
f 2883 2881 4067
f 3125 4342 4341
f 4070 4074 4069
f 4064 4068 4070
f 4073 4340 4341
f 4069 4342 4065
f 3126 3125 4341
f 4067 4068 4064
f 2791 2883 4066
f 3124 4343 4342
f 4064 4070 4065
f 4344 4067 4064
f 4069 4341 4342
f 4065 4343 4063
f 3125 3124 4342
f 4066 4067 4344
f 2792 2791 4060
f 4063 4343 4164
f 4344 4064 4063
f 4345 4066 4344
f 4065 4342 4343
f 4063 4164 4163
f 3124 3123 4343
f 4060 4066 4345
f 2885 2792 4061
f 4063 4163 4344
f 4345 4344 4163
f 4346 4060 4345
f 4164 4343 3123
f 4163 4162 4168
f 3122 4164 3123
f 4061 4060 4346
f 2884 2885 4062
f 4163 4168 4345
f 4346 4345 4168
f 4347 4061 4346
f 4162 4164 3122
f 4168 4159 4161
f 3121 4162 3122
f 4062 4061 4347
f 2884 4056 2886
f 4168 4161 4346
f 4347 4346 4161
f 4062 4347 4170
f 4159 4162 3121
f 4161 4160 4171
f 3120 4159 3121
f 4062 4170 4055
f 2884 4062 4055
f 4161 4171 4347
f 4170 4347 4171
f 4055 4170 4059
f 4160 4159 3120
f 4348 4057 4171
f 3119 4160 3120
f 4056 4055 4059
f 2887 2886 4169
f 3119 4349 4348
f 4059 4170 4057
f 4172 4056 4059
f 4171 4160 4348
f 4057 4349 4058
f 3119 4348 4160
f 4169 4056 4172
f 2888 2887 4051
f 3118 4350 4349
f 4172 4059 4058
f 4175 4169 4172
f 4057 4348 4349
f 4058 4350 4173
f 3119 3118 4349
f 4051 4169 4175
f 2889 2888 4050
f 3117 4351 4350
f 4175 4172 4173
f 4053 4051 4175
f 4058 4349 4350
f 4173 4351 4054
f 3118 3117 4350
f 4050 4051 4053
f 2890 2889 4174
f 3116 4352 4351
f 4053 4175 4054
f 4353 4050 4053
f 4173 4350 4351
f 4054 4352 4052
f 3117 3116 4351
f 4174 4050 4353
f 2891 2890 4176
f 4052 4352 4047
f 4353 4053 4052
f 4354 4174 4353
f 4054 4351 4352
f 4052 4047 4046
f 3116 3115 4352
f 4176 4174 4354
f 2892 2891 4177
f 4052 4046 4353
f 4354 4353 4046
f 4355 4176 4354
f 4047 4352 3115
f 4046 4045 4178
f 3114 4047 3115
f 4177 4176 4355
f 2845 2892 4179
f 4046 4178 4354
f 4355 4354 4178
f 4177 4355 4356
f 4045 4047 3114
f 4178 4166 4165
f 3113 4045 3114
f 4179 4177 4356
f 2845 4040 2846
f 4178 4165 4355
f 4356 4355 4165
f 4179 4356 4181
f 4166 4045 3113
f 4165 4167 4182
f 3071 4166 3113
f 4179 4181 4183
f 2845 4179 4183
f 4165 4182 4356
f 4181 4356 4182
f 4183 4181 4185
f 4167 4166 3071
f 4357 4180 4182
f 3067 4167 3071
f 4040 4183 4185
f 2893 2846 4041
f 3067 4358 4357
f 4185 4181 4180
f 4044 4040 4185
f 4182 4167 4357
f 4180 4358 4042
f 3067 4357 4167
f 4041 4040 4044
f 2894 2893 4184
f 3066 4359 4358
f 4044 4185 4042
f 4186 4041 4044
f 4180 4357 4358
f 4042 4359 4043
f 3067 3066 4358
f 4184 4041 4186
f 2895 2894 4036
f 3058 4360 4359
f 4186 4044 4043
f 4188 4184 4186
f 4042 4358 4359
f 4043 4360 4187
f 3066 3058 4359
f 4036 4184 4188
f 2896 2895 4037
f 3051 4361 4360
f 4188 4186 4187
f 4362 4036 4188
f 4043 4359 4360
f 4187 4361 4189
f 3058 3051 4360
f 4037 4036 4362
f 2898 2896 4038
f 4189 4361 4192
f 4362 4188 4189
f 4363 4037 4362
f 4187 4360 4361
f 4189 4192 4191
f 3051 3050 4361
f 4038 4037 4363
f 2900 2898 4039
f 4189 4191 4362
f 4363 4362 4191
f 4364 4038 4363
f 4192 4361 3050
f 4191 4032 4031
f 3065 4192 3050
f 4039 4038 4364
f 2901 2900 4190
f 4191 4031 4363
f 4364 4363 4031
f 4039 4364 4365
f 4032 4192 3065
f 4031 4030 4049
f 3063 4032 3065
f 4190 4039 4365
f 4366 4367 4204
f 4031 4049 4364
f 4365 4364 4049
f 4190 4365 4033
f 4030 4032 3063
f 4048 4034 4049
f 3062 4030 3063
f 4193 4190 4033
f 2902 2901 4194
f 4049 4034 4365
f 4033 4365 4034
f 4193 4033 4196
f 4030 3062 4048
f 4368 4035 4034
f 3062 4368 4048
f 4194 4193 4196
f 2903 2902 4025
f 3070 4369 4368
f 4196 4033 4035
f 4198 4194 4196
f 4034 4048 4368
f 4035 4369 4195
f 3062 3070 4368
f 4025 4194 4198
f 2904 2903 4026
f 3052 4370 4369
f 4198 4196 4195
f 4029 4025 4198
f 4035 4368 4369
f 4195 4370 4027
f 3070 3052 4369
f 4026 4025 4029
f 2905 2904 4197
f 3053 4371 4370
f 4029 4198 4027
f 4200 4026 4029
f 4195 4369 4370
f 4027 4371 4028
f 3052 3053 4370
f 4197 4026 4200
f 2906 2905 4022
f 3072 4372 4371
f 4200 4029 4028
f 4373 4197 4200
f 4027 4370 4371
f 4028 4372 4199
f 3053 3072 4371
f 4022 4197 4373
f 2907 2906 4021
f 4199 4372 4203
f 4373 4200 4199
f 4374 4022 4373
f 4028 4371 4372
f 4199 4203 4202
f 3072 3069 4372
f 4021 4022 4374
f 2908 2907 4023
f 4199 4202 4373
f 4374 4373 4202
f 4375 4021 4374
f 4203 4372 3069
f 4202 4201 4205
f 3068 4203 3069
f 4023 4021 4375
f 2909 2908 4024
f 4202 4205 4374
f 4375 4374 4205
f 4023 4375 4376
f 4201 4203 3068
f 4205 4204 4367
f 3061 4201 3068
f 4024 4023 4376
f 4007 4377 4378
f 4205 4367 4375
f 4376 4375 4367
f 4024 4376 4208
f 4204 4201 3061
f 4366 4207 4367
f 3060 4204 3061
f 4016 4024 4208
f 2911 2909 4017
f 4367 4207 4376
f 4208 4376 4207
f 4016 4208 4018
f 4204 3060 4366
f 4379 4019 4207
f 3060 4379 4366
f 4017 4016 4018
f 2910 2911 4206
f 3064 4380 4379
f 4018 4208 4019
f 4210 4017 4018
f 4207 4366 4379
f 4019 4380 4020
f 3060 3064 4379
f 4206 4017 4210
f 2913 2910 4012
f 3042 4381 4380
f 4210 4018 4020
f 4212 4206 4210
f 4019 4379 4380
f 4020 4381 4209
f 3064 3042 4380
f 4012 4206 4212
f 2912 2913 4011
f 3041 4382 4381
f 4212 4210 4209
f 4014 4012 4212
f 4020 4380 4381
f 4209 4382 4015
f 3042 3041 4381
f 4011 4012 4014
f 2915 2912 4211
f 3059 4383 4382
f 4014 4212 4015
f 4384 4011 4014
f 4209 4381 4382
f 4015 4383 4013
f 3041 3059 4382
f 4211 4011 4384
f 2914 2915 4214
f 4013 4383 4006
f 4384 4014 4013
f 4385 4211 4384
f 4015 4382 4383
f 4013 4006 4008
f 3059 3073 4383
f 4214 4211 4385
f 2917 2914 4213
f 4013 4008 4384
f 4385 4384 4008
f 4386 4214 4385
f 4006 4383 3073
f 4008 4007 4378
f 3034 4006 3073
f 4213 4214 4386
f 4009 2916 2917
f 4008 4378 4385
f 4386 4385 4378
f 4213 4386 4215
f 4007 4006 3034
f 4378 4377 4216
f 3035 4007 3034
f 4213 4215 4009
f 2917 4213 4009
f 4378 4216 4386
f 4215 4386 4216
f 4009 4215 4222
f 4377 4007 3035
f 4387 4217 4216
f 3046 4377 3035
f 4010 4009 4222
f 2920 2916 4001
f 3046 4388 4387
f 4222 4215 4217
f 4224 4010 4222
f 4216 4377 4387
f 4217 4388 4221
f 3046 4387 4377
f 4001 4010 4224
f 2918 2920 4002
f 3054 4389 4388
f 4224 4222 4221
f 4003 4001 4224
f 4217 4387 4388
f 4221 4389 4004
f 3046 3054 4388
f 4002 4001 4003
f 2919 2918 4223
f 3045 4390 4389
f 4003 4224 4004
f 4226 4002 4003
f 4221 4388 4389
f 4004 4390 4005
f 3054 3045 4389
f 4223 4002 4226
f 2848 2919 3997
f 3047 4391 4390
f 4226 4003 4005
f 4227 4223 4226
f 4004 4389 4390
f 4005 4391 4225
f 3045 3047 4390
f 3997 4223 4227
f 2849 2848 3998
f 3043 4392 4391
f 4227 4226 4225
f 4393 3997 4227
f 4005 4390 4391
f 4225 4392 4228
f 3047 3043 4391
f 3998 3997 4393
f 2921 2849 3999
f 4228 4392 4232
f 4393 4227 4228
f 4394 3998 4393
f 4225 4391 4392
f 4228 4232 4233
f 3043 3044 4392
f 3999 3998 4394
f 2922 2921 4000
f 4228 4233 4393
f 4394 4393 4233
f 4395 3999 4394
f 4232 4392 3044
f 4233 4218 4220
f 3040 4232 3044
f 4000 3999 4395
f 3992 2923 2922
f 4233 4220 4394
f 4395 4394 4220
f 4000 4395 4235
f 4218 4232 3040
f 4220 4219 4236
f 3039 4218 3040
f 4000 4235 3992
f 2922 4000 3992
f 4220 4236 4395
f 4235 4395 4236
f 3992 4235 3995
f 4219 4218 3039
f 4396 3996 4236
f 3049 4219 3039
f 3993 3992 3995
f 2924 2923 4234
f 3049 4397 4396
f 3995 4235 3996
f 4238 3993 3995
f 4236 4219 4396
f 3996 4397 3994
f 3049 4396 4219
f 4234 3993 4238
f 2925 2924 3987
f 3048 4398 4397
f 4238 3995 3994
f 4240 4234 4238
f 3996 4396 4397
f 3994 4398 4237
f 3049 3048 4397
f 3987 4234 4240
f 2927 2925 3988
f 3057 4399 4398
f 4240 4238 4237
f 3989 3987 4240
f 3994 4397 4398
f 4237 4399 3990
f 3048 3057 4398
f 3988 3987 3989
f 2928 2927 4239
f 3056 4400 4399
f 3989 4240 3990
f 4241 3988 3989
f 4237 4398 4399
f 3990 4400 3991
f 3057 3056 4399
f 4239 3988 4241
f 2929 2928 3983
f 3055 4401 4400
f 4241 3989 3991
f 4402 4239 4241
f 3990 4399 4400
f 3991 4401 4242
f 3056 3055 4400
f 3983 4239 4402
f 2930 2929 3984
f 4242 4401 4243
f 4402 4241 4242
f 4403 3983 4402
f 3991 4400 4401
f 4242 4243 4244
f 3055 3074 4401
f 3984 3983 4403
f 2931 2930 4245
f 4242 4244 4402
f 4403 4402 4244
f 4404 3984 4403
f 4243 4401 3074
f 4244 4230 4229
f 3076 4243 3074
f 4245 3984 4404
f 2931 3979 2934
f 4244 4229 4403
f 4404 4403 4229
f 4245 4404 4246
f 4230 4243 3076
f 4229 4231 4247
f 3079 4230 3076
f 4245 4246 4249
f 2931 4245 4249
f 4229 4247 4404
f 4246 4404 4247
f 4249 4246 4251
f 4231 4230 3079
f 4405 4248 4247
f 3077 4231 3079
f 3979 4249 4251
f 2932 2934 3978
f 3077 4406 4405
f 4251 4246 4248
f 3981 3979 4251
f 4247 4231 4405
f 4248 4406 3982
f 3077 4405 4231
f 3978 3979 3981
f 2935 2932 4250
f 3078 4407 4406
f 3981 4251 3982
f 4253 3978 3981
f 4248 4405 4406
f 3982 4407 3980
f 3077 3078 4406
f 4250 3978 4253
f 2936 2935 3973
f 3080 4408 4407
f 4253 3981 3980
f 4255 4250 4253
f 3982 4406 4407
f 3980 4408 4252
f 3078 3080 4407
f 3973 4250 4255
f 2939 2936 3974
f 3082 4409 4408
f 4255 4253 4252
f 3977 3973 4255
f 3980 4407 4408
f 4252 4409 3975
f 3080 3082 4408
f 3974 3973 3977
f 2940 2939 4254
f 3975 4409 4410
f 3977 4255 3975
f 4411 3974 3977
f 4252 4408 4409
f 3975 4410 3976
f 3082 3083 4409
f 4254 3974 4411
f 3033 2940 4256
f 3976 4410 3968
f 4411 3977 3976
f 4412 4254 4411
f 4410 4409 3083
f 3976 3968 3967
f 3085 4410 3083
f 4256 4254 4412
f 2941 3033 4257
f 3976 3967 4411
f 4412 4411 3967
f 4413 4256 4412
f 3968 4410 3085
f 3967 3969 3986
f 3084 3968 3085
f 4257 4256 4413
f 2941 4258 2942
f 3967 3986 4412
f 4413 4412 3986
f 4257 4413 3972
f 3969 3968 3084
f 3986 3985 3970
f 3081 3969 3084
f 4257 3972 4259
f 2941 4257 4259
f 3986 3970 4413
f 3972 4413 3970
f 4259 3972 4263
f 3985 3969 3081
f 4414 3971 3970
f 3086 3985 3081
f 4258 4259 4263
f 2945 2942 3963
f 3086 4415 4414
f 4263 3972 3971
f 4266 4258 4263
f 3970 3985 4414
f 3971 4415 4264
f 3086 4414 3985
f 3963 4258 4266
f 2944 2945 3962
f 3088 4416 4415
f 4266 4263 4264
f 3965 3963 4266
f 3971 4414 4415
f 4264 4416 3966
f 3086 3088 4415
f 3962 3963 3965
f 2946 2944 4265
f 3087 4417 4416
f 3965 4266 3966
f 4268 3962 3965
f 4264 4415 4416
f 3966 4417 3964
f 3088 3087 4416
f 4265 3962 4268
f 2949 2946 3958
f 3089 4418 4417
f 4268 3965 3964
f 4419 4265 4268
f 3966 4416 4417
f 3964 4418 4267
f 3087 3089 4417
f 3958 4265 4419
f 2947 2949 3959
f 4267 4418 4270
f 4419 4268 4267
f 4420 3958 4419
f 3964 4417 4418
f 4267 4270 4269
f 3089 3090 4418
f 3959 3958 4420
f 2948 2947 3961
f 4267 4269 4419
f 4420 4419 4269
f 4421 3959 4420
f 4270 4418 3090
f 4269 4271 4275
f 3092 4270 3090
f 3961 3959 4421
f 2950 2948 3960
f 4269 4275 4420
f 4421 4420 4275
f 4422 3961 4421
f 4271 4270 3092
f 4275 4262 4261
f 3091 4271 3092
f 3960 3961 4422
f 2950 3954 2951
f 4275 4261 4421
f 4422 4421 4261
f 3960 4422 4277
f 4262 4271 3091
f 4261 4260 4278
f 3094 4262 3091
f 3960 4277 3953
f 2950 3960 3953
f 4261 4278 4422
f 4277 4422 4278
f 3953 4277 3957
f 4260 4262 3094
f 4423 3955 4278
f 3093 4260 3094
f 3954 3953 3957
f 2952 2951 4276
f 3093 4424 4423
f 3957 4277 3955
f 4279 3954 3957
f 4278 4260 4423
f 3955 4424 3956
f 3093 4423 4260
f 4276 3954 4279
f 2955 2952 3949
f 3095 4425 4424
f 4279 3957 3956
f 4282 4276 4279
f 3955 4423 4424
f 3956 4425 4280
f 3093 3095 4424
f 3949 4276 4282
f 2956 2955 3948
f 3096 4426 4425
f 4282 4279 4280
f 3951 3949 4282
f 3956 4424 4425
f 4280 4426 3952
f 3095 3096 4425
f 3948 3949 3951
f 2957 2956 4281
f 3098 4427 4426
f 3951 4282 3952
f 4428 3948 3951
f 4280 4425 4426
f 3952 4427 3950
f 3096 3098 4426
f 4281 3948 4428
f 2840 2957 4283
f 3950 4427 3945
f 4428 3951 3950
f 4429 4281 4428
f 3952 4426 4427
f 3950 3945 3944
f 3098 3097 4427
f 4283 4281 4429
f 2841 2840 4284
f 3950 3944 4428
f 4429 4428 3944
f 4430 4283 4429
f 3945 4427 3097
f 3944 3943 4285
f 3099 3945 3097
f 4284 4283 4430
f 2958 2841 3947
f 3944 4285 4429
f 4430 4429 4285
f 4284 4430 4431
f 3943 3945 3099
f 4285 4273 4272
f 3101 3943 3099
f 3947 4284 4431
f 4432 4433 3935
f 4285 4272 4430
f 4431 4430 4272
f 3947 4431 4287
f 4273 3943 3101
f 4274 4288 4272
f 3100 4273 3101
f 3946 3947 4287
f 2965 2958 3938
f 4272 4288 4431
f 4287 4431 4288
f 3946 4287 4290
f 4273 3100 4274
f 4434 4286 4288
f 3100 4434 4274
f 3938 3946 4290
f 2964 2965 3939
f 3102 4435 4434
f 4290 4287 4286
f 3942 3938 4290
f 4288 4274 4434
f 4286 4435 3940
f 3100 3102 4434
f 3939 3938 3942
f 2963 2964 4289
f 3103 4436 4435
f 3942 4290 3940
f 4291 3939 3942
f 4286 4434 4435
f 3940 4436 3941
f 3102 3103 4435
f 4289 3939 4291
f 2967 2963 3933
f 3105 4437 4436
f 4291 3942 3941
f 4294 4289 4291
f 3940 4435 4436
f 3941 4437 4292
f 3103 3105 4436
f 3933 4289 4294
f 2966 2967 3934
f 3104 4438 4437
f 4294 4291 4292
f 4439 3933 4294
f 3941 4436 4437
f 4292 4438 4293
f 3105 3104 4437
f 3934 3933 4439
f 2968 2966 3920
f 4293 4438 4297
f 4439 4294 4293
f 4440 3934 4439
f 4292 4437 4438
f 4293 4297 4296
f 3104 3107 4438
f 3920 3934 4440
f 2969 2968 3921
f 4293 4296 4439
f 4440 4439 4296
f 4441 3920 4440
f 4297 4438 3107
f 4296 3937 3936
f 3106 4297 3107
f 3921 3920 4441
f 2970 2969 4295
f 4296 3936 4440
f 4441 4440 3936
f 3921 4441 4442
f 3937 4297 3106
f 3936 3935 4433
f 3109 3937 3106
f 4295 3921 4442
f 3936 4433 4441
f 4442 4441 4433
f 4295 4442 3929
f 3935 3937 3109
f 4432 3930 4433
f 3108 3935 3109
f 4298 4295 3929
f 2971 2970 4299
f 4433 3930 4442
f 3929 4442 3930
f 4298 3929 4301
f 3935 3108 4432
f 4443 3928 3930
f 3108 4443 4432
f 4299 4298 4301
f 2973 2971 3931
f 3110 4444 4443
f 4301 3929 3928
f 4303 4299 4301
f 3930 4432 4443
f 3928 4444 4300
f 3108 3110 4443
f 3931 4299 4303
f 2972 2973 3932
f 3111 4445 4444
f 4303 4301 4300
f 3923 3931 4303
f 3928 4443 4444
f 4300 4445 3924
f 3110 3111 4444
f 3932 3931 3923
f 2974 2972 4302
f 3112 4446 4445
f 3923 4303 3924
f 4305 3932 3923
f 4300 4444 4445
f 3924 4446 3925
f 3111 3112 4445
f 4302 3932 4305
f 2977 2974 3927
f 3194 4447 4446
f 4305 3923 3925
f 4448 4302 4305
f 3924 4445 4446
f 3925 4447 4304
f 3112 3194 4446
f 3927 4302 4448
f 2978 2977 3926
f 4304 4447 4308
f 4448 4305 4304
f 4449 3927 4448
f 3925 4446 4447
f 4304 4308 4307
f 3194 3197 4447
f 3926 3927 4449
f 2979 2978 4309
f 4304 4307 4448
f 4449 4448 4307
f 4450 3926 4449
f 4308 4447 3197
f 4307 4306 4311
f 3196 4308 3197
f 4309 3926 4450
f 2465 2979 4451
f 4307 4311 4449
f 4450 4449 4311
f 4451 4309 4450
f 4306 4308 3196
f 4311 4310 3922
f 3198 4306 3196
f 3922 2465 4451
f 2979 4309 4451
f 4311 3922 4450
f 3922 4451 4450
f 4310 4306 3198
f 3922 4310 3199
f 3199 4310 3198
f 4452 3919 4453
f 2409 2406 3833
f 4452 4454 3917
f 3918 3919 4452
f 3876 4455 4456
f 3916 4454 4455
f 2861 4456 4151
f 2864 4456 2861
f 3826 2864 2865
f 2864 3826 4456
f 3915 4455 3876
f 3916 4455 3915
f 4452 3917 3918
f 3916 3917 4454
f 2331 4155 2406
f 4453 2406 4155
f 2406 4453 3833
f 4455 4152 4151
f 3826 3876 4456
f 4454 4153 4152
f 4151 4456 4455
f 4152 4455 4454
f 4452 4154 4153
f 4453 4155 4154
f 4153 4454 4452
f 4154 4452 4453
f 3919 3833 4453

