# https://github.com/mikedh/trimesh
v 11.97639275 21.88273048 51.71981430
v 19.50763893 20.97665787 49.46496582
v 11.97639275 30.32448196 47.46357346
v 4.19723177 38.69160080 42.71235657
v 4.19723177 30.93245697 48.45098877
v -3.61279655 13.04427910 55.49456787
v 4.19723177 13.08739853 55.62172318
v -3.65252638 22.27104759 52.66543198
v 4.19723177 45.36930084 35.74496460
v -3.65252638 45.26520538 35.65523148
v 11.97639275 37.92549515 41.84189224
v 19.50763893 29.05036926 45.39428329
v -3.65252638 54.61981964 18.90741158
v -3.65252638 50.65515518 27.67937279
v 4.19723177 50.77345657 27.74925804
v -3.65252638 38.60499573 42.60559082
v -3.65252638 57.04516602 9.59164143
v 4.19723177 54.74859619 18.95525551
v -3.65252638 57.86143875 0.00000000
v 4.19723177 57.18036652 9.61594391
v 4.19723177 22.31508636 52.79577255
v 9.55550194 5.42659140 56.07416916
v 2.95344067 9.24476051 56.37850189
v 33.14929199 10.55669785 43.87923050
v 33.14929199 3.00504565 44.84625626
v 39.60599136 5.58520126 38.04373169
v -3.65252638 30.86608124 48.33054352
v 39.47102356 1.46004128 38.46789551
v 38.94875336 2.75887084 39.05111313
v 39.47554016 0.62854058 38.46129990
v 33.14929199 40.28672409 21.89101791
v 38.94875336 35.22291946 19.06220627
v 33.14929199 43.42266083 14.95354652
v 11.97639275 44.46710968 35.01649475
v 40.35135651 -4.73621655 36.92887878
v 40.03375626 -4.14941216 37.41770172
v 38.94875336 -3.86466050 38.76974869
v 19.50763893 36.31999969 40.01769257
v 44.52259827 -0.05662937 31.33858109
v 47.84699631 -2.07104206 24.76312447
v 44.75508881 0.64891803 30.96636963
v 43.88549423 -8.38600349 30.97505379
v 47.84699631 -6.21041775 23.87101936
v 43.88549423 -3.01474667 32.13264847
v 45.15353394 2.10328484 30.26750565
v 47.84699631 2.15955877 24.94283676
v 45.31910324 2.84950280 29.94171906
v 47.84699631 6.35967779 24.40499115
v 45.67672348 5.15576363 29.06824875
v 42.01073456 -13.33042622 32.09038544
v 43.80902863 -12.84790993 29.38049507
v 41.96313477 -13.30286980 32.17480087
v 38.00011063 -11.01381016 38.29138565
v 26.61930656 44.45731735 24.22084999
v 26.61930656 39.74031830 31.19987679
v 33.14929199 36.02346039 28.19872475
v 45.75752640 9.17679214 28.06268311
v 45.79875565 8.35943794 28.20678329
v 45.74728394 5.94448328 28.81628227
v 50.74295425 -6.53841543 15.14989376
v 50.74295425 -3.86819959 16.22287369
v 50.29168320 -11.13060379 13.85974407
v 51.02136993 -10.93673992 10.48008823
v 52.50736237 -5.09516668 5.93758631
v 51.54555130 -10.79700470 7.04357862
v 52.50736237 -6.00951195 4.80519152
v 52.50736237 1.46419156 -8.57335377
v 50.74295425 -1.05505741 -16.82915306
v 50.74295425 1.82008183 -16.95128822
v 47.84699631 2.15955877 -24.94283676
v 47.84699631 -2.07104206 -24.76312447
v 50.74295425 4.67450571 -16.58576393
v 47.84699631 6.35967779 -24.40499115
v 50.74295425 7.42609739 -15.74309826
v 26.61930656 11.56316185 -48.54924011
v 33.14929199 17.83629799 -41.64987946
v 33.14929199 10.55669785 -43.87923050
v 43.88549423 -3.01474667 -32.13264847
v 42.67076492 -3.78671789 -33.89219666
v 43.04418945 -3.23414087 -33.41112518
v 4.19723177 57.18036652 -9.61594391
v -3.65252638 57.04516602 -9.59164143
v 4.19723225 57.99880219 0.00000000
v 47.84699631 14.18950558 -21.25870705
v 45.04262543 13.12129879 -28.00613594
v 44.76889038 13.87499809 -28.18633842
v 11.97639370 56.83922577 0.00000000
v 42.00547791 -13.32739449 -32.09980011
v 41.95776367 -13.29976082 -32.18439484
v 43.88549423 -8.38600349 -30.97505379
v 39.51581573 3.72153306 -38.32627106
v 38.94875336 2.75887084 -39.05111313
v 39.54955673 4.53631163 -38.22110748
v 39.50078583 -0.38134530 -38.40534210
v 33.14929199 -4.60141087 -44.52313995
v 39.47844315 0.43887547 -38.45502853
v 4.19723177 54.74859619 -18.95525551
v -3.65252638 50.65515518 -27.67937279
v -3.65252638 54.61981964 -18.90741158
v 11.97639275 56.03746796 -9.41997433
v 26.61930656 44.45731735 -24.22084999
v 19.50763893 42.57641602 -33.48986816
v 19.50763893 47.63962936 -25.99859810
v 11.97639275 37.92549515 -41.84189224
v 4.19723177 30.93245697 -48.45098877
v 4.19723177 38.69160080 -42.71235657
v -3.65252638 45.26520538 -35.65523148
v 4.19723177 50.77345657 -27.74925804
v -3.65252638 30.86608124 -48.33054352
v -3.65252638 22.27104759 -52.66543198
v 4.19723177 22.31508636 -52.79577255
v -3.65252638 13.06709957 -55.48558044
v 26.61930656 47.92700577 -16.54503250
v 19.50763893 51.36398315 -17.75939560
v 11.97639275 49.76113129 -27.18373871
v 4.19723177 45.36930084 -35.74496460
v 33.14929199 30.75551033 -33.69520569
v 33.14929199 36.02346039 -28.19872475
v 38.94875336 31.51056290 -24.55481529
v 38.94875336 9.33467960 -38.20904922
v 40.15124130 10.79162216 -36.36900330
v 40.03820801 10.04907799 -36.70337296
v 38.94875336 35.22291946 -19.06220627
v 33.14929199 40.28672409 -21.89101791
v 43.88549423 29.38132286 -15.79889488
v 19.50763893 20.97665787 -49.46496582
v 26.61930656 19.61751938 -46.08261871
v 19.50763893 12.33113003 -52.11262894
v 38.94875336 15.67359161 -36.26777649
v 43.88549423 18.08495331 -27.58531570
v 47.84699631 17.59396362 -18.74078369
v 45.76271820 9.10222054 -28.07401466
v 47.84699631 10.40848541 -23.16505814
v 41.35589981 -4.99941111 -35.56169128
v 37.99542618 -11.01062584 -38.29739761
v 43.38990021 -2.64354110 -32.95579910
v 38.94875336 -3.86466050 -38.76974869
v 40.41230392 -4.80827904 -36.83942032
v 50.74295425 -3.86819959 -16.22287369
v 52.50736237 -1.41273713 -8.20494843
v 50.74295425 -6.53841543 -15.14989376
v 52.50736237 0.01004927 -8.51158237
v 11.97639275 49.76113129 27.18373871
v 41.28987885 -5.02573013 35.64680862
v 41.77254868 -4.75266409 35.02954483
v 19.50763893 42.57641602 33.48986816
v 11.97639275 53.65525818 18.56895447
v 19.50763893 47.63962936 25.99859810
v 19.50763893 51.36398315 17.75939560
v 26.61930656 47.92700577 16.54503250
v 38.94875336 37.95362091 13.02121258
v 43.88549423 29.38132286 15.79889488
v 38.94875336 31.51056290 24.55481529
v 43.88549423 22.50258064 24.31805611
v 43.88549423 26.30449486 20.35120773
v 38.94875336 26.92335129 29.34102631
v 43.88549423 18.08495331 27.58531570
v 47.84699631 17.59396362 18.74078369
v 47.84699631 20.52392006 15.68372059
v 44.72133636 13.98870277 28.22300339
v 45.00580597 13.23328590 28.02721786
v 47.84699631 10.40848541 23.16505814
v 45.24005890 12.44434929 27.91533279
v 45.42842865 11.63636875 27.87330246
v 45.57519150 10.81855488 27.88952637
v 45.68385315 9.99741554 27.95504379
v 45.80963135 7.54729033 28.38282204
v 45.79199600 6.74206352 28.58695030
v 45.46188354 3.60758376 29.63246727
v 45.58129501 4.37651920 29.34088516
v 44.96553421 1.36967087 30.60908699
v 44.26765060 -0.74600852 31.72636604
v 43.98992157 -1.41711247 32.13022995
v 45.44293213 -12.41163254 26.53492928
v 47.84699631 -10.13948631 22.29219055
v 46.92625809 -12.01921272 23.52824020
v 48.23783875 -11.67381382 20.39819336
v 43.68878555 -2.06720257 32.55128098
v 43.36312103 -2.69229984 32.99148560
v 43.01136017 -3.28640604 33.45379639
v 42.63112259 -3.84059358 33.94275284
v 42.21945953 -4.33865690 34.46480179
v 40.79154205 -5.05218077 36.30702972
v 33.14929199 -4.60141087 44.52313995
v 33.34230042 -8.32232189 43.71712112
v 39.53140640 -1.02723765 38.33814240
v 39.59180450 -1.84609640 38.21094513
v 39.68437958 -2.65109944 38.02776337
v 39.49448013 -0.20121218 38.41944504
v 39.47856522 2.29036736 38.44212723
v 28.06211853 -5.27108431 48.32144547
v 26.61930656 3.20779705 49.61918640
v 39.56073761 4.76767778 38.18607330
v 19.50763893 3.36250401 53.26110458
v 19.50763893 12.33113003 52.11262894
v 39.72293854 7.20091105 37.67471313
v 38.94875336 9.33467960 38.20904922
v 39.65998459 6.39673853 37.87331009
v 39.79539871 7.99728537 37.44730759
v 39.87800217 8.78356171 37.19066238
v 38.94875336 15.67359161 36.26777649
v 40.19671249 11.06272697 36.23680878
v 26.61930656 11.56316185 48.54924011
v 11.97639275 12.84309959 54.48817062
v 33.14929199 17.83629799 41.64987946
v 40.48334885 12.48911190 35.43474579
v 40.73330688 13.43275738 34.77792740
v 26.61930656 19.61751938 46.08261871
v 45.69300842 9.91400051 -27.96386337
v 45.58931732 10.72620010 -27.89448929
v 11.97639275 12.84309959 -54.48817062
v 11.97639275 21.88273048 -51.71981430
v 39.70220947 6.94962597 -37.74002838
v 39.64269638 6.15152216 -37.92792511
v 39.59186172 5.34660578 -38.08827591
v 33.14929199 3.00504565 -44.84625626
v 19.50763893 3.36250401 -53.26110458
v 26.61930656 3.20779705 -49.61918640
v 39.49094772 2.90341115 -38.40339279
v 41.82902527 -4.70733738 -34.95816803
v 42.26694107 -4.28646469 -34.40484238
v 40.86275101 -5.06780148 -36.21063614
v 28.06485367 -5.27311945 -48.31714630
v 39.54169083 -1.19780660 -38.31589890
v 39.70598602 -2.79863286 -37.98656845
v 39.60700989 -2.00593591 -38.17986679
v 39.85406876 -3.56150460 -37.71848297
v 33.34100723 -8.32145405 -43.71604919
v 40.07739639 -4.25903797 -37.34749985
v 43.71023560 -2.02324963 -32.52177811
v 45.15438461 2.10688734 -30.26588821
v 44.96852112 1.38069701 -30.60381889
v 47.84699631 -6.21041775 -23.87101936
v 44.00667572 -1.37869501 -32.10634232
v 44.53150940 -0.03091300 -31.32467651
v 44.28023911 -0.71365666 -31.70764160
v 44.76089478 0.66766822 -30.95679855
v 45.31821442 2.84515166 -29.94355011
v 45.57838821 4.35554552 -29.34852600
v 45.45972061 3.59503078 -29.63740158
v 45.74447250 5.90605879 -28.82795525
v 45.67356873 5.12617731 -29.07815933
v 45.80934525 7.49113607 -28.39608383
v 45.80078506 8.29395866 -28.21965599
v 45.79012680 6.69469547 -28.59979439
v 45.44871140 11.53622246 -27.87221718
v 45.26782608 12.33732605 -27.90583992
v 44.44332886 14.57675266 -28.46200562
v 43.88549423 26.30449486 -20.35120773
v 47.84699631 20.52392006 -15.68372059
v 43.88549423 22.50258064 -24.31805611
v 44.06529617 15.19511127 -28.84858704
v 38.94875336 37.95362091 -13.02121258
v 43.88549423 31.64454651 -10.79207516
v 38.94875336 26.92335129 -29.34102631
v 19.50763893 36.31999969 -40.01769257
v 26.61930656 33.91170502 -37.28134155
v 19.50763893 29.05036926 -45.39428329
v 26.61930656 39.74031830 -31.19987679
v 11.97639275 44.46710968 -35.01649475
v -3.65252638 38.60499573 -42.60559082
v 4.19723177 13.08739853 -55.62172318
v 11.97639275 30.32448196 -47.46357346
v 38.94875336 40.18633270 0.00000000
v 43.88549423 33.49503326 0.00000000
v 38.94875336 39.62411118 -6.60562181
v 19.50764084 54.40913773 0.00000000
v 19.50763893 53.64233398 -9.00928783
v 11.97639275 53.65525818 -18.56895447
v 40.47671890 12.45680046 -35.45397186
v 40.30171967 11.64140034 -35.93549347
v 2.95519280 9.24390602 -56.37832260
v 9.56247616 5.42181921 -56.07305527
v 16.04254723 1.67569280 54.59296036
v 26.61930656 27.13916206 42.29028702
v 33.14929199 24.63442421 38.22233582
v 26.61930656 33.91170502 37.28134155
v 11.97639275 56.03746796 9.41997433
v 26.61930656 50.04956436 -8.39324570
v 26.61930656 50.76393509 0.00000000
v 40.87178421 13.86490440 -34.43030548
v 40.67653275 13.23746204 -34.92401123
v 33.14929199 24.63442421 -38.22233582
v 16.04924583 1.67205226 -54.58946228
v 22.25698662 -1.91620278 51.98184586
v 41.03232574 14.29957581 34.04092789
v 41.88334274 15.72339249 32.19681931
v 42.25024414 15.99613190 31.50336075
v 38.94875336 21.59324837 33.28314972
v 33.14929199 30.75551033 33.69520569
v 19.50763893 53.64233398 9.00928783
v 33.14929199 45.98670197 0.00000000
v 33.14929199 45.34104919 -7.58588934
v 26.61930656 27.13916206 -42.29028702
v 22.26214027 -1.91963959 -51.97692108
v 40.33134079 11.78756905 35.85342026
v 41.56104279 15.33163357 32.85419464
v 26.61930656 50.04956436 8.39324570
v 43.88549423 33.02906036 -5.47478724
v 47.84699631 26.06533241 0.00000000
v 33.14929199 43.42266083 -14.95354652
v 41.63467026 15.43449783 -32.70012283
v 41.34636688 14.97749043 -33.31928635
v 41.09371567 14.44889736 -33.89580154
v 39.93791580 9.29150105 -37.00669861
v 43.10524368 16.03903580 30.09577179
v 43.55933762 15.75842953 29.46140671
v 43.99293900 15.29241467 28.93010521
v 33.14929199 45.34104919 7.58588934
v 52.50736237 9.68108463 0.00000000
v 53.09999847 1.10000002 0.00000000
v 52.50736237 9.55765438 -1.45021045
v 38.94875336 21.59324837 -33.28314972
v 41.96361542 15.79719448 -32.04049301
v 39.77083206 7.74003363 -37.52421951
v 39.47089386 1.26079261 -38.46942139
v 39.52418900 3.94534039 38.30023956
v 40.07735825 10.31842613 36.58660126
v 42.66086578 16.11293030 30.79221725
v 38.94875336 39.62411118 6.60562181
v 47.84699631 25.70622826 -4.21916151
v 42.75101852 16.11400032 -30.64497757
v 42.33638763 16.03616714 -31.34870911
v 39.84912872 8.52116776 -37.28001404
v 39.47561646 2.08273935 -38.45154190
v 39.82365799 -3.42902470 37.77211380
v 39.49660492 3.11917138 38.38584900
v 39.97157669 9.55780983 36.90418625
v 41.27905273 14.84980106 33.46947861
v 44.38352966 14.68695164 28.51887703
v 43.88549423 31.64454651 10.79207516
v 43.88549423 33.02906036 5.47478724
v 50.74295425 17.82252693 -2.86736512
v 50.74295425 18.06657410 0.00000000
v 47.84699631 22.89508629 -12.17546654
v 47.84699631 24.63924789 -8.31694603
v 43.19467163 15.99944782 -29.96492958
v 43.64249802 15.68492317 -29.35356712
v 45.44895935 -12.40868568 -26.52284431
v 43.81106186 -12.84477234 -29.37577629
v 47.84699631 14.18950558 21.25870705
v 47.84699631 22.89508629 12.17546654
v 47.84699631 24.63924789 8.31694603
v 47.84699631 25.70622826 4.21916151
v 50.74295425 17.09740067 -5.65224123
v 50.74295425 15.91205978 -8.27451324
v 50.74295425 9.99569893 -14.44753265
v 50.74295425 14.30060196 -10.65874195
v 50.74295425 12.30938721 -12.73633766
v 47.84699631 -10.13948631 -22.29219055
v 48.22078705 -11.67528820 -20.42946434
v 46.91886902 -12.01885796 -23.54073906
v 50.74295425 -8.98888874 13.64107704
v 49.35649872 -11.37859631 17.18254852
v 50.74295425 -1.05505741 16.82915306
v 50.74295425 1.82008183 16.95128822
v 50.74295425 4.67450571 16.58576393
v 50.74295425 15.91205978 8.27451324
v 50.74295425 7.42609739 15.74309826
v 50.74295425 9.99569893 14.44753265
v 50.74295425 17.09740067 5.65224123
v 50.74295425 12.30938721 12.73633766
v 50.74295425 14.30060196 10.65874195
v 50.74295425 17.82252693 2.86736512
v 52.50736237 9.19091129 -2.85870099
v 52.50736237 8.59140873 -4.18495178
v 52.50736237 4.29951334 -7.96229458
v 52.50736237 2.90785670 -8.38848495
v 52.50736237 7.77639103 -5.39080954
v 52.50736237 6.76930618 -6.44158316
v 52.50736237 5.59912539 -7.30704403
v 49.35471344 -11.37797832 -17.18901634
v 50.74295425 -8.98888874 -13.64107704
v 50.28069687 -11.13321209 -13.88327789
v 52.50736237 -4.00259781 -6.89916801
v 52.50736237 -2.76323676 -7.66227293
v 51.01585388 -10.93829632 -10.48487091
v 52.50736237 -5.09516668 -5.93758631
v 52.50736237 -6.71932936 3.53455973
v 51.86423111 -10.71139908 3.55021572
v 52.50736237 -7.20419884 2.16224527
v 52.50736237 -4.00259781 6.89916801
v 52.50736237 -2.76323676 7.66227293
v 52.50736237 -1.41273713 8.20494843
v 52.50736237 0.01004927 8.51158237
v 52.50736237 1.46419156 8.57335377
v 52.50736237 2.90785670 8.38848495
v 52.50736237 4.29951334 7.96229458
v 52.50736237 5.59912539 7.30704403
v 52.50736237 9.19091129 2.85870099
v 52.50736237 6.76930618 6.44158316
v 52.50736237 7.77639103 5.39080954
v 52.50736237 8.59140873 4.18495178
v 52.50736237 9.55765438 1.45021045
v 52.50736237 -7.20419884 -2.16224527
v 51.97740936 -10.67992306 -0.00000000
v 52.50736237 -6.00951195 -4.80519152
v 52.50736237 -6.71932936 -3.53455973
v 51.54831314 -10.79650307 -7.02575827
v 51.86619186 -10.71110630 -3.53790450
v -48.82827759 42.10436630 -33.10343933
v -54.38120651 42.27970505 -32.18669891
v -57.69163895 44.18987656 -29.13469505
v -30.99349022 44.31484222 -32.69229889
v -48.82827759 47.10856247 -25.69840050
v -48.82827759 53.04125214 -8.90518093
v -26.22965240 52.59193420 -18.19100189
v -48.82827759 50.78948212 -17.55423546
v -30.30369186 44.63093567 -32.37185669
v -29.58599854 44.91392899 -32.09498215
v -33.91231537 42.32377625 -34.77725601
v -33.40511703 42.77136993 -34.30851746
v -66.22899628 49.11629868 -18.31628227
v -63.67388153 47.64191437 -22.22072983
v -28.06562614 45.37255859 -31.69157219
v -28.84057426 45.16200638 -31.86626053
v -26.22965240 48.77749252 -26.63059235
v -26.22965240 54.92538452 -9.22821045
v -36.13238907 38.58800125 -38.50967407
v -36.19360733 37.99025726 -39.07557678
v -47.32431793 38.20820618 -37.58738708
v -48.82827759 53.79910660 0.00000001
v -35.70112991 36.23241425 -40.71877670
v -39.84751892 33.89501190 -42.18106079
v -43.63283920 36.07859039 -39.97422409
v -70.03240967 51.31105423 -9.61967945
v -68.37808990 50.35631180 -14.11749458
v -22.31256294 44.53118134 -33.69050980
v -22.66313362 44.95850372 -33.07897568
v -71.08317566 51.91736984 -4.88591290
v -23.18514061 45.29973984 -32.54122925
v -48.82827759 53.04125214 8.90518093
v -26.22965240 54.92538452 9.22821045
v -26.22965240 55.71072769 0.00000001
v -71.44600677 52.12677383 -0.00956525
v -23.40767288 40.86756134 -37.80027771
v -23.01733017 41.38859177 -37.29695892
v -26.22965240 52.59193420 18.19100189
v -26.22965240 37.18391800 -40.99124908
v -26.52972984 37.95983124 -40.25842667
v -25.93655777 38.41069031 -39.91398239
v -48.82827759 50.78948212 17.55423546
v -25.36969376 38.87633133 -39.54431152
v -71.08589935 51.91889191 4.86807394
v -70.03585815 51.31304550 9.60800552
v -24.13486862 24.83491898 -49.39328766
v -28.13705826 27.14141655 -47.80758667
v -26.22965240 29.73823357 -46.49928284
v -68.38246155 50.35876846 14.10775471
v -48.82827759 47.10856247 25.69840050
v -26.22965240 48.77749252 26.63059235
v -20.09690094 22.50833511 -50.84812927
v -66.23080444 49.11730576 18.31321907
v -16.02573395 20.16477203 -52.17906570
v -23.29718018 45.35147858 32.45358658
v -11.92687988 17.80754662 -53.39218903
v -22.74531174 45.02681351 32.97581863
v -22.36178970 44.61149216 33.57946396
v -7.80201817 15.43942547 -54.49298859
v -28.76475906 45.18482590 31.84619141
v -27.98481560 45.39196014 31.67680931
v -26.22965240 37.18391800 40.99124908
v -25.33877754 38.90281296 39.52283478
v -30.94187737 44.34012604 32.66632080
v -30.24553299 44.65557480 32.34722900
v -29.51913452 44.93808365 32.07197571
v -35.77005005 39.76946640 37.36775208
v -47.35214233 38.22422409 37.56843185
v -35.98359299 39.19668961 37.92569733
v -36.15947723 37.39889526 39.62947845
v -36.19282532 38.00315475 39.06349182
v -43.65557098 36.09099579 39.96071243
v -48.82827759 42.10436630 33.10343933
v -50.93627930 40.29209900 34.98139572
v -34.78385162 41.38127518 35.75137329
v -28.14719009 27.14724541 47.80333328
v -26.22965240 29.73823357 46.49928284
v -32.10439301 29.42875862 46.07896042
v -36.02236938 31.68817902 44.20066071
v -33.81668472 35.20860672 41.78936768
v -39.87200928 33.90807343 42.16836548
v -32.18585968 35.27394485 41.91856766
v -33.00367355 35.17955017 41.90378952
v -20.09779167 22.50955772 50.84752655
v -24.13593292 24.83576202 49.39282990
v -16.01739502 20.16043663 52.18154526
v -7.79670906 15.43635082 54.49434280
v -11.91649628 17.80154419 53.39511871
v -50.91781235 40.28139496 -34.99554062
v -35.50547028 40.30727005 -36.83613968
v -35.77871704 39.74954224 -37.38731003
v -22.10898018 43.52595901 -34.97737503
v -22.13478088 44.04536438 -34.33383942
v -36.00149155 31.67681503 -44.21097946
v -33.82308578 35.20981979 -41.78766632
v -33.01254654 35.17974854 -41.90262985
v -22.40316391 42.45522308 -36.19611359
v -22.20700455 42.99185944 -35.60146332
v -22.67846870 41.91907883 -36.76196289
v -35.99030685 39.17607117 -37.94552612
v -29.88273621 36.00337219 -41.57714462
v -24.31869888 39.85065079 -38.72480774
v -23.84264565 40.35538101 -38.27512360
v -36.15843964 37.38656235 -39.64075851
v -24.83054543 39.35567093 -39.14900589
v -27.14896393 37.52490616 -40.57781219
v -36.00359344 36.79314804 -40.19367218
v -28.46944237 36.70962524 -41.13948822
v -29.16459846 36.34030914 -41.37534332
v -27.79576874 37.10692978 -40.87217331
v -35.22599030 35.74854279 -41.18440628
v -34.58244705 35.39667511 -41.54957962
v -30.62781715 35.70467758 -41.74091339
v -31.40332603 35.45460510 -41.85906219
v -32.09391785 29.42280197 -46.08376312
v -32.19850540 35.27237701 -41.91844940
v -35.17952347 40.84186172 -36.30010605
v -34.80408478 41.35582733 -35.77780151
v -34.38183975 41.84911728 -35.27043915
v -32.85664749 43.19646454 -33.86132431
v -32.26995850 43.59680176 -33.44005966
v -31.64793205 43.97029495 -33.04895020
v -27.26926804 45.53914261 -31.58046722
v -26.45720673 45.65484238 -31.54313660
v -24.06942368 45.58884811 -32.00698090
v -24.83686447 45.69256592 -31.74243546
v -23.37650871 45.38470078 -32.39592361
v -60.80725098 45.98776245 25.81909752
v -63.67364120 47.64180374 22.22094536
v -22.15387917 44.13215637 34.22223282
v -31.60071754 43.99682617 33.02139282
v -23.98088074 45.57002640 32.04698944
v -27.18613815 45.55368423 31.57275009
v -26.37047005 45.66376877 31.54401970
v -24.74525070 45.68565369 31.76651382
v -25.55168724 45.71206665 31.60333252
v -57.69618607 44.19253540 29.13020325
v -32.81585312 43.22624207 33.83016586
v -32.22540283 43.62543106 33.41017151
v -33.88307571 42.35118103 34.74840546
v -34.35545349 41.87759018 35.24053574
v -33.37061691 42.79993057 34.27859497
v -35.16455460 40.86418152 36.27743530
v -35.49412918 40.32763672 36.81583786
v -36.12857437 38.60741043 38.49132156
v -35.70410538 36.23732376 40.71424866
v -36.00619125 36.80112076 40.18632126
v -30.61359978 35.70966339 41.73838806
v -31.38822174 35.45857239 41.85749435
v -35.22850800 35.75151443 41.18179321
v -34.58290100 35.39659500 41.54973221
v -29.86607170 36.01031876 41.57318878
v -27.12837982 37.53873444 40.56783676
v -27.77358437 37.12058258 40.86276245
v -29.14357758 36.35076904 41.36883926
v -28.44382668 36.72397614 41.13006973
v -25.91097260 38.43095779 39.89817429
v -26.50769997 37.97594070 40.24633408
v -24.79776382 39.38615417 39.12331390
v -23.81657791 40.38456345 38.24856186
v -24.28986168 39.87987518 38.69924545
v -22.98990250 41.42848206 37.25748444
v -23.38187408 40.90011597 37.76938248
v -22.65398026 41.96182632 36.71778870
v -22.19459343 43.03929138 35.54729462
v -22.38438225 42.49872971 36.14893723
v -22.10620499 43.57527161 34.91778946
v -54.39229202 42.28621292 32.17708588
v -60.80796051 45.98807526 -25.81827927
v -25.64284897 45.70983887 -31.59224510
v -8.03804779 14.93396664 54.51377106
v -3.90252638 12.54632187 55.50443649
v -20.31187248 22.02026176 50.87496185
v -16.24756050 19.67373085 52.20377350
v -12.15467358 17.31070137 53.41512680
v -32.32225418 28.95445824 46.10755157
v -28.35310745 26.66287231 47.83576202
v -24.34498024 24.34877777 49.42292786
v -40.08300018 33.43512726 42.20380783
v -43.87100601 35.62213516 39.99616241
v -36.23476028 31.21334648 44.23380280
v -54.62819290 41.83280182 32.20480728
v -51.16393280 39.83271027 35.01356125
v -47.56489182 37.75480270 37.60822678
v -63.92856979 47.20237350 22.23326302
v -61.05863571 45.54541779 25.83488274
v -57.94273376 43.74645233 29.14995956
v -68.63851166 49.92166138 14.11997604
v -70.29505157 50.87806320 9.61472225
v -66.48342133 48.67741776 18.33022881
v -71.34545135 51.48451614 -4.87557316
v -71.70658112 51.69301224 -0.00025692
v -71.34558868 51.48459244 4.87477160
v -68.63552094 49.91993332 -14.12704372
v -70.29472351 50.87787628 -9.61599159
v -61.04756165 45.53902435 -25.84750938
v -66.47550964 48.67285156 -18.34328461
v -63.91452408 47.19426346 -22.25289345
v -51.15915680 39.82994843 -35.01698685
v -54.63056564 41.83416748 -32.20290756
v -57.93717957 43.74324417 -29.15526581
v -43.86291122 35.61746216 -40.00083923
v -47.56655502 37.75576019 -37.60743713
v -40.08565903 33.43666458 -42.20210266
v -36.23109055 31.21122742 -44.23590851
v -32.31158829 28.94830132 -46.11292267
v -28.34888077 26.66043091 -47.83779144
v -24.35263062 24.35319519 -49.42010498
v -20.31656837 22.02297401 -50.87332153
v -16.25055313 19.67545891 -52.20222092
v -12.15818596 17.31272888 -53.41336060
v -8.03947735 14.93479156 -54.51305771
v -3.90252638 12.54632187 -55.50443649
v 2.64363313 8.76689529 -56.38726807
v 21.97131729 -2.39194870 -51.99610138
v 15.75238132 1.19855595 -54.60633087
v 9.25997734 4.94694710 -56.08646393
v 33.06775665 -8.79848099 -43.72863388
v 27.78473663 -5.74832726 -48.33363724
v 37.72526932 -11.48749638 -38.30661011
v 41.69123840 -13.77724934 -32.18952560
v 41.69661713 -13.78035450 32.17993164
v 37.74107361 -11.49662113 38.28488159
v 22.00461960 -2.41117501 51.97826385
v 27.81110573 -5.76355219 48.31311417
v 33.08943558 -8.81099796 43.70604324
v 2.67528176 8.74862289 56.38862991
v 9.29041290 4.92937517 56.08221817
v 15.78565407 1.17934632 54.59531784
v 50.36365891 -18.78427505 0.00000000
v 50.03611755 -17.98924637 8.48867798
v 49.78002548 -18.44731331 8.51479626
v 45.32580566 -15.87566853 24.74497986
v 45.61463165 -15.42606640 24.67151642
v 48.06669617 -17.45812225 16.82174873
v 48.33347321 -17.00284195 16.76863861
v 50.61781311 -18.32576561 -0.00000000
v 45.32621765 -15.87590694 -24.74471474
v 45.61563873 -15.42652607 -24.67588997
v 48.07087708 -17.46053505 -16.80807114
v 48.34016418 -17.00651932 -16.76452637
v 50.03844833 -17.99027252 -8.48701000
v 49.78123474 -18.44801140 -8.50681400
v -28.16925049 44.84464645 -31.93623734
v -34.25951004 34.10430908 -32.13400650
v -28.92778397 44.58110809 -32.12141418
v -23.39077377 45.05381393 -32.64975357
v -30.83084106 32.12476730 -32.99421310
v -23.56506729 45.12800217 -32.51926804
v -34.95052719 34.50326920 -32.42187881
v -29.65813637 44.27952576 -32.35810089
v -35.58257294 34.86817932 -32.85407257
v -30.36195374 43.94196701 -32.64116669
v -36.13328934 35.18613815 -33.41527176
v -31.03304863 43.57337189 -32.96315765
v -32.27465057 42.74841309 -33.70926666
v -31.67083549 43.17511368 -33.32030869
v -32.84083176 42.29608154 -34.12513351
v -36.58321762 35.44590378 -34.08559799
v -33.36637115 41.82048798 -34.56372452
v -36.91645813 35.63830185 -34.84133530
v -37.12123108 35.75652695 -35.65573502
v -33.85250473 41.31945801 -35.02504730
v -34.68572998 40.25720978 -35.99474716
v -34.29301834 40.79804993 -35.50276947
v -35.02828598 39.69678116 -36.50000000
v -37.19013977 35.79631042 -36.50000000
v -33.53395462 33.68540955 -32.00067902
v -27.38548660 45.06504059 -31.81052589
v -26.58660126 45.23295975 -31.75617027
v -32.79953003 33.26139069 -32.02666473
v -24.99073982 45.36770248 -31.91272926
v -25.78495979 45.33792114 -31.78542328
v -32.07923889 32.84553146 -32.21226501
v -24.23715591 45.30327988 -32.15428543
v -31.42494392 32.46777344 -32.53645325
v -29.60601616 31.41761589 -34.99243927
v -29.90547562 31.59050751 -34.24351501
v -22.45312309 43.73985672 -34.42937469
v -22.87915611 44.70652390 -33.18883514
v -30.31842422 31.82892418 -33.56974792
v -23.61440468 40.98056030 -37.17647552
v -29.38255882 31.28860092 -36.61491013
v -23.23382187 41.52675247 -36.69295120
v -22.65644455 42.63777924 -35.62707901
v -29.42974663 31.31584549 -35.79181671
v -25.53976440 38.88977432 -38.82619858
v -26.09851265 38.39551163 -39.17410278
v -30.00958633 31.65061569 -38.95253754
v -29.46603966 31.33679962 -37.43417358
v -24.50798035 39.91444016 -38.05503082
v -29.67740440 31.45882988 -38.22217560
v -27.92645645 37.00125504 -40.07102203
v -28.58432579 36.57345200 -40.31910706
v -30.98828888 32.21567154 -40.14524841
v -30.45147514 31.90574074 -39.60079956
v -26.68316269 37.91484833 -39.49763489
v -27.29260445 37.44942093 -39.79676819
v -29.97571373 35.79578781 -40.72765732
v -32.27225494 32.95696640 -40.85382080
v -31.60206223 32.57003403 -40.56764221
v -29.26710510 36.16972351 -40.53911591
v -32.26840591 34.95684433 -41.03597641
v -32.97642517 33.36352158 -40.99417877
v -31.47607231 35.17358780 -40.98674774
v -30.71146393 35.45980453 -40.87951660
v -34.39203644 34.18082428 -40.82357407
v -33.69099426 33.77607727 -40.98399353
v -33.89112854 34.87281036 -40.86432648
v -33.08274460 34.84088516 -41.00562286
v -35.19353104 35.52527618 -40.16800308
v -35.55067825 36.07450867 -39.67361450
v -35.66079330 34.91334152 -40.07829285
v -35.05605316 34.56419373 -40.51827621
v -34.62699890 35.10122299 -40.58246231
v -35.72707367 36.67905807 -39.14554214
v -36.61399460 35.46367264 -38.85714340
v -36.18598175 35.21656036 -39.51833344
v -35.31426239 39.12104034 -37.01380539
v -37.12475204 35.75855637 -37.32226562
v -35.53971481 38.52758789 -37.53785324
v -36.93046570 35.64638901 -38.11685562
v -22.49472618 43.19416428 -35.04342270
v -35.69442368 37.91926956 -38.06994247
v -35.76401520 37.30016327 -38.60758972
v -25.00881577 39.39630127 -38.45354843
v -24.04158783 40.44268417 -37.62995911
v -22.90955734 42.08032227 -36.17681122
v -22.56903267 44.25506210 -33.79989243
v -31.20932007 31.77600861 -33.52017212
v -36.33916855 34.73772812 -38.85715103
v -31.79615974 32.11482239 -33.02805328
v -36.70308304 34.94783401 -34.87075424
v -36.34023666 34.73834610 -34.14450836
v -35.26758194 34.11904526 -33.02875519
v -35.85419464 34.45772934 -33.52093124
v -34.60506821 33.73654556 -32.68799591
v -36.92704391 35.07714081 -35.66611099
v -33.89539719 33.32681656 -32.51358795
v -37.00288010 35.12092209 -36.50000000
v -32.45861435 32.49729156 -32.68754578
v -36.70240402 34.94744110 -38.13112640
v -36.92710495 35.07717133 -37.33309937
v -33.16938782 32.90765381 -32.51332855
v -35.26652527 34.11843872 -39.97190857
v -35.85345459 34.45730209 -39.47971725
v -30.72366905 31.49561691 -34.14261246
v -30.13572311 31.15616798 -35.66630936
v -34.60397339 33.73591232 -40.31243515
v -30.36046028 31.28591919 -34.86846542
v -30.13546944 31.15602112 -37.33194733
v -30.35945129 31.28533745 -38.12885284
v -32.45738602 32.49657822 -40.31185532
v -30.05983734 31.11235428 -36.49902725
v -33.16709137 32.90633011 -40.48633575
v -33.89315414 33.32552338 -40.48663712
v -31.20823860 31.77538490 -39.47872162
v -31.79484940 32.11406326 -39.97100449
v -30.72222519 31.49478340 -38.85503006
v -24.86978722 39.53570175 38.34814453
v -29.90547562 31.59050751 38.75648499
v -25.39948273 39.01981354 38.73213959
v -23.12274361 41.70362091 36.53114319
v -22.81608772 42.26543808 35.99797058
v -29.38255882 31.28860092 36.38508987
v -29.60601616 31.41761589 38.00756073
v -29.42974663 31.31584549 37.20818329
v -23.49145699 41.14818954 37.03071976
v -23.91082382 40.60055161 37.49920273
v -24.37207413 40.06300354 37.93754578
v -22.58826637 42.83031464 35.42956543
v -29.46603966 31.33679962 35.56582642
v -25.95837784 38.51608658 39.09070206
v -30.31842422 31.82892418 39.43025208
v -26.54417992 38.02600861 39.42416000
v -22.46332169 43.39100266 34.82741547
v -27.15559006 37.55109787 39.73265839
v -29.67740440 31.45882988 34.77782440
v -30.83084106 32.12476730 40.00578690
v -22.48090553 43.96750641 34.15815735
v -27.79178619 37.09352875 40.01572037
v -30.00958633 31.65061569 34.04746246
v -28.45284462 36.65599442 40.27236938
v -22.69202995 44.48390961 33.49897385
v -30.45147514 31.90574074 33.39920044
v -31.42494392 32.46777344 40.46354675
v -23.12430954 44.90420532 32.89247894
v -29.13920784 36.24235153 40.50067139
v -29.85187340 35.85787201 40.69748306
v -30.98828888 32.21567154 32.85475159
v -32.07923889 32.84553146 40.78773499
v -23.75723648 45.19276810 32.39627075
v -30.59203720 35.51052475 40.85783386
v -31.60206223 32.57003403 32.43235779
v -24.52349854 45.34010315 32.04634857
v -31.36131096 35.21257401 40.97383499
v -32.79953003 33.26139069 40.97333527
v -32.15952301 34.98233795 41.03253555
v -34.25951004 34.10430908 40.86599350
v -32.98092270 34.84994125 41.01353455
v -33.53395462 33.68540955 40.99932098
v -35.15276718 35.48057938 40.20927429
v -35.58257294 34.86817932 40.14592743
v -35.53222275 36.02933121 39.71315384
v -33.80224991 34.86124802 40.88600159
v -34.55915833 35.06928253 40.61699677
v -35.72142029 36.64007187 39.17927551
v -36.58321762 35.44590378 38.91440201
v -35.76540756 37.26905060 38.63447952
v -36.13328934 35.18613815 39.58472824
v -36.91645813 35.63830185 38.15866470
v -35.69898987 37.89609528 38.09019089
v -37.12123108 35.75652695 37.34426498
v -35.54459763 38.51286316 37.55087280
v -35.31763458 39.11371613 37.02030945
v -37.19013977 35.79631042 36.50000000
v -35.02820587 39.69675446 36.50001144
v -34.95052719 34.50326920 40.57812119
v -25.35468102 45.36413193 31.84101295
v -32.27225494 32.95696640 32.14617920
v -32.97642517 33.36352158 32.00582123
v -26.20446396 45.29132843 31.75926781
v -27.04835510 45.14270782 31.77866745
v -33.69099426 33.77607727 32.01600647
v -34.39203644 34.18082428 32.17642593
v -27.87334442 44.93420792 31.88105392
v -28.67266846 44.67552948 32.05253220
v -35.05605316 34.56419373 32.48172379
v -30.17797661 44.03480911 32.56198883
v -29.44117355 44.37408829 32.28203201
v -35.66079330 34.91334152 32.92170715
v -30.87922287 43.66216660 32.88478470
v -31.54418182 43.25836563 33.24530411
v -36.18598175 35.21656036 33.48166656
v -36.61399460 35.46367264 34.14285660
v -32.17101669 42.82572556 33.63872910
v -32.75876617 42.36539078 34.06151581
v -33.30466461 41.87944412 34.50912094
v -33.80767822 41.36828995 34.97940063
v -36.93046570 35.64638901 34.88314438
v -34.26492691 40.83351898 35.46964264
v -37.12475204 35.75855637 35.67773438
v -34.67311478 40.27615738 35.97734833
v -31.20932007 31.77600861 39.47982788
v -36.33916855 34.73772812 34.14284897
v -31.79615974 32.11482239 39.97194672
v -36.70308304 34.94783401 38.12924576
v -36.34023666 34.73834610 38.85549164
v -35.26758194 34.11904526 39.97124481
v -35.85419464 34.45772934 39.47906876
v -34.60506821 33.73654556 40.31200409
v -36.92704391 35.07714081 37.33388901
v -33.89539719 33.32681656 40.48641205
v -37.00288010 35.12092209 36.50000000
v -32.45861435 32.49729156 40.31245422
v -36.70240402 34.94744110 34.86887360
v -36.92710495 35.07717133 35.66690063
v -33.16938782 32.90765381 40.48667145
v -35.26652527 34.11843872 33.02809143
v -35.85345459 34.45730209 33.52028275
v -30.72366905 31.49561691 38.85738754
v -30.13572311 31.15616798 37.33369064
v -34.60397339 33.73591232 32.68756485
v -30.36046028 31.28591919 38.13153458
v -30.13546944 31.15602112 35.66805267
v -30.35945129 31.28533745 34.87114716
v -32.45738602 32.49657822 32.68814468
v -30.05983734 31.11235428 36.50097275
v -33.16709137 32.90633011 32.51366425
v -33.89315414 33.32552338 32.51336288
v -31.20823860 31.77538490 33.52127838
v -31.79484940 32.11406326 33.02899551
v -30.72222519 31.49478340 34.14496994
v 35.43958282 -6.13647938 28.50582123
v 45.19628143 9.74623775 28.24425888
v 45.13563156 10.56968117 28.17087173
v 36.14375305 -6.54303265 28.64617920
v 45.22262192 8.92528725 28.35652542
v 45.21754456 8.10914803 28.50209618
v 45.03699493 11.39264393 28.14358711
v 36.81394577 -6.92996740 28.93235779
v 34.72500992 -5.72392130 28.51600838
v 45.18336105 7.29919004 28.67661095
v 44.89590073 12.20884514 28.17192078
v 45.12196732 6.49691296 28.87649155
v 37.42771912 -7.28432941 29.35475159
v 45.03491592 5.70312071 29.09893990
v 44.92340851 4.91824913 29.34175682
v 44.78845978 4.14301252 29.60308456
v 37.96453094 -7.59425879 29.89920044
v 44.63090134 3.37809920 29.88143921
v 38.40642166 -7.84938383 30.54746246
v 44.45135117 2.62404346 30.17572212
v 44.02793503 1.15138841 30.80908775
v 44.25026703 1.88154209 30.48510933
v 38.73860168 -8.04116917 31.27782440
v 43.51981354 -0.26732978 31.50020409
v 43.78449249 0.43473306 31.14735413
v 43.23364639 -0.95289350 31.86819649
v 38.94996643 -8.16320038 32.06582642
v 42.59358978 -2.26430368 32.65494156
v 42.92517853 -1.61986732 32.25252914
v 41.85330963 -3.46219754 33.52860641
v 42.23710632 -2.88126206 33.07869339
v 39.03344727 -8.21139812 32.88508987
v 41.43849564 -3.99233580 34.01240921
v 38.98625946 -8.18415451 33.70818329
v 38.80998993 -8.08238506 34.50756073
v 40.49885559 -4.74888992 35.13431931
v 38.51052856 -7.90949154 35.25648499
v 40.98806000 -4.44236946 34.54201889
v 39.99639511 -4.77448225 35.78410721
v 38.09758377 -7.67107630 35.93025208
v 39.33213043 -3.73702049 36.81753540
v 39.58516312 -4.39220142 36.38226700
v 37.58516693 -7.37523174 36.50578690
v 34.88205338 -5.81458998 37.49932098
v 39.13910675 1.94204903 37.63841248
v 39.10079956 1.11351836 37.64912033
v 35.61647797 -6.23861027 37.47333527
v 39.07491684 0.28514969 37.62802124
v 39.06442261 -0.54182309 37.57165527
v 34.15649796 -5.39568949 37.36599350
v 39.18788910 2.76871181 37.59813690
v 39.31244278 4.41370249 37.43415070
v 39.24588776 3.59279418 37.52976608
v 33.46547699 -4.99672937 37.07812119
v 39.38711166 5.23031139 37.31174088
v 32.83343506 -4.63181925 36.64592743
v 32.28271484 -4.31386185 36.08472824
v 39.76927185 8.43319893 36.55254745
v 39.56082916 6.84686470 36.98673630
v 39.46985245 6.04170418 37.16266251
v 31.49954987 -3.86169982 34.65866470
v 40.49118423 12.17318153 34.93968964
v 40.31792450 11.46155930 35.32838058
v 31.83278656 -4.05409479 35.41440201
v 40.01836014 9.97744370 36.00305176
v 41.13381577 14.10418606 33.54970551
v 40.89528275 13.49903107 34.05428314
v 31.29477692 -3.74347448 33.84426498
v 40.68157578 12.85407639 34.51727295
v 31.22586632 -3.70368862 33.00000000
v 41.40244675 14.65578270 32.99998093
v 40.16102982 10.72844124 35.68215561
v 39.88822937 9.21157742 36.29272842
v 39.66044235 7.64458656 36.78354645
v 39.07397461 -1.36509192 37.47465134
v 36.33676529 -6.65446854 37.28773499
v 39.11119461 -2.18025827 37.32835770
v 39.18912125 -2.97836137 37.11808014
v 36.99106216 -7.03222704 36.96354675
v 34.02397156 -5.31917620 28.67642403
v 44.70647812 13.00981426 28.26853752
v 44.46184540 13.78025055 28.45017433
v 33.35995483 -4.93580532 28.98172379
v 44.15495300 14.49373436 28.73765755
v 32.75521469 -4.58665752 29.42170906
v 32.23002625 -4.28344059 29.98166466
v 43.78196716 15.10507488 29.15282822
v 43.35268402 15.54781628 29.70276451
v 42.89855957 15.76216602 30.35826302
v 42.45963287 15.73555470 31.05836487
v 31.80201149 -4.03632641 30.64285469
v 31.48554230 -3.85361266 31.38314247
v 42.06154633 15.50837898 31.74764061
v 41.71052551 15.13452339 32.39783859
v 31.29125595 -3.74144197 32.17773438
v 37.20668793 -7.72399139 35.97982788
v 32.07683563 -4.76227093 30.64284897
v 36.61984634 -7.38517952 36.47194672
v 31.71292305 -4.55216503 34.62924576
v 32.07576752 -4.76165438 35.35549164
v 33.14842606 -5.38095284 36.47124481
v 32.56180954 -5.04227114 35.97906876
v 33.81093979 -5.76345634 36.81200409
v 31.48896027 -4.42286110 33.83388901
v 34.52061081 -6.17318344 36.98641205
v 31.41312599 -4.37907791 33.00000000
v 35.95738983 -7.00271034 36.81245422
v 31.71360397 -4.55255842 31.36887169
v 31.48890305 -4.42282724 32.16690063
v 35.24662018 -6.59234524 36.98667145
v 33.14948273 -5.38156223 29.52809143
v 32.56255341 -5.04269934 30.02028275
v 37.69233704 -8.00438213 35.35738754
v 38.28028488 -8.34383297 33.83369064
v 33.81203461 -5.76408720 29.18756294
v 38.05554581 -8.21408081 34.63153458
v 38.28053665 -8.34397888 32.16805267
v 38.05655670 -8.21466351 31.37114716
v 35.95862198 -7.00342083 29.18814468
v 38.35617065 -8.38764572 33.00097275
v 35.24891281 -6.59367037 29.01366425
v 34.52285004 -6.17447805 29.01336288
v 37.20776749 -7.72461605 30.02127647
v 36.62115860 -7.38593578 29.52899551
v 37.69378281 -8.00521564 30.64497185
v 39.85425186 8.99746132 -36.36753845
v 32.23002625 -4.28344059 -36.01833344
v 39.73880005 8.22030640 -36.61800766
v 32.75521469 -4.58665752 -36.57829285
v 39.98047638 9.76306534 -36.08777618
v 39.63305283 7.43309069 -36.84032440
v 39.53628540 6.63753128 -37.03523254
v 39.44793701 5.83493948 -37.20329666
v 33.35995483 -4.93580532 -37.01827621
v 39.36766434 5.02631378 -37.34489059
v 34.02397156 -5.31917620 -37.32357407
v 39.29534912 4.21257782 -37.46011353
v 39.17556000 2.57468128 -37.61016083
v 39.23118973 3.39529705 -37.54867935
v 34.72500992 -5.72392130 -37.48399353
v 39.09383392 0.92784643 -37.64722824
v 39.12933731 1.75184822 -37.64353561
v 39.07120514 0.10398068 -37.61880875
v 35.43958282 -6.13647938 -37.49417877
v 39.07921219 -1.53607500 -37.44848633
v 39.06462097 -0.71822828 -37.55453110
v 36.14375305 -6.54303265 -37.35382080
v 39.12334061 -2.34439445 -37.29119873
v 36.81394577 -6.92996740 -37.06764221
v 37.42771912 -7.28432941 -36.64524841
v 39.37079239 -3.87408543 -36.74548721
v 39.21150208 -3.13251710 -37.06656647
v 37.96453094 -7.59425879 -36.10079956
v 38.40642166 -7.84938383 -35.45253754
v 40.08440018 -4.79994822 -35.66543961
v 39.65011215 -4.48996830 -36.28171921
v 38.09758377 -7.67107630 -30.06974983
v 44.47306061 2.71001315 -30.14117050
v 38.51052856 -7.90949154 -30.74351311
v 38.94996643 -8.16320038 -33.93417358
v 41.51009369 -3.90864539 -33.92877579
v 41.06814575 -4.37353277 -34.44699478
v 44.80359650 4.22339344 -29.57501984
v 44.64922714 3.46130705 -29.85017967
v 45.18726730 7.36651993 -28.66105080
v 36.99106216 -7.03222704 -29.03645515
v 36.33676529 -6.65446854 -28.71226501
v 44.93550110 4.99552250 -29.31688499
v 37.58516693 -7.37523174 -29.49421310
v 45.04413605 5.77723312 -29.07719040
v 35.61647797 -6.23861027 -28.52666664
v 45.13058472 10.62130451 -28.16777229
v 45.19351578 9.80206013 -28.23805618
v 45.22208405 8.98508549 -28.34724426
v 45.21905518 8.17274284 -28.48966980
v 44.45032883 13.81126690 -28.45997620
v 44.69624329 13.04657936 -28.27517700
v 34.15649796 -5.39568949 -28.63400459
v 44.88722610 12.25097275 -28.17527008
v 45.03008652 11.43962383 -28.14367294
v 34.88205338 -5.81458998 -28.50068092
v 43.34142685 15.55624962 -29.71824074
v 32.28271484 -4.31386185 -29.91526985
v 31.83278656 -4.05409479 -30.58559799
v 44.14246368 14.51799011 -28.75058937
v 32.83343506 -4.63181925 -29.35407257
v 43.76955414 15.12131405 -29.16791916
v 31.49954987 -3.86169982 -31.34133339
v 42.45304489 15.73366356 -31.06922531
v 31.29477692 -3.74347448 -32.15573502
v 31.22586632 -3.70368862 -33.00000000
v 41.70871735 15.13243389 -32.40101242
v 42.05770874 15.50569534 -31.75434113
v 42.88925171 15.76422310 -30.37250137
v 41.40250778 14.65573215 -32.99996948
v 33.46547699 -4.99672937 -28.92187691
v 45.12846375 6.56773138 -28.85783577
v 44.05688477 1.24196649 -30.76779366
v 44.27556992 1.97015595 -30.44713783
v 43.81743622 0.52733624 -31.10246849
v 38.80998993 -8.08238506 -31.49243927
v 43.27522278 -0.85756612 -31.81547546
v 43.55695724 -0.17311472 -31.45155144
v 38.98625946 -8.18415451 -32.29181671
v 42.97164154 -1.52379251 -32.19528961
v 42.64530945 -2.16848230 -32.59276962
v 42.29462051 -2.78693151 -33.01081085
v 39.03344727 -8.21139812 -33.11491013
v 41.91729736 -3.37138963 -33.45381927
v 38.73860168 -8.04116917 -34.72217560
v 40.58784485 -4.71107721 -35.02420425
v 40.11870193 10.51474762 -35.77751160
v 31.80201149 -4.03632641 -35.35714340
v 40.27759933 11.28574753 -35.41838455
v 40.45438766 12.03347206 -35.02114487
v 31.48554230 -3.85361266 -34.61685562
v 40.65178680 12.75238991 -34.58336258
v 40.87104416 13.43919277 -34.10406876
v 41.12110901 14.07403660 -33.57641602
v 31.29125595 -3.74144197 -33.82226562
v 37.20668793 -7.72399139 -30.02017212
v 32.07683563 -4.76227093 -35.35715103
v 36.61984634 -7.38517952 -29.52805519
v 31.71292305 -4.55216503 -31.37075424
v 32.07576752 -4.76165438 -30.64451027
v 33.14842606 -5.38095284 -29.52875519
v 32.56180954 -5.04227114 -30.02092934
v 33.81093979 -5.76345634 -29.18799591
v 31.48896027 -4.42286110 -32.16611099
v 34.52061081 -6.17318344 -29.01358604
v 31.41312599 -4.37907791 -33.00000000
v 35.95738983 -7.00271034 -29.18754578
v 31.71360397 -4.55255842 -34.63112640
v 31.48890305 -4.42282724 -33.83309937
v 35.24662018 -6.59234524 -29.01332855
v 33.14948273 -5.38156223 -36.47190857
v 32.56255341 -5.04269934 -35.97971725
v 37.69233704 -8.00438213 -30.64261436
v 38.28028488 -8.34383297 -32.16630936
v 33.81203461 -5.76408720 -36.81243515
v 38.05554581 -8.21408081 -31.36846733
v 38.28053665 -8.34397888 -33.83194733
v 38.05655670 -8.21466351 -34.62885284
v 35.95862198 -7.00342083 -36.81185532
v 38.35617065 -8.38764572 -32.99902725
v 35.24891281 -6.59367037 -36.98633575
v 34.52285004 -6.17447805 -36.98663712
v 37.20776749 -7.72461605 -35.97872162
v 36.62115860 -7.38593578 -36.47100449
v 37.69378281 -8.00521564 -35.35503006
v 17.60002708 0.12847026 53.63743591
v -4.75252628 13.03403568 55.24468231
v 10.28169918 4.35365868 55.68805695
v 31.85452271 -8.10105419 -44.31935883
v 25.27301979 -4.30122232 -49.62899017
v -4.75252628 13.03403568 -55.24468231
v 10.69939327 4.11286545 -55.62836456
v 2.95896792 8.58180237 -56.25677490
v 18.22011757 -0.22922668 -53.38746643
v 37.55680847 -11.39327049 -37.74260712
v -15.31767845 19.13382912 -52.33707809
v 42.20800018 -14.07863712 -30.16973114
v 46.24964523 -16.41211510 -20.63297653
v 44.40581512 -15.34755802 -25.49044418
v -25.64355659 25.09547615 -48.67448425
v 47.73950195 -17.27225113 -15.59732914
v 49.46526337 -18.26862144 -5.26978731
v 48.81591034 -17.89371490 -10.46889687
v -25.81203842 25.19275093 48.60699844
v 49.68756866 -18.39696884 -0.00000000
v 49.46276855 -18.26717758 5.28457594
v 48.80836868 -17.88936043 10.52026081
v -15.41138744 19.18793488 52.30772400
v 46.24182510 -16.40762520 20.66882324
v 47.72482681 -17.26374245 15.66144085
v 36.04174423 -10.51854706 39.71817780
v 44.39377594 -15.34068966 25.51005363
v 42.21117020 -14.08046722 30.16354370
v 30.56007004 -7.35374355 45.52708435
v 24.36059189 -3.77456951 50.21451950
v 2.58624291 8.79699993 56.24951935
v -35.90331268 31.01895142 44.02742004
v -38.15355682 32.31813049 -42.84248352
v -45.61948013 36.62858582 38.36820602
v -50.07066345 39.19847488 -35.20634460
v -54.65176010 41.84337234 31.42543030
v -62.93341827 46.53286743 22.54826546
v -56.81692886 43.09343338 -29.38551140
v -62.85564041 46.57988358 -22.60814095
v -64.65145874 47.61670303 20.10775185
v -67.61562347 49.32806015 -14.96636677
v -70.84274292 51.19123840 -4.69978428
v -71.09046936 51.33426285 2.51965451
v -70.60506439 51.05401993 6.09553719
v -70.57618713 51.03734589 -6.24300385
v -71.17129517 51.38093185 -1.09917974
v -68.89438629 50.06635284 12.02486992
v 18.00528145 -15.08897305 -51.30098724
v 17.31535721 -21.14841270 -49.41279602
v 12.98318481 -22.35908699 -50.45932770
v 10.59619808 -6.31874752 -55.44514084
v 2.95429182 -6.44374323 -56.54194260
v 2.95429182 3.36191034 -56.80854416
v 10.59619808 -15.74644947 -53.53633881
v 18.00528145 -6.05491495 -53.13008881
v 2.95429182 -16.05794144 -54.59537888
v -4.75252628 3.35325599 -56.66230392
v -4.75252628 -6.42715549 -56.39638901
v -0.29254761 -24.94423103 -51.25188446
v -4.75252628 -25.13017273 -50.89533997
v -4.75252628 -16.01660538 -54.45483780
v 21.49102402 -19.92486954 -47.92753601
v 25.01874924 -14.09995842 -47.93843460
v 31.48250008 -12.80113602 -43.52257156
v 29.34629250 -17.64134789 -43.62275696
v 25.50682831 -18.75623131 -45.99403000
v 32.97545242 -16.60982513 -40.82363510
v 36.32561493 -15.67339420 -37.65399551
v 39.40635300 -14.82900906 -34.10236359
v 8.57683182 -23.44686508 -51.09653473
v 4.15057182 -24.38312721 -51.31895065
v -290.61691284 32.07120132 -34.62064362
v -386.00000000 35.75333405 -38.44410324
v -386.00000000 41.71532822 -31.87603188
v -386.00000000 -5.06698084 -52.25490952
v -290.61691284 3.20316219 -47.08386612
v -290.61691284 -4.80012465 -46.94794464
v -386.00000000 46.48644257 -24.39796638
v -290.61691284 37.46080399 -28.70259666
v -306.38601685 45.43515778 -14.76277733
v -386.00000000 49.93046570 -16.22339249
v -146.90602112 44.90980148 -14.59207821
v -195.28129578 40.83547211 -21.46613884
v -226.65119934 43.76082230 -14.21875381
v -290.61691284 41.77272797 -21.95882797
v -67.25783539 48.87882996 -15.88008499
v -99.99316406 43.65873718 -22.95025635
v -99.99316406 39.15213394 -29.99850082
v -99.99316406 33.51919556 -36.18374252
v -195.28129578 36.62029648 -28.05859756
v -99.99316406 26.92197037 -41.32804489
v -195.28129578 31.35162163 -33.84386063
v -386.00000000 28.77065659 -43.91468048
v -290.61691284 25.75897026 -39.54271317
v -99.99316406 19.55024910 -45.28341293
v -195.28129578 25.18101692 -38.65549850
v -290.61691284 18.70569992 -43.32721710
v -386.00000000 20.96664047 -48.13159180
v -386.00000000 12.56407261 -50.97444534
v -290.61691284 11.11429977 -45.86527252
v -99.99316406 11.61610317 -47.93605804
v -386.00000000 -29.82339859 -43.20665359
v -290.61691284 -20.16615868 -42.66704559
v -290.61691284 -27.08685303 -38.64522171
v -99.99316406 3.34778285 -49.20967484
v -99.99316406 -44.41287231 -21.45451736
v -195.28129578 -37.55195618 -26.79891396
v -99.99316406 -40.14820480 -28.65172577
v -43.52114868 -34.85007095 -40.22219086
v -45.65651321 -36.32936859 -38.66850662
v -99.99316406 -34.72854233 -35.02467728
v -195.28129578 -45.85308075 -5.08193207
v -99.99316406 -49.02325058 -5.43328428
v -99.99316406 -49.23632431 2.92983818
v -386.00000000 -52.11721420 -6.32817554
v -290.61691284 -45.35224152 -13.05086327
v -290.61691284 -46.90549850 -5.19857216
v -290.61691284 -34.89170074 31.77609253
v -290.61691284 -29.01962852 37.21574783
v -386.00000000 -32.87472153 40.93290329
v -290.61691284 -45.95798492 10.72447109
v -290.61691284 -43.48447800 18.33714676
v -386.00000000 -48.62416840 19.79747963
v -99.99316406 -15.63951778 46.77825546
v -99.99316406 -23.32012177 43.46229935
v -10.73133087 -25.25801468 50.17159271
v -38.80926132 -32.18223953 42.87369919
v -36.27510071 -30.99097061 43.99926758
v -99.99316406 -30.32984734 38.89601517
v -4.75252628 -16.01660538 54.45483780
v -99.99316406 -7.50899458 48.74848557
v -13.69235420 -25.51981163 49.71439362
v -99.99316406 9.15999889 48.46538925
v -195.28129578 0.78338790 46.12718582
v -99.99316406 0.83754945 49.31630707
v -290.61691284 0.80136818 47.18589401
v -386.00000000 -0.00000000 52.50000000
v -290.61691284 -7.18461370 46.64260101
v -99.99316406 37.57373428 31.95331192
v -99.99316406 42.43340683 25.14370155
v -195.28129578 35.14396667 29.88699913
v -99.99316406 24.78250694 42.64536285
v -99.99316406 31.63313484 37.84368515
v -99.99316406 46.07234573 17.61075211
v -195.28129578 39.68938065 23.51774216
v -290.61691284 44.08206940 16.84998512
v -386.00000000 48.92286301 19.04740524
v -290.61691284 40.60032654 24.05751991
v -99.99316406 48.38586807 9.57117271
v -195.28129578 43.09300232 16.47192383
v -99.99316406 49.30741882 1.25624871
v -70.76005554 50.78557587 6.09553719
v -195.28129578 45.25691605 8.95223713
v -290.61691284 47.17739105 1.20197999
v -195.28129578 45.65407181 -6.63601732
v -290.61691284 46.70191956 -6.78832674
v -71.33510590 51.09834671 -1.10136652
v -71.00152588 50.91695023 -4.69984722
v -67.72795868 49.13488770 -14.96675777
v -70.73011017 50.76919937 -6.24282837
v -195.28129578 46.11887360 1.17501128
v -386.00000000 51.96562576 -7.47152901
v -290.61691284 46.29565048 9.15770817
v -386.00000000 51.45433426 10.42599964
v -386.00000000 44.95832443 27.11086655
v -290.61691284 35.95058823 30.57296371
v -386.00000000 39.67685318 34.38018799
v -290.61691284 30.26661491 36.20887756
v -290.61691284 23.71192741 40.80312729
v -386.00000000 33.23315430 40.64243317
v -386.00000000 25.81597900 45.71416855
v -290.61691284 16.47509193 44.22354889
v -195.28129578 8.56765175 45.33129501
v -99.99316406 17.21893120 46.22021484
v -195.28129578 16.10544014 43.23130798
v -386.00000000 17.64259338 49.44683075
v -290.61691284 8.76429653 46.37173843
v -386.00000000 8.95241547 51.73107529
v -4.75252628 3.35325599 56.66230392
v -4.75252628 -6.42715549 56.39638901
v -4.75252628 -25.13017273 50.89533997
v -7.74192858 -25.19409370 50.53346634
v -386.00000000 -8.83874512 51.75061798
v -290.61691284 -14.96390724 44.75748444
v -16.65337753 -25.78160667 49.25719452
v -28.19524765 -28.05997276 46.75765610
v -30.95577431 -28.92888069 45.93074036
v -386.00000000 -17.42516136 49.52386856
v -290.61691284 -22.31271744 41.58477402
v -386.00000000 -25.51412964 45.88331985
v -195.28129578 -28.36851692 36.38074112
v -45.62216949 -36.30850220 38.65355682
v -43.50638580 -34.85393524 40.21369934
v -38.81702042 -32.18197632 -42.87685776
v -99.99316406 -28.30980682 -40.39002991
v -36.29639053 -30.99798965 -44.01250839
v -195.28129578 -21.81208801 40.65174103
v -25.35232925 -27.35463905 47.46150208
v -33.66137695 -29.90683556 45.02178192
v -99.99316406 -36.46703720 33.21076202
v -47.58277130 -37.84222031 36.93999100
v -195.28129578 -34.10883713 31.06313324
v -99.99316406 -41.55514145 26.57009697
v -195.28129578 -38.86790848 24.85189819
v -50.84518433 -40.99951935 32.98497391
v -52.13311005 -42.55352020 30.76429558
v -386.00000000 -39.29681396 34.81393814
v -290.61691284 -39.76000214 25.42229652
v -195.28129578 -42.50881958 17.92571831
v -99.99316406 -45.44777679 19.16505814
v -54.02997589 -45.52325058 25.87993050
v -54.64395142 -46.87966919 23.24513626
v -386.00000000 -44.59706497 27.70111275
v -195.28129578 -44.92683029 10.48384666
v -99.99316406 -48.03295898 11.20867443
v -55.46212006 -50.10620499 14.86220837
v -55.32191467 -49.18008423 17.71907234
v -195.28129578 -46.05237579 2.74037528
v -55.43949509 -51.48852921 8.99676609
v -55.33968353 -51.93025589 6.01215076
v -386.00000000 -51.26315689 11.32867050
v -290.61691284 -47.10936737 2.80327225
v -386.00000000 -52.43869019 2.53645253
v -55.23461914 -52.28514481 -0.00000000
v -99.99316406 -47.39986801 -13.64010048
v -55.39537811 -51.49378586 -8.98781490
v -55.27996063 -52.19411087 -3.01634598
v -195.28129578 -44.33467484 -12.75804138
v -55.31770706 -49.18498993 -17.71934319
v -55.46545029 -50.88449478 -11.94293880
v -55.04383087 -48.11153030 -20.51355553
v -195.28129578 -41.54084396 -20.06712532
v -54.01299667 -45.55667114 -25.86357498
v -290.61691284 -42.49428558 -20.52770424
v -386.00000000 -50.30790710 -15.01214790
v -290.61691284 -38.41384506 -27.41400146
v -386.00000000 -47.06241608 -23.26755524
v -53.20066071 -44.10158920 -28.38576317
v -49.33249283 -39.43906021 -35.04713058
v -50.84865952 -41.01103210 -32.98801041
v -386.00000000 -42.47339249 -30.85872650
v -290.61691284 -33.22830582 -33.51164627
v -195.28129578 -32.48276520 -32.75974655
v -195.28129578 -26.47910690 -37.77814102
v -41.24855042 -33.47463226 -41.62734985
v -386.00000000 -36.67184830 -37.56894684
v -28.19680214 -28.07076836 -46.75716019
v -30.96920967 -28.93932533 -45.93960571
v -33.66338348 -29.91404533 -45.02037048
v -25.38081551 -27.31363678 -47.50218582
v -99.99316406 -21.07664680 -44.59343719
v -195.28129578 -19.71369171 -41.70972824
v -195.28129578 -12.38114929 -44.44140244
v -99.99316406 -13.23715210 -47.51397324
v -22.50969696 -26.66617775 -48.16496277
v -19.61051750 -26.12838173 -48.76799393
v -13.70314884 -25.47851562 -49.73793030
v -16.67425346 -25.70025063 -49.30377579
v -10.73204327 -25.25678253 -50.17208481
v -195.28129578 -4.69242430 -45.89457703
v -99.99316406 -5.01684713 -49.06761551
v -386.00000000 -22.12355804 -47.61090469
v -290.61691284 -12.66532040 -45.46141815
v -7.74228477 -25.19347763 -50.53371048
v -386.00000000 -13.79213715 -50.65596771
v -386.00000000 3.80282712 -52.36209106
v -195.28129578 18.28600121 -42.35508728
v -195.28129578 10.86492920 -44.83619690
v -195.28129578 3.13129306 -46.02745056
v -47.58955002 -37.84929276 -36.94491196
v -52.13916779 -42.59421158 -30.75418854
v -54.63661575 -46.88893509 -23.24510765
v -55.42653275 -50.11645126 -14.85042191
v -55.33354950 -51.93032455 -6.01228428
v -55.28401947 -52.19425583 3.01626420
v -55.46980286 -50.88292694 11.94279099
v -55.07965851 -48.09090042 20.53081703
v -53.19218826 -44.09108734 28.38150024
v -49.31572342 -39.39974213 35.04764557
v -41.21416855 -33.46855164 41.60768890
v -19.58964539 -26.17244339 48.73345184
v -22.50941277 -26.64930534 48.16534805
v -195.28129578 -14.62816238 43.75326157
v -195.28129578 -7.02341270 45.59608078
v -195.28129578 23.17990494 39.88763046
v -195.28129578 29.58752441 35.39646149
v -386.00000000 52.47859192 1.49919271
v -64.71303558 47.50040054 20.10388184
v -69.02510834 49.84100723 12.02510834
v -71.25247955 51.05398941 2.51519370
v 47.94651794 -28.73751831 -4.81070375
v 46.33678818 -45.78575516 -4.41709328
v 45.72647095 -45.88433075 -8.75964832
v 44.66204071 -29.40684509 -18.63233757
v 42.76781845 -29.74293900 -22.86646652
v 45.82523727 -62.88552094 -3.97588229
v 46.41007233 -47.99302292 -0.00000000
v 46.18153000 -29.10867691 -14.15225601
v 46.00000000 -62.86819458 -0.00000000
v 40.51763535 -30.09550858 -26.85062981
v 43.31591797 -46.21819687 -17.18017960
v 31.86645889 -31.06538773 -37.07597351
v 37.91779327 -30.44837189 -30.58488846
v 35.02267456 -30.77581024 -34.00072861
v 24.78039932 -31.53665352 -42.21773911
v 20.94042206 -31.71757698 -44.21927261
v 28.44917488 -31.31814003 -39.81908417
v 8.46668148 -32.12965012 -47.87226105
v 16.93691063 -31.87301064 -45.82851791
v -4.69114113 -27.43338394 -49.83659363
v -4.64293575 -29.77973747 -48.89827347
v 4.13926315 -32.21053696 -48.29675293
v -0.21810439 -32.23278046 -48.35769272
v -4.58606625 -34.60187531 -47.38291168
v -4.60791111 -32.16923523 -48.08037949
v -4.57740164 -37.07765961 -46.80587387
v -0.21688367 -39.90373230 -46.58904266
v -4.58191776 -39.59659195 -46.34925842
v -4.63098907 -44.62133026 -45.83053207
v -4.59981346 -42.10164261 -46.02635956
v -4.67544460 -47.15565109 -45.76177597
v -0.73187894 -47.64499664 -45.97252274
v 12.76283169 -32.01188278 -47.05020905
v 17.42565536 -54.57014847 -42.57179642
v 16.77383232 -43.09321594 -43.59947205
v 20.69867897 -43.99157333 -41.89823914
v 47.28004074 -28.88022041 -9.53188515
v 47.64085007 -33.14669418 -0.00000000
v 45.32557297 -62.94064713 -7.91997337
v 44.71747589 -46.03753281 -13.02414894
v 41.55973053 -46.37071228 -21.13431358
v 39.46088028 -46.45523071 -24.88543510
v 37.01926041 -46.43996048 -28.43516922
v 34.28048325 -46.27825165 -31.71906281
v 31.27214050 -45.94712830 -34.71434784
v 27.99005318 -45.44865799 -37.42638016
v 24.44006729 -44.79316330 -39.83972931
v 12.66028500 -42.16202545 -44.93846512
v 8.40898895 -41.26643372 -45.88977814
v 4.11443520 -40.48485565 -46.43654633
v 44.45696640 -63.02569962 -11.80674839
v 43.24393082 -63.08349609 -15.59663868
v 41.67757797 -63.04298782 -19.24679375
v 39.85934830 -62.89308167 -22.77221680
v 37.76403427 -62.58461380 -26.13187790
v 35.43966293 -62.10623932 -29.32573128
v 32.82783508 -61.32872772 -32.22391510
v 30.01931953 -60.31880188 -34.85423660
v 27.04540634 -59.11216354 -37.20882797
v 23.94209480 -57.72243118 -39.27692413
v 20.73656845 -56.18804932 -41.06853867
v 14.01528931 -52.93424606 -43.81054306
v 10.50292492 -51.33309555 -44.78626251
v 6.87730885 -49.84327316 -45.48036575
v 3.12160420 -48.60626602 -45.85405350
v 43.27122498 -63.08892059 15.60666561
v 43.50759125 -64.00000000 14.93617535
v 44.45838928 -63.02010727 11.80848122
v 37.82303619 -62.61684799 26.17989159
v 36.30046463 -64.00000000 28.25378418
v 40.45579147 -64.00000000 21.89357948
v 41.76046371 -63.08148956 19.28890228
v 30.02323532 -60.30004501 34.85273361
v 31.15495300 -64.00000000 33.84329987
v 32.82944107 -61.31256485 32.22148895
v -36.30046463 -64.00000000 28.25378418
v -33.81984329 -61.67280960 31.18122482
v -35.29800415 -62.16269302 29.49758720
v -40.45579147 -64.00000000 21.89357948
v -40.41219711 -63.14134216 21.97452736
v -41.45691299 -63.17200470 19.93338203
v -29.05800438 -59.56389999 35.66063690
v -31.15495300 -64.00000000 33.84329987
v -25.15961456 -64.00000000 38.50965881
v -32.27992249 -61.07721710 32.77275085
v -24.00610924 -56.58086014 39.23977661
v -25.71131897 -57.65374756 38.14421844
v -0.72692239 -47.61426163 45.99371338
v -3.79864979 -64.00000000 45.84288788
v 3.79864979 -64.00000000 45.84288788
v -6.94666338 -47.27196884 45.47210312
v -11.29233265 -64.00000000 44.59241104
v -4.67544460 -47.15565109 45.76177597
v -15.14431477 -50.66807938 43.43543625
v -18.47798920 -64.00000000 42.12557220
v -18.77914429 -53.06225967 41.99238968
v -16.98450089 -51.85198212 42.74961090
v -9.14875412 -47.77079010 45.08058929
v -11.24625111 -48.56177902 44.60364151
v -13.23896790 -49.55239105 44.05340195
v -22.28323746 -55.44758987 40.24304199
v -20.54241753 -54.26849747 41.15872955
v -27.39644814 -58.65330124 36.95244598
v 3.13373661 -48.54458618 45.89457321
v -30.68908501 -60.37374115 34.26699829
v 6.88153791 -49.82648087 45.48407745
v 11.29233265 -64.00000000 44.59241104
v 10.50747108 -51.31618881 44.78476334
v -36.70412445 -62.55219269 27.72821045
v -38.02998734 -62.84245300 25.87967682
v 14.02118015 -52.91366196 43.81169510
v -39.26819229 -63.03575516 23.95917511
v -42.39855957 -63.14130402 17.84269714
v -43.50759125 -64.00000000 14.93617535
v -43.23464584 -63.06324387 15.70871162
v -44.58172607 -62.80036545 11.33395576
v -43.96286392 -62.94602966 13.53730679
v -45.37261963 -64.00000000 7.57135105
v -45.48720169 -62.49333191 6.84965420
v -45.77176285 -62.36868286 4.57753992
v -46.00000000 -64.00000000 0.00000000
v -45.94282150 -62.28605652 2.29223490
v -46.00000000 -62.25580978 0.00000000
v -45.09019470 -62.64327621 9.10330868
v 18.47798920 -64.00000000 42.12557220
v 20.73665047 -56.17016983 41.06091309
v 17.42895508 -54.55318451 42.57136917
v 25.15961456 -64.00000000 38.50965881
v 23.94807243 -57.69641495 39.27407074
v 27.05247879 -59.08217239 37.20495987
v 35.44147110 -62.08536530 29.32265663
v 39.93855667 -62.93661880 22.82423401
v 45.37261963 -64.00000000 7.57135105
v 45.31301117 -62.94085312 7.92233753
v 45.82777786 -62.88621521 3.97621918
v 46.00000000 -64.00000000 -0.00000000
v 2.95508122 -16.05792809 54.59533310
v -0.29207864 -24.94450378 51.25218201
v 4.16512632 -24.33875275 51.34175873
v 36.34540939 -15.67371178 37.63290024
v 39.42144394 -14.82990742 34.08226395
v 2.95508122 -6.44373751 56.54189301
v 2.95508122 3.36190748 56.80849457
v 8.60264874 -23.44732285 51.09111023
v 10.59774590 -15.74635029 53.53599930
v 13.03443050 -22.32317162 50.46134949
v 18.00750732 -15.08871937 51.30012131
v 10.59774590 -6.31870747 55.44478989
v 18.00750732 -6.05481291 53.12919235
v 17.33880806 -21.12888336 49.40974045
v 21.50726128 -19.92635727 47.91816711
v 25.02152252 -14.09948826 47.93683624
v 25.55409050 -18.74630547 45.96519852
v 29.38540077 -17.63796997 43.59325409
v 31.48564529 -12.80039597 43.52005386
v 32.98313522 -16.61186218 40.81534958
v -20.54525185 -54.26681137 -41.15695572
v -18.78414726 -53.05687332 -41.98995972
v -18.47798920 -64.00000000 -42.12557220
v -25.15961456 -64.00000000 -38.50965881
v -22.28270721 -55.45149231 -40.24255753
v -25.70432091 -57.67001343 -38.14743042
v -24.00135231 -56.59261322 -39.24147034
v -31.15495300 -64.00000000 -33.84329987
v -30.68656540 -60.37857056 -34.26755142
v -29.05398560 -59.57246399 -35.66214752
v -33.81751251 -61.67883682 -31.18168259
v -32.27814102 -61.08093643 -32.77281570
v -38.02692413 -62.85778427 -25.88251686
v -36.70053864 -62.56772232 -27.73084068
v -36.30046463 -64.00000000 -28.25378418
v -35.29456329 -62.17434692 -29.49926376
v -39.26591492 -63.04816818 -23.96158218
v -27.39052010 -58.66689301 -36.95521164
v -45.37261963 -64.00000000 -7.57135105
v -45.48715210 -62.50350571 -6.85060072
v -45.09028625 -62.65739059 -9.10428619
v -44.58174896 -62.81636047 -11.33507156
v -45.77161407 -62.37450409 -4.57841778
v -45.94285583 -62.28751755 -2.29283428
v -16.99092293 -51.84409714 -42.74734497
v -40.45579147 -64.00000000 -21.89357948
v -41.45578003 -63.18232346 -19.93493652
v -40.41062164 -63.15213776 -21.97652626
v -43.50759125 -64.00000000 -14.93617535
v -42.39761353 -63.15237808 -17.84380150
v -43.96235657 -62.96080780 -13.53850937
v -43.23364258 -63.07601547 -15.70980644
v -15.15136814 -50.65792847 -43.43379211
v -11.29233265 -64.00000000 -44.59241104
v -13.24596691 -49.53817749 -44.05268097
v -11.25080776 -48.54329681 -44.60423660
v -9.14770889 -47.75473404 -45.08213043
v -6.94856453 -47.26985168 -45.47202301
v -3.79864979 -64.00000000 -45.84288788
v 3.79864979 -64.00000000 -45.84288788
v 11.29233265 -64.00000000 -44.59241104
v 18.47798920 -64.00000000 -42.12557220
v 45.37261963 -64.00000000 -7.57135105
v 43.50759125 -64.00000000 -14.93617535
v 40.45579147 -64.00000000 -21.89357948
v 36.30046463 -64.00000000 -28.25378418
v 31.15495300 -64.00000000 -33.84329987
v 25.15961456 -64.00000000 -38.50965881
v 20.72541046 -43.98638153 41.88481522
v 24.48566437 -44.78206253 39.81124878
v 24.82717705 -31.52941132 42.18839264
v -0.21562500 -32.23278427 48.35770798
v -4.60791111 -32.16923523 48.08037949
v -4.58596659 -34.63038635 47.37627029
v 4.15240431 -32.21023178 48.29556656
v 8.49843788 -32.12812424 47.86632538
v 4.12749434 -40.48444366 46.43537140
v -0.21441816 -39.90373611 46.58905411
v 12.80181789 -32.00901794 47.03900146
v 28.48163223 -31.31217766 39.79425430
v -4.59981346 -42.10164261 46.02635956
v -4.63098907 -44.62133026 45.83053207
v -4.57730198 -37.10617065 46.79922867
v -4.58191776 -39.59659195 46.34925842
v -4.64293575 -29.77973747 48.89827347
v -4.69114113 -27.43338394 49.83659363
v 16.96081543 -31.87062454 45.81913376
v 20.96768570 -31.71412086 44.20552063
v 31.88682556 -31.06105042 37.05719757
v 35.04803085 -30.76966476 33.97265625
v 37.95222855 -30.43902016 30.53891754
v 40.53150940 -30.09134865 26.82806396
v 42.77395630 -29.74093437 22.85408401
v 44.67005920 -29.40403938 18.61144066
v 43.32339096 -46.21356964 17.16079712
v 46.18578720 -29.10711861 14.13734722
v 47.27934265 -28.88048935 9.53562832
v 44.72143173 -46.03496170 13.01038551
v 46.33603287 -45.78627777 4.42511511
v 47.94570160 -28.73783493 4.81943703
v 8.44049263 -41.26430893 45.88391876
v 12.69885159 -42.15792465 44.92742920
v 16.79738617 -43.08971405 43.59026337
v 28.02148438 -45.43935394 37.40243912
v 31.29172897 -45.94026184 34.69637299
v 34.30469894 -46.26840973 31.69237137
v 37.05192184 -46.42483902 28.39176369
v 39.47395325 -46.44844818 24.86426926
v 41.56547928 -46.36742401 21.12277031
v 45.72582245 -45.88477325 8.76309299
v -52.78444290 -48.33245087 20.87523842
v -52.17150497 -47.15314484 23.54669189
v -44.42490768 -46.72692108 29.05425453
v -42.21895599 -48.92808533 28.59255981
v -40.75881958 -47.87731552 30.58832550
v -53.22322845 -49.39710236 18.08417511
v -53.51375580 -50.33061981 15.18103409
v -53.67554474 -51.11189651 12.19981575
v -51.19787979 -50.30587006 17.53038406
v -53.73480606 -51.72473145 9.18689251
v -46.02223969 -60.74275589 3.03117085
v -46.12091446 -60.71022797 0.00000000
v -50.37990189 -53.23427582 8.75259209
v -50.12117767 -52.79223633 11.59634590
v -52.02988434 -52.33132172 8.93914795
v -46.41405487 -59.13898087 2.96833014
v -46.15168762 -59.16582870 5.90160990
v -47.08805847 -57.56546783 2.92629766
v -45.73066330 -60.82904434 6.03011560
v -40.14194870 -60.71701431 22.82974815
v -38.68270111 -60.35837555 25.23609161
v -42.66886902 -61.06204605 17.61444283
v -43.70853043 -61.08703232 14.81721210
v -48.03929138 -56.09601593 2.90885139
v -48.09987259 -56.12549210 0.00000000
v -53.69976807 -52.52312088 -0.00000000
v -52.14530182 -52.94713974 3.01157188
v -53.71357727 -52.43329239 3.08920121
v -49.28120804 -54.84913635 -0.00000000
v -49.23731995 -54.80171204 2.91789031
v -53.73466492 -52.16591644 6.15017891
v -50.65338898 -53.80468369 -0.00000000
v -45.71690750 -59.18535995 8.79786873
v -45.24765396 -60.93928528 8.99695778
v -51.86989212 -51.79847336 11.85537529
v -52.15026474 -53.02567291 -0.00000000
v -51.36115646 -45.87607956 26.09295845
v -50.33811569 -44.52071762 28.50606155
v -49.11511612 -43.11838150 30.76168442
v -47.68772888 -41.68759918 32.86370850
v -42.09928894 -37.36005020 38.34356308
v -44.18761063 -38.79615784 36.64503479
v -39.85067368 -39.52330780 37.28250504
v -46.04789352 -40.24262238 34.82154465
v -39.80172348 -35.95626831 39.91390228
v -37.30419540 -34.60119629 41.36074066
v -34.59738541 -33.30451965 42.69620514
v -31.66968346 -32.07723236 43.93058395
v -28.50492477 -30.93301773 45.07212067
v -23.72732735 -32.30020142 45.18172455
v -22.39396667 -34.79728317 44.40050507
v -19.16501808 -33.85560226 45.38846588
v -29.92535782 -34.47004700 42.93821716
v -25.40649986 -35.85071945 43.31611252
v -26.94382477 -33.34130478 44.10419464
v -20.27128792 -31.37892342 46.16599655
v -15.76514149 -33.07928467 46.25943375
v -11.05097103 -37.50522995 45.82843399
v -7.58512497 -39.65798187 45.96979904
v -7.85769176 -37.14084244 46.39188385
v -14.10900211 -38.13676071 45.12804413
v -14.92479134 -35.58668900 45.62149811
v -7.33095694 -42.19023514 45.67761230
v -10.51203346 -40.04926682 45.44175720
v -16.62598801 -30.62613106 47.03817368
v -21.39592552 -28.97698975 47.09231949
v -7.09604836 -44.72746658 45.51544952
v -25.08158493 -29.88992882 46.12677765
v -17.50311279 -28.23819923 47.95275497
v -13.40493393 -27.70728874 48.70473099
v -9.10966587 -27.42192459 49.34068298
v -52.11187744 -52.71481705 5.99101496
v -51.59849548 -51.11861038 14.73325157
v -48.58722305 -50.74886703 19.72460175
v -46.65454102 -52.42043304 19.42489624
v -45.76581955 -51.67644119 21.87936020
v -50.65551758 -49.37798309 20.21743965
v -49.95189667 -48.34734344 22.79124451
v -49.06886673 -47.22599792 25.25025940
v -47.99461365 -46.02809906 27.58963776
v -46.74243546 -44.77970123 29.78672600
v -45.30910110 -43.49486923 31.84579468
v -43.68756485 -42.18410873 33.77578735
v -41.87049103 -40.85703278 35.58545303
v -35.52639389 -40.62852478 38.04607773
v -33.25452042 -39.38415146 39.51232529
v -37.64524078 -38.20383453 38.86122513
v -35.26240158 -36.91481781 40.32378387
v -32.69293213 -35.66627502 41.68009186
v -12.79179764 -30.07938194 47.79289246
v -8.77496624 -29.78005028 48.42076874
v -50.62882233 -53.74014282 2.95301223
v -50.54219437 -53.55004501 5.87103415
v -49.74196243 -52.22325516 14.39697742
v -49.23254776 -51.53771210 17.11504173
v -47.79273987 -49.86425400 22.22554779
v -46.83600616 -48.89083099 24.61912727
v -45.70871735 -47.83776855 26.90256882
v -42.98267365 -45.56874847 31.07857132
v -41.37608719 -44.37085342 32.98399734
v -39.59860229 -43.14059448 34.77840042
v -37.64349747 -41.88622665 36.46824646
v -26.53195763 -39.58956146 41.55101776
v -30.81880188 -38.16377640 40.87538147
v -28.99320793 -40.77606583 40.29362488
v -28.20796394 -36.98034668 42.14179230
v -18.08321953 -36.39459610 44.76548004
v -12.19332600 -32.50973511 47.00679398
v -8.45382977 -32.19210815 47.62006378
v -48.86078262 -54.42020035 8.64055157
v -48.50656509 -54.07747269 11.44053650
v -49.10002518 -54.65994644 5.79904270
v -48.02175522 -53.62601852 14.19419956
v -47.40414047 -53.07102203 16.86368561
v -39.79849625 -54.69343567 26.45283699
v -38.35038757 -53.90091324 28.53657150
v -41.55553818 -52.22347260 26.32332993
v -44.73001480 -50.84090042 24.22979736
v -43.54262161 -49.91851807 26.47453499
v -39.15772629 -46.77168655 32.47005463
v -37.07495880 -49.34643555 32.24850845
v -35.34219360 -48.24940109 33.99875259
v -37.41022873 -45.61705399 34.24514008
v -35.51033020 -44.42088699 35.91938400
v -33.47245789 -43.20460892 37.48449707
v -31.30303001 -41.98582077 38.94004440
v -23.90415001 -38.44494629 42.71598816
v -21.08992958 -37.36693192 43.78991318
v -17.03180695 -38.98266220 44.30118561
v -11.61219978 -34.98847580 46.35085297
v -8.14764500 -34.64891052 46.94270325
v -47.54371643 -55.85015106 8.61107731
v -47.09850693 -55.61301041 11.39867973
v -47.85506058 -56.00743484 5.78036785
v -46.51087189 -55.28347397 14.13813877
v -45.78515244 -54.86037064 16.79162979
v -44.92829514 -54.34574509 19.33520126
v -43.93910599 -53.73614120 21.77049255
v -42.81492233 -53.02846146 24.10036659
v -40.17843246 -51.33793640 28.41866112
v -38.68574142 -50.37759018 30.39095688
v -33.48255920 -47.09368515 35.64750671
v -31.58888817 -49.86678696 35.65645599
v -29.66260910 -48.68714523 37.15611649
v -31.50976372 -45.90194702 37.18661499
v -29.42968178 -44.69307709 38.61572266
v -27.23378944 -43.47963715 39.94240570
v -24.91135406 -42.27720261 41.17238998
v -22.44764709 -41.10624695 42.30939484
v -19.82339096 -39.99384689 43.35473633
v -13.32161999 -40.71747589 44.78139496
v -12.56621456 -43.31655884 44.58249283
v -9.99758244 -42.60966492 45.19189072
v -47.16360474 -57.57621765 0.00000000
v -46.48471832 -57.46330261 8.66542053
v -45.95455551 -57.33609009 11.47248554
v -46.86177063 -57.53355026 5.81582642
v -45.26793671 -57.13129807 14.23096943
v -44.43457031 -56.84055710 16.90150452
v -43.46693420 -56.45960999 19.45855331
v -42.36951447 -55.97919083 21.90233231
v -41.14513397 -55.39137268 24.23451424
v -35.15413666 -55.74245071 30.87898254
v -36.80610275 -53.01811981 30.49052429
v -35.16581726 -52.04806900 32.32340622
v -33.42782593 -50.99520493 34.04321289
v -27.65469170 -47.47671127 38.54286575
v -23.97786713 -49.05809402 39.94035339
v -25.55705452 -46.24912643 39.82500839
v -23.35934639 -45.02139282 41.00898743
v -21.04726028 -43.81584930 42.09919739
v -18.60209846 -42.66195297 43.09764099
v -16.01638794 -41.60600281 43.99806595
v -46.50272369 -59.12865448 0.00000000
v -45.10970688 -59.17070007 11.65441704
v -44.32983017 -59.09239960 14.46354866
v -43.39088821 -58.93435669 17.18292618
v -42.31007385 -58.68579865 19.78381157
v -41.09709930 -58.33153152 22.26351166
v -39.76036072 -57.85887909 24.62114906
v -38.31004715 -57.26188660 26.85269928
v -36.77151108 -56.55532837 28.93698311
v -30.16584206 -56.64406967 34.97448349
v -31.98529434 -57.62698746 33.32569504
v -33.46161652 -54.82555771 32.68804550
v -31.69521141 -53.80885696 34.37317276
v -29.85399055 -52.69990158 35.94216919
v -27.95225716 -51.52493668 37.39009857
v -25.99602890 -50.30606842 38.71955872
v -21.88794327 -47.79946136 41.06039429
v -19.71243095 -46.55439377 42.08549881
v -14.11386204 -46.90190506 43.87663269
v -16.32318687 -48.05561447 43.11744690
v -17.43321609 -45.35474396 43.01910782
v -15.04216766 -44.25048447 43.85686874
v -44.57339859 -61.03812027 11.92923737
v -41.47526932 -60.94576645 20.28761292
v -37.11362076 -59.86071396 27.49975586
v -35.46579361 -59.23818588 29.59846115
v -33.75365067 -58.49304581 31.53710365
v -28.29746246 -55.55219269 36.49304199
v -26.39613152 -54.37962341 37.87930298
v -24.46880722 -53.15018845 39.13863754
v -22.50901604 -51.87985611 40.28307724
v -20.50766373 -50.58855438 41.32275009
v -18.45154572 -49.30239105 42.26564789
v -11.84601879 -45.92168045 44.53088379
v -9.50958824 -45.17544556 45.07873535
v -53.23310471 -49.40311813 -18.06571007
v -50.66452408 -49.38352966 -20.20258713
v -52.79414749 -48.33817673 -20.86019707
v -50.12991714 -52.79836273 -11.56732273
v -51.87926865 -51.80466080 -11.82584095
v -49.75234985 -52.23042297 -14.36999130
v -53.74163055 -51.72920227 -9.15880585
v -53.73813629 -52.16822433 -6.12837029
v -53.68558884 -51.11834335 -12.16960049
v -53.71466446 -52.43394852 -3.07809782
v -51.38055420 -45.88676834 -26.07126427
v -52.18402100 -47.16027832 -23.53035736
v -49.12957001 -43.12569046 -30.74959564
v -50.36460114 -44.53470993 -28.48057747
v -45.31678009 -43.49890518 -31.83959770
v -46.75582886 -44.78698730 -29.77447701
v -47.69600677 -41.69161606 -32.85763168
v -44.21603394 -38.80866623 -36.62866592
v -46.06035233 -40.24839020 -34.81345367
v -37.35130692 -34.61839294 -41.34145355
v -39.87118530 -35.98341370 -39.88213730
v -42.15582657 -37.38354874 -38.31460190
v -37.08415222 -49.35342789 -32.24011993
v -35.36315155 -48.26488876 -33.98161697
v -33.44743729 -51.01205444 -34.02649689
v -34.60289383 -33.30636597 -42.69419479
v -7.08549976 -44.72634506 -45.51707840
v -28.47027969 -30.92369652 -45.08208847
v -13.29131508 -40.70756531 -44.78924942
v -17.02050400 -38.97859192 -44.30460358
v -14.07594013 -38.12771606 -45.13632202
v -21.38063431 -28.97412300 -47.09568787
v -7.84363127 -37.14009476 -46.39395905
v -7.57225847 -39.65711594 -45.97174072
v -7.31926298 -42.18924332 -45.67940521
v -9.96767426 -42.60196304 -45.19812393
v -17.45843315 -28.23199272 -47.96118546
v -15.72635269 -33.07181931 -46.26809311
v -19.15175629 -33.85221100 -45.39199448
v -20.25701714 -31.37581635 -46.16947556
v -12.74656677 -30.07478142 -47.80057526
v -12.15125751 -32.50460434 -47.01441193
v -16.58426476 -30.61934280 -47.04679108
v -13.35652447 -27.70315361 -48.71236801
v -9.09070683 -27.42154503 -49.34310532
v -9.48252487 -45.16705322 -45.08434296
v -14.88889599 -35.57846451 -45.63004684
v -25.05559349 -29.88392448 -46.13336563
v -31.64685631 -32.07029724 -43.93799591
v -49.96350479 -48.35429001 -22.77502441
v -50.54524612 -53.55223083 -5.85016441
v -50.38587189 -53.23851013 -8.72568130
v -48.86640549 -54.42452240 -8.61394978
v -53.52575302 -50.33813095 -15.15305710
v -52.11513519 -52.71703339 -5.96974182
v -52.03627014 -52.33561325 -8.91173267
v -47.08882523 -57.56620407 -2.91576338
v -47.41206360 -53.07695770 -16.84591103
v -48.03147888 -53.63336945 -14.16748428
v -51.60966873 -51.12583542 -14.70584011
v -48.51477051 -54.08373260 -11.41182995
v -46.86448669 -57.53602219 -5.79515314
v -48.04008484 -56.09669495 -2.89837742
v -47.85782242 -56.00975800 -5.75980806
v -46.41482925 -59.13979340 -2.95765018
v -46.15442276 -59.16847610 -5.88065529
v -46.02304077 -60.74364471 -3.02027225
v -8.43733406 -32.19157028 -47.62234879
v -8.75724030 -29.77960014 -48.42313385
v -23.70308495 -32.29373932 -45.18857574
v -26.91153145 -33.33133698 -44.11459732
v -29.90409470 -34.46268463 -42.94596100
v -32.69805908 -35.66822433 -41.67798996
v -35.30622864 -36.93283844 -40.30365753
v -37.70982361 -38.23203278 -38.82816696
v -39.90320206 -39.54751968 -37.25248337
v -41.89688110 -40.86981201 -35.56856537
v -43.69912720 -42.18994904 -33.76749039
v -44.74547195 -50.85196686 -24.20828056
v -43.56364441 -49.93332291 -26.44885063
v -41.57521057 -52.23935699 -26.29780769
v -48.01915741 -46.04191589 -27.56400490
v -49.08686066 -47.23646545 -25.22861099
v -48.59556580 -50.75441742 -19.70989037
v -47.80347824 -49.87124634 -22.20942116
v -51.20705032 -50.31166458 -17.51222229
v -52.14629745 -52.94776535 -3.00073934
v -8.13237286 -34.64827347 -46.94489288
v -22.37145233 -34.79026413 -44.40748215
v -25.37652397 -35.83993912 -43.32674789
v -28.18823814 -36.97241974 -42.14972687
v -30.82355690 -38.16586685 -40.87322617
v -33.29513168 -39.40336990 -39.49170303
v -35.58621216 -40.65842819 -38.01223755
v -37.69212723 -41.91175079 -36.43757248
v -39.62302017 -43.15398788 -34.76118851
v -41.38677979 -44.37693405 -32.97557068
v -42.98977280 -45.57292557 -31.07229996
v -44.43728638 -46.73440933 -29.04190636
v -45.73139954 -47.85186386 -26.87685585
v -46.85265350 -48.90142822 -24.59753036
v -46.52011490 -55.29122543 -14.11152935
v -45.79265976 -54.86665344 -16.77393341
v -44.44185638 -56.84733200 -16.88380623
v -49.24104309 -51.54347610 -17.09711266
v -47.10633850 -55.61958694 -11.37007809
v -50.62973404 -53.74076080 -2.94238400
v -11.57325935 -34.98275757 -46.35829926
v -18.07095146 -36.39087677 -44.76898575
v -21.06910324 -37.35927200 -43.79687881
v -23.87642860 -38.43321609 -42.72664261
v -26.51371574 -39.58095551 -41.55898285
v -28.99760437 -40.77832794 -40.29146194
v -31.34057808 -42.00656891 -38.91929245
v -33.52776718 -43.23678589 -37.45044327
v -35.55529785 -44.44826126 -35.88853073
v -37.43281174 -45.63136673 -34.22784042
v -39.16761780 -46.77816010 -32.46159363
v -40.76538849 -47.88174057 -30.58203697
v -42.23041534 -48.93598938 -28.58020020
v -45.77579880 -51.68371201 -21.86331940
v -46.66231155 -52.42617416 -19.41029167
v -49.10290146 -54.66217041 -5.77841663
v -47.54909897 -55.85467529 -8.58456516
v -49.23815918 -54.80234528 -2.90738463
v -11.01511097 -37.49887848 -45.83558655
v -19.80419540 -39.98547745 -43.36154938
v -22.42208290 -41.09345245 -42.31984329
v -24.89452171 -42.26782990 -41.18021774
v -27.23785019 -43.48210144 -39.94027328
v -29.46438789 -44.71562958 -38.59524918
v -31.56095505 -45.93686676 -37.15296173
v -33.52423859 -47.12335205 -35.61697769
v -38.69186020 -50.38235855 -30.38471603
v -40.18912506 -51.34644699 -28.40638733
v -40.15099335 -60.72689438 -22.81398773
v -41.10601425 -58.34065247 -22.24770546
v -38.69643402 -60.37346268 -25.21525002
v -42.82944107 -53.04029083 -24.07897377
v -43.94849777 -53.74389648 -21.75453377
v -44.93563461 -54.35184479 -19.32066536
v -45.73349380 -60.83187866 -6.00873566
v -45.25314331 -60.94484711 -8.96946144
v -21.02373123 -43.80190659 -42.10921860
v -18.58446121 -42.65282440 -43.10415268
v -17.41704559 -45.34482956 -43.02517319
v -10.47918892 -40.04225159 -45.44850922
v -16.00601578 -41.60155869 -44.00131989
v -23.34382248 -45.01118469 -41.01651764
v -25.56080818 -46.25180817 -39.82295227
v -27.68684959 -47.50125885 -38.52306366
v -29.71018982 -48.72515106 -37.12348175
v -31.62775040 -49.89906693 -35.62676239
v -35.15967941 -55.74809647 -30.87302780
v -31.99331093 -57.63594818 -33.31811905
v -33.75909424 -58.49916077 -31.53136635
v -35.17445374 -52.05567551 -32.31519699
v -36.81187439 -53.02330399 -30.48439789
v -38.36051559 -53.91016006 -28.52448082
v -39.81721878 -54.71068192 -26.42760658
v -41.15903091 -55.40419006 -24.21328545
v -42.37854385 -55.98758316 -21.88645554
v -43.47402191 -56.46620178 -19.44404793
v -42.67634583 -61.06999969 -17.59650230
v -43.71782684 -61.09673309 -14.78994083
v -44.33885956 -59.10139847 -14.43665504
v -45.27694321 -57.13962555 -14.20429993
v -45.96220779 -57.34312820 -11.44377518
v -46.48999023 -57.46812820 -8.63877964
v -12.53857136 -43.30575562 -44.58976364
v -15.03268528 -44.24565125 -43.85988998
v -19.69078827 -46.53925705 -42.09486389
v -20.49438477 -50.57658386 -41.32919693
v -21.87360954 -47.78837967 -41.06746292
v -18.43161964 -49.28604126 -42.27415085
v -23.98134804 -49.06100464 -39.93841934
v -26.02598381 -50.33273315 -38.70081711
v -27.99682617 -51.56623459 -37.35906982
v -29.89060211 -52.73499298 -35.91379166
v -31.71380043 -53.82718277 -34.35710907
v -33.46985626 -54.83383560 -32.68011093
v -36.78129959 -56.56539917 -28.92516327
v -38.32828522 -57.28065872 -26.82787132
v -39.77399445 -57.87281036 -24.60011292
v -42.31711197 -58.69295502 -19.76929855
v -43.39816666 -58.94170761 -17.16514778
v -45.11740112 -59.17829132 -11.62539196
v -45.72222137 -59.19054794 -8.77089119
v -11.82092857 -45.90997314 -44.53742218
v -14.10522079 -46.89667892 -43.87935638
v -16.30838203 -48.04490662 -43.12292862
v -22.51226234 -51.88299942 -40.28129959
v -24.49695396 -53.17900467 -39.12131119
v -26.43836021 -54.42427444 -37.85041046
v -28.33244896 -55.59015656 -36.46641159
v -30.18376160 -56.66390228 -34.95927811
v -35.47548676 -59.24909973 -29.58697510
v -37.13183975 -59.88106537 -27.47539711
v -41.48245239 -60.95350647 -20.27304459
v -44.58133698 -61.04627609 -11.89971447
f 1 2 3
f 3 4 5
f 6 7 8
f 4 9 10
f 11 3 12
f 13 14 15
f 16 4 10
f 17 13 18
f 15 14 9
f 19 17 20
f 15 18 13
f 21 1 5
f 22 7 23
f 24 25 26
f 7 6 23
f 5 4 16
f 5 27 21
f 28 29 30
f 31 32 33
f 16 27 5
f 9 11 34
f 35 36 37
f 38 11 12
f 39 40 41
f 42 43 44
f 45 46 47
f 46 48 49
f 50 51 52
f 35 37 53
f 54 55 56
f 57 58 48
f 49 48 59
f 60 61 43
f 62 63 64
f 63 65 66
f 67 68 69
f 70 69 71
f 72 73 74
f 75 76 77
f 78 79 80
f 81 82 83
f 84 85 86
f 87 81 83
f 82 19 83
f 88 89 90
f 91 92 93
f 94 95 96
f 97 98 99
f 81 87 100
f 101 102 103
f 104 105 106
f 107 98 108
f 109 105 110
f 110 111 112
f 109 106 105
f 113 103 114
f 82 81 99
f 115 116 108
f 117 118 119
f 120 121 122
f 123 118 124
f 123 125 119
f 126 127 128
f 77 129 120
f 130 131 84
f 132 133 73
f 134 90 135
f 78 80 136
f 135 137 138
f 139 140 141
f 67 142 68
f 143 18 15
f 144 42 145
f 143 34 146
f 147 143 148
f 54 149 148
f 54 31 150
f 151 32 152
f 31 56 153
f 153 154 155
f 156 157 154
f 158 159 155
f 160 161 162
f 161 163 162
f 163 164 162
f 165 166 162
f 165 162 164
f 48 162 57
f 167 168 48
f 48 168 59
f 46 169 47
f 170 46 49
f 46 171 41
f 45 171 46
f 46 41 40
f 172 173 40
f 40 39 172
f 42 174 43
f 173 44 40
f 43 40 44
f 175 176 177
f 178 179 44
f 44 180 181
f 179 180 44
f 174 42 51
f 44 181 42
f 145 42 182
f 53 42 144
f 52 51 42
f 35 53 183
f 52 42 53
f 37 184 185
f 186 37 187
f 37 188 187
f 189 25 186
f 184 37 186
f 190 29 28
f 185 184 191
f 192 191 25
f 186 25 184
f 25 193 26
f 29 193 25
f 194 192 195
f 196 197 198
f 199 200 197
f 196 199 197
f 201 197 202
f 25 24 203
f 2 195 203
f 195 1 204
f 197 205 24
f 201 206 207
f 7 204 21
f 2 208 12
f 21 27 8
f 133 209 210
f 79 78 90
f 211 212 126
f 128 211 126
f 213 214 120
f 214 215 216
f 214 77 120
f 75 217 128
f 217 75 218
f 75 77 218
f 216 77 214
f 91 219 92
f 96 216 92
f 77 216 218
f 90 220 221
f 135 138 222
f 218 216 223
f 224 95 94
f 95 223 216
f 225 137 226
f 224 226 137
f 95 224 137
f 137 225 227
f 137 135 228
f 137 229 138
f 135 222 134
f 221 79 90
f 136 230 78
f 231 70 232
f 71 233 90
f 78 234 71
f 235 71 236
f 237 71 235
f 71 90 78
f 71 237 70
f 70 231 238
f 232 70 237
f 239 70 240
f 70 238 240
f 241 73 242
f 70 242 73
f 73 243 244
f 73 241 245
f 73 244 132
f 133 246 247
f 132 209 133
f 84 86 248
f 133 247 85
f 130 84 248
f 249 250 251
f 130 248 252
f 131 130 251
f 253 254 123
f 255 249 251
f 256 257 258
f 259 101 124
f 260 115 103
f 107 108 116
f 260 106 116
f 116 106 261
f 115 260 116
f 261 107 116
f 262 111 212
f 212 263 258
f 263 111 105
f 264 265 266
f 99 81 97
f 100 267 268
f 98 97 108
f 269 97 100
f 104 256 263
f 108 97 269
f 270 271 129
f 111 110 105
f 261 106 109
f 260 104 106
f 105 104 263
f 272 112 262
f 262 112 111
f 212 111 263
f 273 272 262
f 274 204 22
f 8 7 21
f 204 7 22
f 275 276 277
f 204 1 21
f 34 11 38
f 1 3 5
f 3 11 4
f 147 20 18
f 10 9 14
f 9 4 11
f 147 18 143
f 34 143 15
f 20 278 83
f 19 20 83
f 17 18 20
f 81 100 97
f 87 267 100
f 279 268 280
f 108 269 115
f 268 114 269
f 260 102 104
f 115 114 103
f 281 282 129
f 260 103 102
f 283 76 127
f 256 104 102
f 212 211 262
f 256 258 263
f 126 212 258
f 284 273 211
f 262 211 273
f 285 194 274
f 286 201 207
f 204 274 194
f 287 288 289
f 195 2 1
f 277 290 55
f 12 3 2
f 148 146 55
f 149 278 147
f 9 34 15
f 34 38 146
f 149 147 148
f 146 148 143
f 278 291 87
f 83 278 87
f 20 147 278
f 100 268 269
f 267 280 268
f 292 293 279
f 269 114 115
f 113 114 279
f 256 102 259
f 101 103 113
f 117 255 283
f 102 101 259
f 126 258 294
f 259 257 256
f 271 120 129
f 258 257 294
f 211 128 284
f 294 127 126
f 128 127 75
f 295 284 217
f 284 128 217
f 191 192 285
f 204 194 195
f 285 192 194
f 206 201 296
f 203 195 192
f 201 297 289
f 2 203 208
f 275 38 12
f 208 275 12
f 146 38 277
f 277 38 275
f 150 291 149
f 55 146 277
f 267 87 291
f 55 54 148
f 278 149 291
f 149 54 150
f 267 291 298
f 268 279 114
f 280 292 279
f 299 265 300
f 118 257 259
f 301 113 293
f 117 294 257
f 124 101 301
f 129 302 303
f 118 259 124
f 304 129 303
f 257 118 117
f 129 282 270
f 283 127 294
f 120 122 305
f 75 127 76
f 216 215 93
f 223 295 218
f 217 218 295
f 25 191 184
f 198 24 26
f 25 203 192
f 202 296 201
f 203 24 208
f 297 287 289
f 208 24 205
f 306 307 157
f 205 276 275
f 157 307 308
f 276 290 277
f 150 33 298
f 56 55 290
f 267 298 280
f 56 31 54
f 291 150 298
f 150 31 33
f 280 298 309
f 279 293 113
f 292 264 293
f 310 311 312
f 113 301 101
f 253 301 266
f 125 249 119
f 123 124 253
f 313 283 255
f 119 118 123
f 302 129 314
f 129 76 313
f 294 117 283
f 283 313 76
f 121 120 271
f 77 76 129
f 120 315 213
f 216 93 92
f 92 316 96
f 216 96 95
f 228 223 95
f 53 37 185
f 189 30 25
f 25 30 29
f 29 317 193
f 198 197 24
f 197 318 202
f 205 197 201
f 275 208 205
f 201 276 205
f 289 288 319
f 201 289 276
f 319 157 289
f 289 156 290
f 33 151 309
f 56 290 156
f 280 309 292
f 153 32 31
f 298 33 309
f 151 33 32
f 292 309 320
f 301 293 266
f 264 266 293
f 299 300 321
f 301 253 124
f 254 253 299
f 130 313 251
f 123 254 125
f 322 313 130
f 322 323 313
f 117 119 255
f 255 251 313
f 314 313 323
f 313 314 129
f 281 129 304
f 305 324 120
f 315 120 324
f 219 325 92
f 316 92 325
f 229 137 227
f 228 95 137
f 90 134 220
f 89 135 90
f 53 144 183
f 36 326 37
f 188 37 326
f 190 327 29
f 317 29 327
f 200 328 197
f 318 197 328
f 286 329 201
f 201 329 297
f 157 319 306
f 290 276 289
f 157 308 330
f 56 156 153
f 156 289 157
f 151 331 320
f 153 156 154
f 264 292 320
f 155 152 32
f 309 151 320
f 331 151 152
f 264 320 332
f 253 266 299
f 265 299 266
f 333 321 334
f 249 335 250
f 336 254 321
f 119 249 255
f 125 254 336
f 322 130 337
f 125 335 249
f 251 250 131
f 252 338 130
f 337 130 338
f 230 234 78
f 234 236 71
f 339 340 90
f 340 88 90
f 175 174 176
f 182 42 181
f 43 174 175
f 173 178 44
f 341 330 160
f 331 152 342
f 160 162 341
f 154 157 341
f 343 332 331
f 153 155 32
f 158 155 154
f 265 332 344
f 159 342 152
f 342 343 331
f 264 332 265
f 320 331 332
f 299 321 254
f 300 334 321
f 333 310 312
f 125 336 335
f 345 336 333
f 133 85 84
f 345 335 336
f 246 133 210
f 250 335 346
f 347 74 133
f 250 348 131
f 73 245 243
f 349 131 348
f 242 70 239
f 84 131 349
f 350 141 351
f 347 133 84
f 90 233 339
f 73 133 74
f 69 70 72
f 352 339 350
f 233 350 339
f 233 68 139
f 351 352 350
f 353 60 354
f 169 46 170
f 177 354 60
f 60 175 177
f 48 58 167
f 353 354 62
f 166 57 162
f 43 61 40
f 157 330 341
f 40 355 46
f 341 158 154
f 48 356 357
f 358 343 342
f 357 359 162
f 360 158 341
f 343 361 344
f 155 159 152
f 362 159 158
f 361 343 358
f 363 358 342
f 344 364 300
f 265 344 300
f 332 343 344
f 321 333 336
f 334 310 333
f 346 348 250
f 335 345 346
f 346 365 366
f 349 347 84
f 346 345 365
f 367 368 72
f 348 346 366
f 70 73 72
f 366 369 348
f 349 348 369
f 68 233 71
f 69 68 71
f 347 349 370
f 370 371 347
f 139 141 350
f 233 139 350
f 347 371 74
f 367 72 74
f 372 141 373
f 372 351 141
f 69 72 368
f 139 68 142
f 374 373 375
f 372 373 374
f 375 373 376
f 377 374 378
f 379 65 380
f 175 60 43
f 64 63 66
f 355 40 61
f 379 66 65
f 356 46 355
f 380 381 379
f 357 162 48
f 356 48 46
f 382 60 353
f 359 341 162
f 383 384 61
f 385 355 384
f 360 362 158
f 359 360 341
f 356 386 357
f 362 363 159
f 359 387 388
f 360 389 362
f 364 361 390
f 159 363 342
f 362 391 363
f 334 300 364
f 392 393 358
f 344 361 364
f 361 393 390
f 334 364 394
f 345 312 365
f 312 345 333
f 349 369 370
f 312 311 365
f 365 311 366
f 367 74 371
f 366 311 369
f 69 368 67
f 369 311 370
f 142 140 139
f 370 311 371
f 311 367 371
f 141 376 373
f 141 140 376
f 367 311 368
f 311 67 368
f 395 381 396
f 375 378 374
f 311 142 67
f 140 142 311
f 397 377 378
f 311 376 140
f 375 376 311
f 397 398 399
f 399 377 397
f 311 378 375
f 397 378 311
f 400 398 395
f 398 400 399
f 311 398 397
f 395 396 400
f 311 395 398
f 381 380 396
f 381 395 311
f 353 62 64
f 311 379 381
f 60 382 383
f 353 64 382
f 379 311 66
f 311 64 66
f 355 61 384
f 61 60 383
f 64 311 382
f 356 355 385
f 382 311 383
f 311 384 383
f 387 357 386
f 386 356 385
f 384 311 385
f 311 386 385
f 388 360 359
f 387 359 357
f 386 311 387
f 311 388 387
f 389 391 362
f 388 389 360
f 388 311 389
f 391 392 363
f 389 311 391
f 311 392 391
f 358 393 361
f 363 392 358
f 392 311 393
f 311 394 390
f 393 311 390
f 310 394 311
f 334 394 310
f 364 390 394
f 401 402 403
f 404 401 405
f 406 407 408
f 409 405 410
f 411 401 412
f 413 408 414
f 415 416 417
f 99 418 82
f 419 420 421
f 418 406 422
f 423 424 425
f 426 406 427
f 107 428 429
f 406 430 422
f 107 429 431
f 432 433 434
f 430 435 422
f 261 436 437
f 438 17 433
f 439 440 441
f 432 442 433
f 441 443 439
f 432 444 445
f 446 447 448
f 449 442 432
f 448 109 446
f 438 450 451
f 452 446 109
f 449 453 442
f 109 110 452
f 454 452 110
f 14 455 10
f 454 110 456
f 457 458 10
f 110 459 456
f 451 460 461
f 112 459 110
f 462 16 463
f 464 465 450
f 450 466 460
f 467 468 469
f 470 471 472
f 473 474 475
f 476 477 478
f 479 480 481
f 479 482 483
f 484 27 485
f 485 477 476
f 8 484 486
f 484 8 27
f 487 8 488
f 8 486 488
f 6 8 487
f 489 490 421
f 107 431 98
f 491 421 490
f 107 492 493
f 428 107 493
f 494 495 496
f 107 497 498
f 492 107 498
f 107 437 499
f 497 107 499
f 419 421 500
f 439 448 501
f 107 261 437
f 502 503 261
f 261 503 436
f 504 425 420
f 443 505 261
f 261 505 502
f 439 506 440
f 507 423 425
f 508 439 509
f 439 510 506
f 109 439 261
f 509 439 501
f 424 511 512
f 513 448 514
f 515 448 447
f 515 494 448
f 494 514 448
f 494 496 516
f 494 516 514
f 424 512 495
f 494 424 495
f 511 424 423
f 507 425 504
f 425 421 420
f 500 421 491
f 490 489 517
f 518 401 519
f 518 517 401
f 520 412 401
f 411 519 401
f 521 401 522
f 521 520 401
f 405 401 403
f 401 404 522
f 405 416 410
f 409 404 405
f 417 405 408
f 415 417 523
f 417 524 523
f 416 405 417
f 407 98 417
f 98 407 99
f 98 525 417
f 526 417 525
f 431 527 98
f 98 527 525
f 528 450 529
f 10 458 530
f 531 464 473
f 455 14 532
f 457 10 455
f 451 533 534
f 535 451 536
f 535 532 451
f 534 536 451
f 461 533 451
f 450 460 451
f 465 466 450
f 537 450 528
f 450 537 473
f 450 473 464
f 538 539 473
f 473 539 531
f 540 473 541
f 540 542 473
f 473 542 538
f 479 478 477
f 473 475 541
f 543 474 544
f 543 475 474
f 544 468 467
f 544 474 468
f 545 468 471
f 545 469 468
f 472 546 547
f 471 468 472
f 470 472 547
f 477 548 549
f 481 550 546
f 546 472 481
f 481 480 551
f 550 481 551
f 480 479 483
f 549 482 479
f 477 549 479
f 477 552 548
f 27 16 477
f 552 477 462
f 553 554 462
f 555 462 556
f 462 557 558
f 553 462 558
f 463 16 559
f 557 462 463
f 16 560 561
f 559 16 561
f 16 562 563
f 560 16 563
f 564 562 10
f 16 10 562
f 565 566 10
f 10 566 564
f 530 567 10
f 10 567 565
f 462 555 552
f 477 485 27
f 462 477 16
f 556 462 554
f 474 473 568
f 473 537 568
f 442 453 529
f 532 14 451
f 450 442 529
f 13 451 14
f 438 442 450
f 449 432 445
f 17 438 13
f 451 13 438
f 444 422 435
f 442 438 433
f 444 432 422
f 19 433 17
f 422 432 434
f 430 406 426
f 82 434 19
f 433 19 434
f 427 408 413
f 406 408 427
f 82 418 434
f 422 434 418
f 414 405 569
f 408 407 417
f 99 407 418
f 406 418 407
f 414 408 405
f 405 403 569
f 524 417 570
f 417 526 570
f 402 401 489
f 489 401 517
f 443 261 439
f 510 439 508
f 439 109 448
f 513 501 448
f 6 571 572
f 573 574 486
f 488 575 487
f 476 576 577
f 484 485 578
f 579 481 580
f 581 478 479
f 582 583 474
f 468 584 472
f 528 585 586
f 568 537 587
f 588 449 589
f 590 529 453
f 591 592 435
f 593 589 444
f 413 594 427
f 430 426 595
f 569 403 596
f 597 414 598
f 599 489 421
f 600 601 402
f 602 425 424
f 425 602 603
f 424 494 604
f 604 602 424
f 515 605 494
f 604 494 605
f 606 515 447
f 515 606 605
f 447 446 607
f 607 606 447
f 452 608 446
f 607 446 608
f 609 452 454
f 452 609 608
f 454 456 610
f 610 609 454
f 459 611 456
f 610 456 611
f 612 459 112
f 459 612 611
f 613 612 112
f 599 421 603
f 425 603 421
f 599 600 489
f 601 403 402
f 600 402 489
f 598 569 596
f 596 403 601
f 413 414 597
f 414 569 598
f 427 594 595
f 413 597 594
f 430 595 591
f 427 595 426
f 592 593 435
f 430 591 435
f 589 445 444
f 593 444 435
f 588 453 449
f 589 449 445
f 585 529 590
f 590 453 588
f 537 528 586
f 528 529 585
f 568 587 582
f 537 586 587
f 474 583 468
f 568 582 474
f 584 580 472
f 583 584 468
f 579 479 481
f 580 481 472
f 576 478 581
f 581 479 579
f 485 476 577
f 476 478 576
f 484 578 573
f 485 577 578
f 486 574 488
f 484 573 486
f 575 571 487
f 574 575 488
f 6 487 571
f 613 272 614
f 615 616 284
f 617 614 273
f 135 618 228
f 295 223 619
f 620 135 89
f 135 620 618
f 621 620 89
f 619 223 228
f 228 618 619
f 295 619 615
f 284 616 273
f 295 615 284
f 614 272 273
f 616 617 273
f 613 112 272
f 622 53 623
f 285 624 191
f 185 625 626
f 22 627 628
f 629 274 628
f 627 23 6
f 22 23 627
f 572 627 6
f 285 274 629
f 274 22 628
f 191 624 625
f 285 629 624
f 626 623 185
f 191 625 185
f 622 52 53
f 623 53 185
f 630 631 632
f 622 633 50
f 634 635 636
f 52 622 50
f 635 634 633
f 50 633 634
f 635 632 636
f 630 637 631
f 632 631 636
f 638 639 640
f 640 639 641
f 88 638 621
f 638 88 639
f 88 621 89
f 641 642 643
f 643 640 641
f 642 637 643
f 637 630 643
f 617 613 614
f 635 633 573
f 613 616 615
f 617 616 613
f 619 618 612
f 615 619 613
f 638 610 621
f 611 612 620
f 609 640 608
f 604 580 602
f 607 576 606
f 622 575 574
f 625 571 626
f 571 575 623
f 624 629 572
f 628 572 629
f 627 572 628
f 571 625 572
f 572 625 624
f 622 623 575
f 626 571 623
f 574 573 633
f 622 574 633
f 635 573 578
f 632 578 577
f 578 632 635
f 576 630 577
f 632 577 630
f 580 584 602
f 581 606 576
f 584 583 603
f 604 579 580
f 587 601 600
f 600 599 582
f 596 586 585
f 590 588 597
f 590 598 585
f 591 593 592
f 595 594 589
f 595 589 593
f 593 591 595
f 594 597 588
f 589 594 588
f 596 585 598
f 590 597 598
f 586 601 587
f 586 596 601
f 599 583 582
f 582 587 600
f 603 602 584
f 599 603 583
f 579 605 581
f 579 604 605
f 607 630 576
f 605 606 581
f 608 643 607
f 630 607 643
f 638 640 609
f 640 643 608
f 611 621 610
f 610 638 609
f 612 618 620
f 611 620 621
f 612 613 619
f 400 642 399
f 641 351 372
f 88 340 639
f 639 340 339
f 639 339 352
f 352 351 639
f 374 642 641
f 374 641 372
f 639 351 641
f 400 637 642
f 642 377 399
f 642 374 377
f 396 637 400
f 637 396 380
f 65 631 380
f 62 636 631
f 63 631 65
f 177 634 636
f 354 636 62
f 176 174 634
f 176 634 177
f 51 50 634
f 51 634 174
f 354 177 636
f 631 637 380
f 62 631 63
f 644 645 646
f 647 648 649
f 650 646 645
f 651 652 653
f 651 646 650
f 652 654 655
f 655 653 652
f 654 656 657
f 655 654 657
f 658 656 659
f 654 659 656
f 660 659 661
f 659 660 658
f 661 662 663
f 663 660 661
f 662 664 665
f 663 662 665
f 666 664 667
f 662 667 664
f 652 651 650
f 668 645 669
f 644 669 645
f 668 670 671
f 670 668 669
f 672 671 673
f 671 670 673
f 674 672 675
f 672 674 671
f 676 674 675
f 649 648 676
f 676 675 649
f 677 678 679
f 648 680 681
f 682 683 684
f 685 686 677
f 687 688 689
f 690 691 692
f 693 694 695
f 696 697 698
f 699 700 701
f 695 702 701
f 703 704 705
f 706 705 700
f 707 708 709
f 703 710 708
f 711 712 713
f 711 714 715
f 694 702 695
f 716 717 718
f 719 720 721
f 722 721 720
f 667 719 666
f 719 667 720
f 707 709 715
f 679 723 677
f 724 722 725
f 724 721 722
f 725 717 716
f 725 722 717
f 718 713 712
f 716 718 712
f 713 714 711
f 714 707 715
f 709 708 710
f 703 708 704
f 705 704 700
f 699 706 700
f 701 702 699
f 698 693 696
f 693 695 696
f 688 697 689
f 697 696 689
f 726 687 692
f 687 689 692
f 690 727 691
f 692 691 726
f 682 690 683
f 690 682 727
f 728 683 686
f 684 683 728
f 723 685 677
f 685 728 686
f 678 681 729
f 678 729 679
f 648 647 680
f 729 681 680
f 730 731 732
f 733 734 735
f 734 736 735
f 737 738 733
f 733 735 737
f 738 739 740
f 739 738 737
f 741 742 743
f 739 744 740
f 745 746 747
f 748 749 750
f 751 752 753
f 754 755 756
f 757 758 752
f 759 757 752
f 755 751 753
f 753 752 758
f 755 754 751
f 749 748 756
f 756 748 754
f 745 747 750
f 749 745 750
f 746 731 730
f 747 746 730
f 732 742 741
f 732 731 742
f 740 744 743
f 744 741 743
f 760 761 762
f 763 764 765
f 766 761 760
f 765 767 768
f 767 769 768
f 768 763 765
f 766 769 767
f 766 760 770
f 766 770 769
f 764 771 772
f 764 772 765
f 773 761 774
f 773 762 761
f 775 773 774
f 772 771 776
f 775 774 777
f 776 778 772
f 779 777 774
f 780 778 776
f 777 779 781
f 782 778 780
f 781 779 783
f 782 780 784
f 782 784 785
f 779 786 783
f 787 785 784
f 788 783 786
f 789 788 786
f 790 785 787
f 786 791 789
f 792 790 787
f 791 793 789
f 794 790 792
f 794 792 795
f 791 796 793
f 797 798 796
f 796 791 797
f 799 800 801
f 798 801 800
f 802 803 804
f 805 799 806
f 807 808 809
f 810 804 803
f 811 812 809
f 809 808 811
f 813 814 811
f 812 811 814
f 815 813 816
f 813 815 814
f 817 815 816
f 810 807 804
f 807 810 808
f 803 802 818
f 818 806 799
f 806 818 802
f 798 797 801
f 800 799 805
f 819 820 795
f 794 795 820
f 821 819 822
f 819 821 820
f 822 823 824
f 824 821 822
f 825 824 826
f 823 826 824
f 825 827 828
f 827 825 826
f 829 828 830
f 828 827 830
f 831 829 832
f 829 831 828
f 833 834 831
f 831 832 833
f 835 834 836
f 833 836 834
f 837 838 835
f 837 835 836
f 839 840 838
f 835 838 840
f 840 841 842
f 841 840 839
f 843 816 842
f 842 841 843
f 843 817 816
f 844 845 846
f 847 848 849
f 848 850 849
f 851 852 847
f 847 849 851
f 852 853 854
f 853 852 851
f 855 856 857
f 853 858 854
f 859 860 861
f 862 863 864
f 865 866 867
f 868 869 870
f 871 872 866
f 873 871 866
f 869 865 867
f 867 866 872
f 869 868 865
f 863 862 870
f 870 862 868
f 859 861 864
f 863 859 864
f 860 845 844
f 861 860 844
f 846 856 855
f 846 845 856
f 854 858 857
f 858 855 857
f 874 875 876
f 877 878 875
f 875 874 877
f 879 878 877
f 876 880 874
f 877 881 879
f 882 874 880
f 883 879 881
f 882 880 884
f 885 881 886
f 881 885 883
f 887 886 888
f 887 885 886
f 889 890 891
f 888 886 890
f 890 892 893
f 893 891 890
f 892 894 895
f 893 892 895
f 896 897 898
f 892 896 894
f 899 897 900
f 896 900 897
f 901 902 900
f 900 902 899
f 903 904 905
f 905 904 901
f 906 907 908
f 907 903 905
f 909 908 910
f 911 906 908
f 910 912 909
f 913 912 910
f 914 915 916
f 917 918 919
f 920 921 922
f 923 924 917
f 918 917 924
f 925 926 923
f 923 926 924
f 925 927 928
f 927 925 923
f 929 930 931
f 929 932 933
f 934 935 936
f 937 938 930
f 939 940 941
f 941 940 942
f 943 939 941
f 939 943 944
f 942 935 934
f 942 934 941
f 945 937 936
f 937 934 936
f 946 930 938
f 938 937 945
f 929 931 947
f 930 946 931
f 933 927 929
f 947 932 929
f 928 927 933
f 921 920 917
f 917 919 921
f 922 948 920
f 949 948 950
f 948 949 920
f 951 952 949
f 949 950 951
f 916 952 914
f 951 914 952
f 913 915 912
f 915 913 916
f 908 909 911
f 901 900 905
f 903 907 906
f 890 889 888
f 898 894 896
f 953 882 954
f 882 884 954
f 953 955 956
f 955 953 954
f 957 958 956
f 956 955 957
f 959 958 960
f 957 960 958
f 961 962 959
f 961 959 960
f 963 964 962
f 959 962 964
f 965 963 966
f 963 965 964
f 966 967 968
f 968 965 966
f 968 967 943
f 967 944 943
f 969 970 971
f 972 973 974
f 973 975 974
f 976 977 972
f 972 974 976
f 977 978 979
f 978 977 976
f 980 981 982
f 978 983 979
f 984 985 986
f 987 988 989
f 990 991 992
f 993 994 995
f 996 997 991
f 998 996 991
f 994 990 992
f 992 991 997
f 994 993 990
f 988 987 995
f 995 987 993
f 984 986 989
f 988 984 989
f 985 970 969
f 986 985 969
f 971 981 980
f 971 970 981
f 979 983 982
f 983 980 982
f 999 1000 1001
f 1001 1000 1002
f 999 1003 1000
f 1004 1002 1005
f 1004 1001 1002
f 1006 1007 1008
f 1006 1005 1007
f 1009 1010 1008
f 1008 1007 1009
f 1009 1011 1012
f 1010 1009 1012
f 1013 1014 1015
f 1011 1013 1015
f 1016 1014 1017
f 1013 1017 1014
f 1018 1019 1020
f 1017 1019 1016
f 1019 1017 1020
f 1020 1021 1018
f 1021 1020 1022
f 1023 1024 1025
f 1025 1022 1023
f 1026 1027 1028
f 1029 1023 1026
f 1030 1031 1032
f 1033 1034 1035
f 1036 1037 1030
f 1030 1037 1031
f 1038 1039 1040
f 1041 1042 1043
f 1044 1045 1046
f 1040 1047 1048
f 1049 1050 1051
f 1052 1053 1054
f 1055 1056 1057
f 1058 1059 1060
f 1057 1061 1062
f 1063 1064 1065
f 1066 1062 1061
f 1061 1063 1066
f 1057 1062 1067
f 1066 1063 1065
f 1064 1068 1065
f 1067 1055 1057
f 1060 1059 1056
f 1060 1056 1055
f 1049 1069 1058
f 1069 1059 1058
f 1052 1051 1050
f 1049 1051 1069
f 1054 1053 1045
f 1054 1051 1052
f 1046 1047 1044
f 1054 1045 1044
f 1038 1040 1048
f 1047 1040 1044
f 1070 1043 1039
f 1038 1070 1039
f 1041 1036 1042
f 1039 1043 1042
f 1036 1030 1042
f 1071 1032 1072
f 1032 1031 1072
f 1032 1073 1074
f 1073 1032 1071
f 1075 1074 1076
f 1074 1073 1076
f 1077 1075 1078
f 1075 1077 1074
f 1077 1078 1079
f 1080 1081 1079
f 1077 1079 1081
f 1081 1082 1033
f 1082 1081 1080
f 1033 1035 1083
f 1033 1082 1034
f 1027 1083 1084
f 1035 1084 1083
f 1029 1026 1028
f 1028 1027 1084
f 1024 1023 1029
f 1025 1021 1022
f 1009 1013 1011
f 1003 1085 1000
f 1005 1002 1007
f 1086 1085 1087
f 1085 1086 1000
f 1088 1089 1086
f 1086 1087 1088
f 1089 1090 1091
f 1088 1090 1089
f 1091 1092 1093
f 1093 1089 1091
f 1093 1092 1064
f 1092 1068 1064
f 1094 1095 1096
f 1097 1098 1099
f 1098 1100 1099
f 1101 1102 1097
f 1097 1099 1101
f 1102 1103 1104
f 1103 1102 1101
f 1105 1106 1107
f 1103 1108 1104
f 1109 1110 1111
f 1112 1113 1114
f 1115 1116 1117
f 1118 1119 1120
f 1121 1122 1116
f 1123 1121 1116
f 1119 1115 1117
f 1117 1116 1122
f 1119 1118 1115
f 1113 1112 1120
f 1120 1112 1118
f 1109 1111 1114
f 1113 1109 1114
f 1110 1095 1094
f 1111 1110 1094
f 1096 1106 1105
f 1096 1095 1106
f 1104 1108 1107
f 1108 1105 1107
f 714 745 749
f 749 756 707
f 707 714 749
f 756 704 708
f 707 756 708
f 700 704 755
f 756 755 704
f 700 753 701
f 753 700 755
f 758 695 701
f 701 753 758
f 696 695 757
f 758 757 695
f 696 759 689
f 759 696 757
f 752 692 689
f 689 759 752
f 690 692 751
f 752 751 692
f 683 751 754
f 751 683 690
f 754 748 686
f 686 683 754
f 750 677 748
f 686 748 677
f 678 750 747
f 750 678 677
f 747 730 681
f 681 678 747
f 732 648 730
f 681 730 648
f 676 732 741
f 732 676 648
f 674 676 741
f 746 745 713
f 714 713 745
f 746 718 731
f 718 746 713
f 717 742 731
f 731 718 717
f 743 742 722
f 717 722 742
f 743 720 740
f 720 743 722
f 662 740 667
f 740 720 667
f 738 662 661
f 662 738 740
f 661 659 733
f 733 738 661
f 654 734 659
f 733 659 734
f 736 654 652
f 654 736 734
f 652 650 735
f 735 736 652
f 645 737 650
f 735 650 737
f 739 645 668
f 645 739 737
f 668 671 744
f 744 739 668
f 744 671 741
f 671 674 741
f 1007 1109 1113
f 1113 1120 1009
f 1009 1007 1113
f 1120 1017 1013
f 1009 1120 1013
f 1020 1017 1119
f 1120 1119 1017
f 1020 1117 1022
f 1117 1020 1119
f 1122 1023 1022
f 1022 1117 1122
f 1026 1023 1121
f 1122 1121 1023
f 1026 1123 1027
f 1123 1026 1121
f 1116 1083 1027
f 1027 1123 1116
f 1033 1083 1115
f 1116 1115 1083
f 1081 1115 1118
f 1115 1081 1033
f 1118 1112 1077
f 1077 1081 1118
f 1114 1074 1112
f 1077 1112 1074
f 1032 1114 1111
f 1114 1032 1074
f 1111 1094 1030
f 1030 1032 1111
f 1096 1042 1094
f 1030 1094 1042
f 1039 1096 1105
f 1096 1039 1042
f 1040 1039 1105
f 1110 1109 1002
f 1007 1002 1109
f 1110 1000 1095
f 1000 1110 1002
f 1086 1106 1095
f 1095 1000 1086
f 1107 1106 1089
f 1086 1089 1106
f 1107 1093 1104
f 1093 1107 1089
f 1063 1104 1064
f 1104 1093 1064
f 1102 1063 1061
f 1063 1102 1104
f 1061 1057 1097
f 1097 1102 1061
f 1056 1098 1057
f 1097 1057 1098
f 1100 1056 1059
f 1056 1100 1098
f 1059 1069 1099
f 1099 1100 1059
f 1051 1101 1069
f 1099 1069 1101
f 1103 1051 1054
f 1051 1103 1101
f 1054 1044 1108
f 1108 1103 1054
f 1108 1044 1105
f 1044 1040 1105
f 956 984 988
f 988 995 953
f 953 956 988
f 995 874 882
f 953 995 882
f 877 874 994
f 995 994 874
f 877 992 881
f 992 877 994
f 997 886 881
f 881 992 997
f 890 886 996
f 997 996 886
f 890 998 892
f 998 890 996
f 991 896 892
f 892 998 991
f 900 896 990
f 991 990 896
f 905 990 993
f 990 905 900
f 993 987 907
f 907 905 993
f 989 908 987
f 907 987 908
f 910 989 986
f 989 910 908
f 986 969 913
f 913 910 986
f 971 916 969
f 913 969 916
f 952 971 980
f 971 952 916
f 949 952 980
f 985 984 958
f 956 958 984
f 985 959 970
f 959 985 958
f 964 981 970
f 970 959 964
f 982 981 965
f 964 965 981
f 982 968 979
f 968 982 965
f 941 979 943
f 979 968 943
f 977 941 934
f 941 977 979
f 934 937 972
f 972 977 934
f 930 973 937
f 972 937 973
f 975 930 929
f 930 975 973
f 929 927 974
f 974 975 929
f 923 976 927
f 974 927 976
f 978 923 917
f 923 978 976
f 917 920 983
f 983 978 917
f 983 920 980
f 920 949 980
f 828 859 863
f 863 870 825
f 825 828 863
f 870 821 824
f 825 870 824
f 820 821 869
f 870 869 821
f 820 867 794
f 867 820 869
f 872 790 794
f 794 867 872
f 785 790 871
f 872 871 790
f 785 873 782
f 873 785 871
f 866 778 782
f 782 873 866
f 772 778 865
f 866 865 778
f 765 865 868
f 865 765 772
f 868 862 767
f 767 765 868
f 864 766 862
f 767 862 766
f 761 864 861
f 864 761 766
f 861 844 774
f 774 761 861
f 846 779 844
f 774 844 779
f 786 846 855
f 846 786 779
f 791 786 855
f 860 859 831
f 828 831 859
f 860 834 845
f 834 860 831
f 835 856 845
f 845 834 835
f 857 856 840
f 835 840 856
f 857 842 854
f 842 857 840
f 813 854 816
f 854 842 816
f 852 813 811
f 813 852 854
f 811 808 847
f 847 852 811
f 810 848 808
f 847 808 848
f 850 810 803
f 810 850 848
f 803 818 849
f 849 850 803
f 799 851 818
f 849 818 851
f 853 799 801
f 799 853 851
f 801 797 858
f 858 853 801
f 858 797 855
f 797 791 855
f 899 902 173
f 178 902 901
f 902 178 173
f 904 179 901
f 178 901 179
f 904 903 180
f 180 179 904
f 181 903 906
f 903 181 180
f 911 182 906
f 181 906 182
f 911 909 145
f 145 182 911
f 183 144 909
f 909 144 145
f 912 35 183
f 183 909 912
f 35 915 36
f 915 35 912
f 326 36 914
f 915 914 36
f 951 188 326
f 326 914 951
f 188 950 187
f 950 188 951
f 186 187 948
f 950 948 187
f 922 189 186
f 186 948 922
f 189 921 30
f 921 189 922
f 28 30 919
f 921 919 30
f 918 190 28
f 28 919 918
f 190 924 327
f 924 190 918
f 317 327 926
f 924 926 327
f 925 193 317
f 317 926 925
f 193 928 26
f 928 193 925
f 198 26 933
f 928 933 26
f 932 196 198
f 198 933 932
f 196 947 199
f 947 196 932
f 200 199 931
f 947 931 199
f 946 328 200
f 200 931 946
f 328 938 318
f 938 328 946
f 202 318 945
f 938 945 318
f 936 296 202
f 202 945 936
f 935 296 936
f 935 206 296
f 173 172 899
f 39 897 172
f 899 172 897
f 39 41 898
f 898 897 39
f 894 41 171
f 41 894 898
f 45 895 171
f 894 171 895
f 45 47 893
f 893 895 45
f 891 47 169
f 47 891 893
f 170 889 169
f 891 169 889
f 170 49 888
f 888 889 170
f 887 49 59
f 49 887 888
f 168 885 59
f 887 59 885
f 168 167 883
f 883 885 168
f 879 167 58
f 167 879 883
f 57 878 58
f 879 58 878
f 57 166 875
f 875 878 57
f 876 166 165
f 166 876 875
f 164 880 165
f 876 165 880
f 164 163 884
f 884 880 164
f 954 163 161
f 163 954 884
f 160 955 161
f 954 161 955
f 330 957 955
f 955 160 330
f 957 308 960
f 308 957 330
f 961 960 307
f 308 307 960
f 306 962 961
f 961 307 306
f 962 319 963
f 319 962 306
f 966 963 288
f 319 288 963
f 287 967 966
f 966 288 287
f 967 297 944
f 297 967 287
f 939 944 329
f 297 329 944
f 286 940 939
f 939 329 286
f 207 940 286
f 942 207 206
f 207 942 940
f 942 206 935
f 812 471 809
f 530 780 567
f 812 814 545
f 545 471 812
f 469 814 815
f 814 469 545
f 817 467 815
f 469 815 467
f 544 817 543
f 544 467 817
f 475 543 843
f 817 843 543
f 841 541 475
f 475 843 841
f 541 839 540
f 839 541 841
f 542 540 838
f 839 838 540
f 837 538 542
f 542 838 837
f 538 836 539
f 836 538 837
f 531 539 833
f 836 833 539
f 832 464 531
f 531 833 832
f 464 829 465
f 829 464 832
f 466 465 830
f 829 830 465
f 827 460 466
f 466 830 827
f 460 826 461
f 826 460 827
f 823 533 826
f 461 826 533
f 823 822 534
f 534 533 823
f 536 822 819
f 822 536 534
f 795 535 819
f 536 819 535
f 795 792 532
f 532 535 795
f 455 792 787
f 792 455 532
f 784 457 787
f 455 787 457
f 784 780 458
f 458 457 784
f 458 780 530
f 470 809 471
f 807 470 547
f 470 807 809
f 546 804 547
f 807 547 804
f 546 550 802
f 802 804 546
f 806 550 551
f 550 806 802
f 480 805 551
f 806 551 805
f 480 483 800
f 800 805 480
f 798 483 482
f 483 798 800
f 796 798 549
f 482 549 798
f 548 793 796
f 796 549 548
f 793 552 789
f 552 793 548
f 788 789 555
f 552 555 789
f 556 783 788
f 788 555 556
f 783 554 781
f 554 783 556
f 777 781 553
f 554 553 781
f 558 775 777
f 777 553 558
f 775 557 773
f 557 775 558
f 762 773 463
f 557 463 773
f 559 760 762
f 762 463 559
f 760 561 770
f 561 760 559
f 769 770 560
f 561 560 770
f 563 768 769
f 769 560 563
f 768 562 763
f 562 768 563
f 764 763 564
f 562 564 763
f 566 771 764
f 764 564 566
f 771 565 776
f 565 771 566
f 780 776 567
f 565 567 776
f 698 506 693
f 490 666 491
f 698 697 440
f 440 506 698
f 441 697 688
f 697 441 440
f 687 443 688
f 441 688 443
f 687 726 505
f 505 443 687
f 502 726 691
f 726 502 505
f 727 503 691
f 502 691 503
f 727 682 436
f 436 503 727
f 437 682 684
f 682 437 436
f 728 499 684
f 437 684 499
f 728 685 497
f 497 499 728
f 498 685 723
f 685 498 497
f 679 492 723
f 498 723 492
f 679 729 493
f 493 492 679
f 428 729 680
f 729 428 493
f 647 429 680
f 428 680 429
f 431 429 647
f 649 431 647
f 649 527 431
f 693 510 694
f 510 693 506
f 702 694 508
f 510 508 694
f 509 699 702
f 702 508 509
f 699 501 706
f 501 699 509
f 706 513 514
f 501 513 706
f 516 705 514
f 706 514 705
f 516 496 703
f 703 705 516
f 710 496 495
f 496 710 703
f 512 709 495
f 710 495 709
f 512 511 715
f 715 709 512
f 711 511 423
f 511 711 715
f 507 712 423
f 711 423 712
f 507 504 716
f 716 712 507
f 725 504 420
f 504 725 716
f 419 724 420
f 725 420 724
f 419 500 721
f 721 724 419
f 719 500 491
f 500 719 721
f 719 491 666
f 518 665 664
f 666 490 517
f 658 660 412
f 663 519 411
f 657 522 655
f 520 521 656
f 410 646 651
f 409 653 404
f 670 669 523
f 644 416 415
f 524 673 670
f 670 523 524
f 673 570 672
f 570 673 524
f 675 672 526
f 570 526 672
f 525 649 675
f 675 526 525
f 527 649 525
f 669 644 415
f 669 415 523
f 416 646 410
f 644 646 416
f 409 651 653
f 410 651 409
f 522 404 655
f 404 653 655
f 656 521 657
f 521 522 657
f 658 412 520
f 658 520 656
f 660 663 411
f 660 411 412
f 519 665 518
f 663 665 519
f 517 664 666
f 518 664 517
f 1071 1072 232
f 231 1072 1031
f 1072 231 232
f 1037 238 1031
f 231 1031 238
f 1037 1036 240
f 240 238 1037
f 239 1036 1041
f 1036 239 240
f 1043 242 1041
f 239 1041 242
f 1043 1070 241
f 241 242 1043
f 245 1070 1038
f 1070 245 241
f 1048 243 1038
f 245 1038 243
f 1048 1047 244
f 244 243 1048
f 132 1047 1046
f 1047 132 244
f 1045 209 1046
f 132 1046 209
f 1045 1053 210
f 210 209 1045
f 247 246 1053
f 1053 246 210
f 1052 85 247
f 247 1053 1052
f 85 1050 86
f 1050 85 1052
f 248 86 1049
f 1050 1049 86
f 1058 252 248
f 248 1049 1058
f 252 1060 338
f 1060 252 1058
f 337 338 1055
f 1060 1055 338
f 1067 322 337
f 337 1055 1067
f 322 1062 323
f 1062 322 1067
f 314 323 1066
f 1062 1066 323
f 1065 302 314
f 314 1066 1065
f 302 1068 303
f 1068 302 1065
f 304 303 1092
f 1068 1092 303
f 1092 1091 281
f 281 304 1092
f 1091 282 281
f 270 282 1090
f 1091 1090 282
f 1088 271 270
f 270 1090 1088
f 271 1087 121
f 1087 271 1088
f 1087 1085 121
f 232 237 1071
f 1071 237 1073
f 235 1076 1073
f 1073 237 235
f 1076 236 1075
f 236 1076 235
f 1078 1075 234
f 236 234 1075
f 230 1079 1078
f 1078 234 230
f 1079 136 1080
f 136 1079 230
f 1082 1080 80
f 136 80 1080
f 79 1034 1082
f 1082 80 79
f 1034 221 1035
f 221 1034 79
f 1084 1035 220
f 221 220 1035
f 222 1084 134
f 1084 220 134
f 222 138 1028
f 1028 1084 222
f 1029 138 229
f 138 1029 1028
f 227 1024 229
f 1029 229 1024
f 227 225 1025
f 1025 1024 227
f 1021 225 226
f 225 1021 1025
f 224 1018 226
f 1021 226 1018
f 224 94 1019
f 1019 1018 224
f 1016 94 96
f 94 1016 1019
f 316 1014 96
f 1016 96 1014
f 316 325 1015
f 1015 1014 316
f 1011 325 219
f 325 1011 1015
f 91 1012 219
f 1011 219 1012
f 91 93 1010
f 1010 1012 91
f 1008 93 215
f 93 1008 1010
f 214 1006 215
f 1008 215 1006
f 214 213 1005
f 1005 1006 214
f 1004 213 315
f 213 1004 1005
f 324 1001 315
f 1004 315 1001
f 324 305 999
f 999 1001 324
f 1003 305 122
f 305 1003 999
f 1003 122 1085
f 1085 122 121
f 1124 1125 1126
f 1127 1128 1129
f 1129 1130 1131
f 1132 1130 1129
f 1133 1127 1129
f 1128 1132 1129
f 1134 1135 1133
f 1133 1129 1134
f 1134 1136 1137
f 1135 1134 1137
f 1134 1138 1136
f 1138 1139 1136
f 1140 1141 1138
f 1138 1141 1139
f 1140 1142 1143
f 1144 1143 1142
f 1145 1144 1142
f 1146 1147 1142
f 1148 1142 1147
f 1146 1125 1149
f 1150 1146 1151
f 1152 1149 1125
f 1124 1153 1125
f 1153 1152 1125
f 1126 1125 1154
f 1146 1150 1147
f 1146 1149 1151
f 1155 1142 1140
f 1148 1145 1142
f 1140 1138 1155
f 1155 1156 1157
f 1156 1155 1138
f 1157 1156 1158
f 1158 1159 1157
f 1160 1161 1162
f 1163 1162 1164
f 1165 1166 1167
f 1167 1168 1165
f 1166 1165 1169
f 1170 1168 1167
f 1164 1168 1170
f 1164 1170 1163
f 1160 1162 1163
f 1158 1161 1159
f 1159 1161 1160
f 1171 1172 1173
f 1174 1175 1176
f 1171 1177 1178
f 1179 1174 1177
f 1180 1129 1131
f 1131 1176 1180
f 1181 1176 1175
f 1182 1183 1184
f 1179 1184 1175
f 1181 1175 1184
f 1179 1182 1184
f 1131 1130 1176
f 1185 1171 1186
f 1171 1173 1177
f 1186 1127 1187
f 1188 1189 1186
f 1190 1187 1133
f 1186 1187 1188
f 1191 1133 1192
f 1191 1190 1133
f 1192 1133 1135
f 1180 1176 1181
f 1193 1194 1179
f 1175 1174 1179
f 1182 1179 1194
f 1174 1176 1130
f 1130 1132 1174
f 1132 1128 1178
f 1177 1193 1179
f 1174 1132 1178
f 1173 1193 1177
f 1186 1128 1127
f 1174 1178 1177
f 1185 1172 1171
f 1171 1178 1186
f 1186 1178 1128
f 1185 1186 1189
f 1133 1187 1127
f 1190 1188 1187
f 1195 1196 1197
f 1198 1199 1200
f 1197 1201 1202
f 1203 1201 1204
f 1205 1206 1207
f 1208 1201 1203
f 1209 1210 1205
f 1208 1207 1206
f 1202 1195 1197
f 1206 1210 1211
f 1211 1212 1213
f 1212 1214 1215
f 1216 1195 1217
f 1218 1219 1214
f 1217 1220 1221
f 1222 1220 1223
f 1218 1134 1224
f 1225 1226 1227
f 1129 1228 1224
f 1229 1230 1231
f 1232 1233 1234
f 1235 1236 1237
f 1238 1239 1240
f 1241 1242 1243
f 1244 1245 1246
f 1247 1248 1249
f 1250 1251 1252
f 1247 1253 1254
f 1248 1255 1249
f 1256 1257 1258
f 1259 1260 1261
f 1262 1263 1264
f 1265 1155 1266
f 1267 1268 1263
f 1269 1270 1271
f 1267 1272 1273
f 1274 1272 1275
f 1274 1276 1272
f 1277 1278 1279
f 1280 1281 1274
f 1282 1209 1205
f 1205 1283 1282
f 1274 1281 1278
f 1284 1274 1278
f 1278 1207 1279
f 1203 1285 1279
f 1204 1285 1203
f 1286 1284 1277
f 1263 1160 1267
f 1286 1287 1269
f 1288 1289 1271
f 1289 1290 1291
f 1292 1291 1293
f 1266 1157 1262
f 1294 1295 1292
f 1296 1256 1297
f 1298 1297 1265
f 1299 1300 1295
f 1301 1259 1300
f 1302 1256 1258
f 1258 1254 1303
f 1304 1253 1305
f 1261 1306 1307
f 1308 1255 1248
f 1247 1249 1305
f 1309 1248 1310
f 1311 1312 1307
f 1312 1313 1242
f 1248 1314 1252
f 1252 1315 1316
f 1317 1318 1319
f 1320 1242 1314
f 1321 1248 1309
f 1252 1251 1322
f 1248 1322 1310
f 1252 1322 1248
f 1315 1323 1324
f 1325 1323 1252
f 1323 1315 1252
f 1326 1323 1327
f 1328 1323 1329
f 1326 1329 1323
f 1330 1331 1241
f 1326 1332 1333
f 1334 1326 1335
f 1335 1326 1333
f 1245 1331 1336
f 1337 1338 1333
f 1333 1339 1340
f 1338 1339 1333
f 1341 1237 1338
f 1338 1237 1342
f 1237 1343 1342
f 1244 1344 1345
f 1345 1346 1240
f 1237 1236 1347
f 1348 1349 1236
f 1347 1236 1350
f 1351 1348 1236
f 1348 1229 1352
f 1353 1349 1348
f 1352 1229 1354
f 1355 1229 1348
f 1356 1229 1231
f 1357 1239 1358
f 1359 1357 1360
f 1356 1231 1361
f 1234 1362 1363
f 1234 1363 1231
f 1364 1365 1359
f 1231 1366 1234
f 1318 1234 1367
f 1232 1234 1318
f 1368 1232 1318
f 1227 1365 1369
f 1370 1371 1318
f 1371 1372 1318
f 1373 1370 1374
f 1318 1375 1374
f 1374 1376 1377
f 1378 1373 1374
f 1378 1374 1379
f 1374 1380 1381
f 1382 1374 1184
f 1383 1384 1377
f 1226 1385 1386
f 1374 1377 1184
f 1387 1184 1183
f 1387 1382 1184
f 1377 1384 1181
f 1200 1386 1388
f 1389 1223 1199
f 1384 1228 1180
f 1201 1208 1202
f 1208 1203 1207
f 1209 1162 1210
f 1206 1205 1210
f 1211 1213 1206
f 1161 1210 1162
f 1202 1208 1213
f 1196 1195 1216
f 1210 1161 1211
f 1208 1206 1213
f 1212 1215 1213
f 1158 1211 1161
f 1195 1202 1215
f 1216 1217 1221
f 1211 1158 1212
f 1202 1213 1215
f 1214 1219 1215
f 1156 1212 1158
f 1217 1195 1219
f 1221 1220 1222
f 1212 1156 1214
f 1195 1215 1219
f 1219 1218 1390
f 1138 1214 1156
f 1220 1217 1390
f 1223 1389 1222
f 1218 1214 1138
f 1217 1219 1390
f 1390 1224 1391
f 1134 1218 1138
f 1223 1220 1391
f 1199 1198 1389
f 1390 1218 1224
f 1220 1390 1391
f 1391 1228 1392
f 1134 1129 1224
f 1199 1223 1392
f 1200 1388 1198
f 1391 1224 1228
f 1223 1391 1392
f 1392 1384 1383
f 1129 1180 1228
f 1200 1199 1383
f 1388 1386 1385
f 1392 1228 1384
f 1199 1392 1383
f 1383 1377 1376
f 1180 1181 1384
f 1386 1200 1376
f 1226 1225 1385
f 1382 1380 1374
f 1200 1383 1376
f 1375 1376 1374
f 1181 1184 1377
f 1226 1386 1375
f 1369 1225 1227
f 1318 1374 1370
f 1386 1376 1375
f 1375 1318 1367
f 1381 1379 1374
f 1227 1226 1367
f 1365 1364 1369
f 1318 1317 1368
f 1226 1375 1367
f 1366 1367 1234
f 1372 1319 1318
f 1365 1227 1366
f 1360 1364 1359
f 1234 1393 1362
f 1227 1367 1366
f 1231 1230 1366
f 1393 1234 1233
f 1359 1365 1230
f 1358 1360 1357
f 1363 1394 1231
f 1365 1366 1230
f 1355 1230 1229
f 1361 1231 1394
f 1357 1359 1355
f 1239 1238 1358
f 1356 1395 1229
f 1359 1230 1355
f 1351 1355 1348
f 1354 1229 1395
f 1239 1357 1351
f 1346 1238 1240
f 1352 1396 1348
f 1357 1355 1351
f 1235 1351 1236
f 1353 1348 1396
f 1240 1239 1235
f 1344 1346 1345
f 1349 1397 1236
f 1239 1351 1235
f 1341 1235 1237
f 1350 1236 1397
f 1345 1240 1341
f 1246 1344 1244
f 1347 1398 1237
f 1240 1235 1341
f 1337 1341 1338
f 1343 1237 1398
f 1244 1345 1337
f 1336 1246 1245
f 1338 1399 1339
f 1345 1341 1337
f 1332 1337 1333
f 1399 1338 1342
f 1245 1244 1332
f 1330 1336 1331
f 1333 1400 1335
f 1244 1337 1332
f 1327 1332 1326
f 1400 1333 1340
f 1331 1245 1327
f 1243 1330 1241
f 1326 1401 1329
f 1245 1332 1327
f 1323 1325 1327
f 1401 1326 1334
f 1241 1331 1325
f 1313 1243 1242
f 1328 1402 1323
f 1331 1327 1325
f 1252 1314 1325
f 1324 1323 1402
f 1242 1241 1314
f 1312 1311 1313
f 1316 1403 1252
f 1241 1325 1314
f 1248 1320 1314
f 1250 1252 1403
f 1312 1242 1320
f 1307 1306 1311
f 1404 1248 1405
f 1248 1321 1405
f 1406 1320 1247
f 1308 1248 1404
f 1307 1312 1406
f 1261 1260 1306
f 1320 1248 1247
f 1312 1320 1406
f 1406 1254 1407
f 1247 1305 1253
f 1261 1307 1407
f 1259 1301 1260
f 1406 1247 1254
f 1307 1406 1407
f 1407 1258 1257
f 1253 1303 1254
f 1259 1261 1257
f 1301 1300 1299
f 1407 1254 1258
f 1261 1407 1257
f 1296 1257 1256
f 1303 1302 1258
f 1300 1259 1296
f 1299 1295 1294
f 1125 1297 1256
f 1259 1257 1296
f 1298 1296 1297
f 1302 1125 1256
f 1295 1300 1298
f 1292 1293 1294
f 1146 1297 1125
f 1300 1296 1298
f 1298 1265 1408
f 1142 1297 1146
f 1292 1295 1408
f 1291 1290 1293
f 1265 1297 1142
f 1295 1298 1408
f 1408 1266 1409
f 1155 1265 1142
f 1291 1292 1409
f 1289 1288 1290
f 1408 1265 1266
f 1292 1408 1409
f 1409 1262 1264
f 1155 1157 1266
f 1289 1291 1264
f 1288 1271 1270
f 1409 1266 1262
f 1291 1409 1264
f 1264 1263 1268
f 1157 1159 1262
f 1271 1289 1268
f 1270 1269 1287
f 1263 1262 1159
f 1289 1264 1268
f 1268 1267 1273
f 1160 1263 1159
f 1269 1271 1273
f 1287 1286 1410
f 1267 1160 1411
f 1271 1268 1273
f 1272 1276 1273
f 1412 1267 1411
f 1286 1269 1276
f 1284 1278 1277
f 1267 1412 1272
f 1269 1273 1276
f 1276 1274 1284
f 1275 1272 1412
f 1286 1277 1410
f 1285 1410 1277
f 1275 1413 1274
f 1286 1276 1284
f 1278 1283 1205
f 1280 1274 1413
f 1285 1277 1279
f 1203 1279 1207
f 1207 1278 1205
f 1278 1281 1283
f 1414 1415 1416
f 1417 1418 1136
f 1419 1415 1420
f 1141 1421 1139
f 1420 1422 1419
f 1135 1137 1423
f 1421 1424 1417
f 1190 1191 1425
f 1192 1426 1427
f 1428 1429 1189
f 1430 1428 1188
f 1193 1173 1431
f 1172 1185 1432
f 1433 1182 1434
f 1435 1194 1193
f 1194 1435 1436
f 1436 1437 1438
f 1439 1436 1440
f 1439 1440 1441
f 1442 1443 1440
f 1440 1443 1441
f 1444 1442 1445
f 1434 1182 1436
f 1436 1182 1194
f 1435 1440 1436
f 1182 1433 1183
f 1431 1173 1446
f 1435 1193 1431
f 1172 1432 1446
f 1446 1173 1172
f 1432 1185 1429
f 1185 1189 1429
f 1188 1428 1189
f 1447 1448 1449
f 1190 1425 1430
f 1188 1190 1430
f 1191 1192 1427
f 1425 1191 1427
f 1426 1135 1423
f 1426 1192 1135
f 1418 1137 1136
f 1418 1423 1137
f 1136 1139 1417
f 1421 1417 1139
f 1414 1450 1140
f 1450 1421 1141
f 1451 1414 1143
f 1452 1416 1415
f 1143 1414 1140
f 1415 1451 1420
f 1414 1416 1450
f 1140 1450 1141
f 1453 1450 1416
f 1450 1453 1421
f 1421 1453 1424
f 1418 1417 1454
f 1417 1424 1454
f 1423 1418 1455
f 1418 1454 1455
f 1426 1423 1456
f 1423 1455 1456
f 1427 1426 1457
f 1426 1456 1457
f 1425 1427 1458
f 1427 1457 1458
f 1430 1425 1459
f 1425 1458 1459
f 1428 1430 1460
f 1430 1459 1460
f 1449 1429 1428
f 1460 1449 1428
f 1432 1429 1448
f 1429 1449 1448
f 1446 1432 1461
f 1432 1448 1461
f 1431 1446 1462
f 1446 1461 1462
f 1435 1431 1463
f 1462 1463 1431
f 1436 1439 1437
f 1463 1440 1435
f 1434 1436 1438
f 1415 1414 1451
f 1419 1452 1415
f 1452 1464 1416
f 1416 1464 1453
f 1464 1465 1453
f 1453 1465 1424
f 1465 1466 1424
f 1424 1466 1454
f 1466 1467 1454
f 1454 1467 1455
f 1467 1468 1455
f 1455 1468 1456
f 1468 1469 1456
f 1456 1469 1457
f 1469 1470 1457
f 1470 1471 1458
f 1470 1458 1457
f 1471 1472 1459
f 1471 1459 1458
f 1472 1473 1460
f 1472 1460 1459
f 1473 1474 1449
f 1473 1449 1460
f 1447 1449 1474
f 1447 1475 1448
f 1448 1475 1461
f 1475 1476 1461
f 1476 1477 1462
f 1476 1462 1461
f 1477 1478 1463
f 1477 1463 1462
f 1478 1445 1440
f 1478 1440 1463
f 1445 1442 1440
f 1479 1480 1481
f 1482 1483 1484
f 1479 1485 1480
f 1486 1487 1488
f 1489 1490 1491
f 1492 1493 1494
f 1495 1496 1497
f 1490 1496 1498
f 1497 1499 1500
f 1501 1502 1503
f 1502 1504 1505
f 1506 1504 1502
f 1505 1507 1508
f 1509 1508 1510
f 1511 1512 1505
f 1505 1512 1513
f 1510 1508 1507
f 1513 1507 1505
f 1504 1511 1505
f 1514 1508 1515
f 1509 1515 1508
f 1502 1501 1506
f 1508 1514 1497
f 1500 1516 1497
f 1499 1497 1514
f 1517 1501 1503
f 1497 1516 1495
f 1496 1518 1498
f 1503 1519 1517
f 1520 1519 1503
f 1518 1496 1495
f 1521 1519 1520
f 1489 1496 1490
f 1489 1491 1522
f 1489 1522 1523
f 1521 1520 1524
f 1525 1489 1523
f 1492 1494 1526
f 1525 1493 1492
f 1527 1492 1526
f 1528 1527 1526
f 1489 1525 1492
f 1529 1527 1530
f 1527 1528 1530
f 1531 1532 1533
f 1531 1527 1529
f 1534 1535 1536
f 1533 1535 1534
f 1532 1531 1537
f 1531 1533 1534
f 1529 1537 1531
f 1520 1538 1524
f 1539 1540 1538
f 1538 1540 1524
f 1541 1542 1539
f 1539 1538 1541
f 1486 1543 1541
f 1541 1543 1542
f 1488 1487 1483
f 1486 1541 1487
f 1544 1483 1482
f 1544 1488 1483
f 1485 1545 1484
f 1545 1482 1484
f 1480 1546 1481
f 1485 1484 1480
f 1547 1546 1548
f 1547 1481 1546
f 1546 1549 1548
f 1548 1549 1422
f 1550 1551 1552
f 1149 1553 1554
f 1302 1555 1556
f 1552 1557 1550
f 1125 1302 1154
f 1555 1302 1303
f 1253 1304 1551
f 1550 1303 1253
f 1550 1253 1551
f 1558 1559 1560
f 1555 1558 1561
f 1560 1562 1561
f 1560 1563 1564
f 1565 1566 1567
f 1565 1562 1560
f 1567 1568 1565
f 1562 1565 1153
f 1152 1568 1149
f 1568 1152 1565
f 1554 1151 1149
f 1149 1569 1553
f 1558 1557 1559
f 1558 1550 1557
f 1302 1556 1154
f 1303 1550 1555
f 1561 1556 1555
f 1126 1154 1556
f 1550 1558 1555
f 1560 1559 1563
f 1556 1561 1126
f 1124 1126 1561
f 1558 1560 1561
f 1565 1564 1566
f 1153 1124 1562
f 1561 1562 1124
f 1564 1565 1560
f 1152 1153 1565
f 1567 1569 1568
f 1149 1568 1569
f 1197 1313 1201
f 1293 1288 1294
f 1293 1290 1288
f 1299 1294 1270
f 1288 1270 1294
f 1287 1301 1299
f 1299 1270 1287
f 1301 1410 1260
f 1410 1301 1287
f 1204 1311 1306
f 1410 1285 1260
f 1330 1243 1196
f 1221 1336 1216
f 1389 1198 1346
f 1222 1344 1246
f 1225 1360 1385
f 1358 1238 1388
f 1360 1225 1364
f 1369 1364 1225
f 1358 1388 1385
f 1360 1358 1385
f 1238 1346 1198
f 1388 1238 1198
f 1344 1389 1346
f 1222 1246 1221
f 1389 1344 1222
f 1216 1336 1330
f 1221 1246 1336
f 1197 1196 1243
f 1196 1216 1330
f 1311 1201 1313
f 1313 1197 1243
f 1306 1285 1204
f 1311 1204 1201
f 1285 1306 1260
f 1570 1571 1572
f 1572 1573 1574
f 1574 1570 1572
f 1575 1576 1573
f 1573 1576 1574
f 1577 1578 1579
f 1573 1577 1579
f 1580 1581 1577
f 1577 1581 1578
f 1582 1583 1584
f 1584 1585 1580
f 1584 1586 1582
f 1579 1587 1573
f 1588 1589 1590
f 1591 1588 1590
f 1592 1588 1534
f 1588 1592 1589
f 1534 1536 1593
f 1592 1534 1593
f 1594 1572 1571
f 1575 1573 1587
f 1584 1595 1586
f 1596 1597 1595
f 1577 1584 1580
f 1598 1599 1595
f 1598 1591 1600
f 1591 1598 1588
f 1601 1599 1598
f 1600 1601 1598
f 1599 1596 1595
f 1586 1595 1597
f 1583 1585 1584
f 1602 1603 1572
f 1572 1594 1602
f 1604 1605 1603
f 1604 1603 1602
f 1606 1607 1603
f 1606 1603 1605
f 1608 1607 1444
f 1607 1608 1603
f 1609 1608 1445
f 1444 1445 1608
f 1477 1609 1478
f 1609 1445 1478
f 1477 1476 1610
f 1610 1609 1477
f 1610 1475 1611
f 1475 1610 1476
f 1475 1447 1611
f 1419 1612 1452
f 1419 1549 1612
f 1465 1464 1613
f 1614 1467 1466
f 1468 1615 1469
f 1471 1616 1617
f 1474 1611 1447
f 1612 1613 1464
f 1465 1613 1466
f 1617 1474 1473
f 1474 1617 1611
f 1472 1471 1617
f 1473 1472 1617
f 1615 1616 1470
f 1471 1470 1616
f 1615 1470 1469
f 1614 1468 1467
f 1615 1468 1614
f 1614 1466 1613
f 1464 1452 1612
f 1549 1419 1422
f 1492 1527 1611
f 1496 1615 1497
f 1588 1608 1534
f 1531 1609 1610
f 1603 1598 1572
f 1573 1584 1577
f 1595 1584 1573
f 1598 1595 1572
f 1595 1573 1572
f 1588 1603 1608
f 1598 1603 1588
f 1534 1609 1531
f 1608 1609 1534
f 1610 1611 1527
f 1610 1527 1531
f 1492 1611 1617
f 1489 1617 1616
f 1617 1489 1492
f 1616 1615 1496
f 1496 1489 1616
f 1497 1615 1614
f 1613 1508 1614
f 1497 1614 1508
f 1505 1613 1612
f 1613 1505 1508
f 1612 1549 1502
f 1502 1505 1612
f 1502 1549 1503
f 1538 1484 1541
f 1520 1546 1480
f 1483 1541 1484
f 1541 1483 1487
f 1538 1520 1480
f 1538 1480 1484
f 1549 1546 1503
f 1503 1546 1520
f 1618 1619 1620
f 1621 1622 1623
f 1624 1625 1557
f 1552 1621 1624
f 1626 1627 1517
f 1563 1559 1628
f 1624 1627 1626
f 1569 1567 1629
f 1627 1630 1631
f 1501 1627 1631
f 1632 1621 1623
f 1627 1633 1630
f 1501 1631 1506
f 1634 1621 1551
f 1635 1634 1551
f 1634 1622 1621
f 1627 1624 1621
f 1635 1551 1304
f 1557 1625 1559
f 1559 1625 1628
f 1563 1628 1636
f 1564 1563 1636
f 1637 1564 1636
f 1637 1566 1564
f 1620 1567 1566
f 1566 1637 1620
f 1553 1569 1638
f 1620 1629 1567
f 1639 1554 1553
f 1638 1569 1629
f 1554 1640 1151
f 1638 1639 1553
f 1150 1151 1641
f 1554 1639 1640
f 1642 1147 1150
f 1641 1151 1640
f 1147 1643 1148
f 1641 1642 1150
f 1643 1644 1645
f 1147 1642 1643
f 1646 1645 1647
f 1643 1645 1148
f 1451 1648 1420
f 1145 1645 1646
f 1649 1144 1646
f 1451 1649 1648
f 1548 1422 1420
f 1144 1649 1143
f 1621 1552 1551
f 1632 1633 1627
f 1626 1650 1625
f 1552 1624 1557
f 1625 1624 1626
f 1650 1651 1628
f 1628 1625 1650
f 1651 1652 1636
f 1636 1628 1651
f 1618 1652 1540
f 1637 1636 1652
f 1637 1652 1618
f 1620 1637 1618
f 1619 1653 1629
f 1629 1620 1619
f 1653 1654 1638
f 1638 1629 1653
f 1654 1655 1639
f 1639 1638 1654
f 1655 1656 1640
f 1640 1639 1655
f 1656 1657 1641
f 1641 1640 1656
f 1657 1658 1642
f 1642 1641 1657
f 1658 1644 1643
f 1643 1642 1658
f 1644 1647 1645
f 1647 1659 1646
f 1145 1148 1645
f 1659 1648 1649
f 1144 1145 1646
f 1659 1649 1646
f 1143 1649 1451
f 1627 1621 1632
f 1501 1517 1627
f 1517 1519 1626
f 1626 1519 1650
f 1519 1521 1650
f 1521 1524 1651
f 1521 1651 1650
f 1524 1540 1652
f 1524 1652 1651
f 1540 1539 1618
f 1539 1542 1618
f 1618 1542 1619
f 1542 1543 1619
f 1619 1543 1653
f 1543 1486 1653
f 1486 1488 1654
f 1486 1654 1653
f 1488 1544 1655
f 1488 1655 1654
f 1544 1482 1656
f 1544 1656 1655
f 1482 1545 1657
f 1482 1657 1656
f 1545 1485 1658
f 1545 1658 1657
f 1485 1479 1644
f 1485 1644 1658
f 1479 1481 1647
f 1479 1647 1644
f 1481 1547 1659
f 1481 1659 1647
f 1547 1548 1648
f 1547 1648 1659
f 1420 1648 1548
f 1335 1660 1661
f 1662 1663 1664
f 1660 1335 1400
f 1400 1340 1665
f 1666 1665 1340
f 1340 1339 1666
f 1339 1667 1666
f 1665 1666 1668
f 1399 1669 1667
f 1399 1667 1339
f 1660 1400 1665
f 1535 1670 1671
f 1672 1673 1674
f 1535 1671 1536
f 1675 1676 1677
f 1678 1675 1670
f 1533 1532 1678
f 1679 1523 1680
f 1526 1681 1682
f 1677 1683 1684
f 1685 1686 1687
f 1688 1683 1689
f 1343 1690 1342
f 1691 1688 1689
f 1342 1669 1399
f 1692 1676 1693
f 1347 1687 1398
f 1687 1347 1685
f 1669 1694 1667
f 1695 1686 1685
f 1661 1696 1334
f 1661 1334 1335
f 1401 1696 1697
f 1696 1401 1334
f 1698 1329 1697
f 1401 1697 1329
f 1698 1699 1328
f 1328 1329 1698
f 1328 1699 1402
f 1700 1701 1702
f 1402 1699 1703
f 1703 1701 1324
f 1324 1402 1703
f 1315 1701 1700
f 1701 1315 1324
f 1316 1704 1403
f 1315 1700 1316
f 1250 1403 1705
f 1316 1700 1704
f 1706 1251 1250
f 1705 1403 1704
f 1251 1707 1322
f 1705 1706 1250
f 1322 1707 1310
f 1251 1706 1707
f 1309 1310 1708
f 1707 1708 1310
f 1709 1710 1711
f 1712 1713 1714
f 1715 1711 1716
f 1717 1718 1719
f 1720 1717 1721
f 1631 1630 1722
f 1718 1723 1722
f 1724 1725 1715
f 1631 1726 1506
f 1321 1309 1727
f 1708 1727 1309
f 1725 1728 1404
f 1727 1725 1321
f 1729 1308 1728
f 1404 1405 1725
f 1255 1308 1729
f 1728 1308 1404
f 1249 1730 1305
f 1249 1729 1730
f 1304 1305 1635
f 1343 1687 1690
f 1687 1343 1398
f 1670 1533 1678
f 1690 1669 1342
f 1690 1687 1731
f 1732 1666 1667
f 1731 1674 1690
f 1733 1734 1735
f 1669 1674 1694
f 1660 1665 1736
f 1667 1694 1732
f 1661 1660 1737
f 1666 1732 1668
f 1738 1696 1661
f 1665 1668 1736
f 1697 1696 1739
f 1660 1736 1737
f 1698 1697 1740
f 1661 1737 1738
f 1699 1698 1741
f 1696 1738 1739
f 1703 1699 1742
f 1740 1697 1739
f 1743 1701 1703
f 1698 1740 1741
f 1744 1745 1746
f 1699 1741 1742
f 1704 1700 1746
f 1703 1742 1743
f 1747 1705 1704
f 1701 1743 1702
f 1748 1706 1705
f 1700 1702 1746
f 1712 1707 1706
f 1747 1704 1746
f 1708 1707 1714
f 1748 1705 1747
f 1727 1708 1709
f 1748 1712 1706
f 1725 1405 1321
f 1707 1712 1714
f 1724 1749 1728
f 1708 1714 1709
f 1730 1750 1634
f 1725 1727 1715
f 1255 1729 1249
f 1725 1724 1728
f 1730 1635 1305
f 1750 1729 1749
f 1634 1635 1730
f 1686 1731 1687
f 1691 1751 1695
f 1689 1751 1691
f 1674 1669 1690
f 1686 1752 1731
f 1694 1673 1753
f 1674 1731 1672
f 1732 1753 1754
f 1694 1674 1673
f 1668 1754 1733
f 1732 1694 1753
f 1736 1733 1755
f 1668 1732 1754
f 1737 1755 1756
f 1733 1736 1668
f 1738 1756 1757
f 1737 1736 1755
f 1739 1757 1662
f 1738 1737 1756
f 1740 1662 1758
f 1739 1738 1757
f 1741 1758 1759
f 1662 1740 1739
f 1742 1759 1760
f 1758 1741 1740
f 1743 1760 1761
f 1759 1742 1741
f 1702 1761 1744
f 1743 1742 1760
f 1762 1763 1764
f 1702 1743 1761
f 1747 1745 1763
f 1746 1702 1744
f 1748 1763 1765
f 1747 1746 1745
f 1712 1765 1713
f 1763 1748 1747
f 1714 1713 1710
f 1765 1712 1748
f 1721 1711 1766
f 1767 1724 1716
f 1709 1715 1727
f 1714 1710 1709
f 1768 1750 1749
f 1715 1709 1711
f 1716 1724 1715
f 1634 1750 1622
f 1728 1749 1729
f 1768 1749 1767
f 1729 1750 1730
f 1686 1751 1752
f 1751 1686 1695
f 1769 1770 1672
f 1752 1672 1731
f 1752 1751 1771
f 1673 1770 1772
f 1672 1752 1769
f 1772 1773 1753
f 1770 1673 1672
f 1773 1734 1754
f 1753 1673 1772
f 1774 1775 1776
f 1754 1753 1773
f 1735 1777 1755
f 1734 1733 1754
f 1777 1778 1756
f 1735 1755 1733
f 1778 1663 1757
f 1756 1755 1777
f 1779 1780 1781
f 1757 1756 1778
f 1664 1779 1758
f 1663 1662 1757
f 1779 1782 1759
f 1664 1758 1662
f 1782 1783 1760
f 1779 1759 1758
f 1783 1784 1761
f 1782 1760 1759
f 1784 1785 1744
f 1783 1761 1760
f 1785 1764 1745
f 1744 1761 1784
f 1786 1765 1762
f 1745 1744 1785
f 1787 1713 1786
f 1764 1763 1745
f 1766 1788 1720
f 1762 1765 1763
f 1787 1766 1710
f 1713 1765 1786
f 1789 1716 1721
f 1710 1713 1787
f 1768 1790 1623
f 1711 1710 1766
f 1721 1716 1711
f 1750 1768 1622
f 1724 1767 1749
f 1790 1767 1789
f 1623 1622 1768
f 1689 1771 1751
f 1684 1683 1688
f 1791 1792 1769
f 1771 1769 1752
f 1793 1771 1689
f 1770 1792 1794
f 1791 1769 1771
f 1772 1794 1795
f 1770 1769 1792
f 1795 1796 1773
f 1794 1772 1770
f 1734 1796 1797
f 1795 1773 1772
f 1735 1797 1798
f 1734 1773 1796
f 1798 1776 1777
f 1797 1735 1734
f 1776 1799 1778
f 1798 1777 1735
f 1663 1799 1800
f 1776 1778 1777
f 1664 1800 1780
f 1663 1778 1799
f 1801 1802 1803
f 1800 1664 1663
f 1781 1801 1782
f 1780 1779 1664
f 1801 1804 1783
f 1781 1782 1779
f 1804 1805 1784
f 1801 1783 1782
f 1805 1806 1785
f 1804 1784 1783
f 1764 1806 1807
f 1805 1785 1784
f 1762 1807 1808
f 1806 1764 1785
f 1786 1808 1809
f 1764 1807 1762
f 1787 1809 1788
f 1808 1786 1762
f 1810 1811 1812
f 1809 1787 1786
f 1790 1719 1632
f 1766 1787 1788
f 1720 1721 1766
f 1623 1790 1632
f 1716 1789 1767
f 1719 1789 1717
f 1767 1790 1768
f 1683 1793 1689
f 1813 1677 1684
f 1791 1814 1815
f 1793 1791 1771
f 1816 1793 1683
f 1815 1817 1792
f 1814 1791 1793
f 1794 1817 1818
f 1815 1792 1791
f 1795 1818 1819
f 1817 1794 1792
f 1819 1820 1796
f 1818 1795 1794
f 1797 1820 1821
f 1819 1796 1795
f 1798 1821 1774
f 1820 1797 1796
f 1822 1823 1775
f 1821 1798 1797
f 1775 1823 1799
f 1774 1776 1798
f 1800 1823 1824
f 1775 1799 1776
f 1780 1824 1825
f 1799 1823 1800
f 1781 1825 1802
f 1824 1780 1800
f 1826 1804 1803
f 1825 1781 1780
f 1827 1828 1826
f 1802 1801 1781
f 1826 1828 1805
f 1803 1804 1801
f 1828 1829 1806
f 1826 1805 1804
f 1807 1829 1830
f 1828 1806 1805
f 1808 1830 1831
f 1806 1829 1807
f 1809 1831 1832
f 1807 1830 1808
f 1788 1832 1810
f 1808 1831 1809
f 1720 1810 1723
f 1788 1809 1832
f 1720 1788 1810
f 1632 1719 1633
f 1721 1717 1789
f 1718 1717 1723
f 1789 1719 1790
f 1677 1816 1683
f 1833 1675 1813
f 1692 1814 1816
f 1816 1814 1793
f 1816 1676 1692
f 1834 1815 1814
f 1692 1834 1814
f 1835 1817 1815
f 1834 1835 1815
f 1836 1818 1817
f 1817 1835 1836
f 1837 1819 1818
f 1836 1837 1818
f 1838 1820 1819
f 1837 1838 1819
f 1839 1821 1820
f 1820 1838 1839
f 1840 1774 1821
f 1821 1839 1840
f 1841 1775 1774
f 1840 1841 1774
f 1842 1843 1495
f 1841 1822 1775
f 1844 1824 1823
f 1823 1822 1844
f 1845 1825 1824
f 1824 1844 1845
f 1846 1802 1825
f 1825 1845 1846
f 1847 1803 1802
f 1802 1846 1847
f 1848 1826 1803
f 1847 1848 1803
f 1828 1849 1829
f 1848 1827 1826
f 1830 1829 1850
f 1827 1849 1828
f 1851 1852 1513
f 1849 1850 1829
f 1853 1831 1830
f 1830 1850 1853
f 1854 1832 1831
f 1831 1853 1854
f 1811 1810 1832
f 1832 1854 1811
f 1723 1810 1812
f 1718 1630 1633
f 1720 1723 1717
f 1723 1812 1722
f 1633 1719 1718
f 1813 1675 1677
f 1670 1833 1671
f 1693 1678 1532
f 1677 1676 1816
f 1676 1678 1693
f 1834 1692 1855
f 1692 1693 1855
f 1835 1834 1682
f 1855 1682 1834
f 1836 1835 1681
f 1835 1682 1681
f 1837 1836 1856
f 1836 1681 1856
f 1838 1837 1679
f 1856 1679 1837
f 1839 1838 1680
f 1838 1679 1680
f 1840 1839 1857
f 1839 1680 1857
f 1841 1840 1858
f 1840 1857 1858
f 1822 1841 1859
f 1841 1858 1859
f 1843 1844 1822
f 1859 1843 1822
f 1845 1844 1842
f 1844 1843 1842
f 1846 1845 1860
f 1845 1842 1860
f 1847 1846 1861
f 1846 1860 1861
f 1848 1847 1862
f 1847 1861 1862
f 1827 1848 1863
f 1848 1862 1863
f 1849 1827 1864
f 1827 1863 1864
f 1850 1849 1865
f 1849 1864 1865
f 1852 1853 1850
f 1865 1852 1850
f 1854 1853 1851
f 1853 1852 1851
f 1811 1854 1866
f 1854 1851 1866
f 1812 1811 1867
f 1811 1866 1867
f 1722 1812 1726
f 1867 1726 1812
f 1630 1718 1722
f 1670 1675 1833
f 1535 1533 1670
f 1693 1532 1537
f 1675 1678 1676
f 1537 1529 1693
f 1529 1530 1855
f 1529 1855 1693
f 1530 1528 1682
f 1530 1682 1855
f 1526 1682 1528
f 1526 1494 1681
f 1494 1493 1856
f 1494 1856 1681
f 1493 1525 1679
f 1493 1679 1856
f 1523 1679 1525
f 1523 1522 1680
f 1680 1522 1857
f 1522 1491 1857
f 1491 1490 1858
f 1491 1858 1857
f 1490 1498 1859
f 1490 1859 1858
f 1498 1518 1843
f 1498 1843 1859
f 1495 1843 1518
f 1495 1516 1842
f 1842 1516 1860
f 1516 1500 1860
f 1500 1499 1861
f 1500 1861 1860
f 1499 1514 1862
f 1499 1862 1861
f 1514 1515 1863
f 1514 1863 1862
f 1515 1509 1864
f 1515 1864 1863
f 1509 1510 1865
f 1509 1865 1864
f 1510 1507 1852
f 1510 1852 1865
f 1513 1852 1507
f 1513 1512 1851
f 1851 1512 1866
f 1512 1511 1866
f 1866 1511 1867
f 1511 1504 1867
f 1726 1631 1722
f 1867 1504 1726
f 1506 1726 1504
f 1352 1354 1868
f 1869 1868 1870
f 1871 1872 1873
f 1349 1874 1875
f 1396 1876 1353
f 1875 1350 1397
f 1349 1353 1874
f 1347 1350 1877
f 1875 1397 1349
f 1356 1361 1878
f 1879 1356 1878
f 1394 1363 1880
f 1394 1880 1881
f 1882 1883 1880
f 1363 1362 1884
f 1885 1393 1233
f 1886 1393 1885
f 1887 1888 1368
f 1889 1233 1232
f 1890 1891 1892
f 1317 1319 1893
f 1444 1607 1894
f 1371 1370 1895
f 1896 1897 1898
f 1378 1379 1899
f 1900 1441 1901
f 1902 1894 1903
f 1899 1379 1904
f 1905 1906 1907
f 1908 1909 1910
f 1379 1381 1904
f 1911 1904 1381
f 1911 1381 1380
f 1382 1387 1912
f 1911 1382 1912
f 1387 1433 1912
f 1434 1912 1433
f 1183 1433 1387
f 1910 1907 1899
f 1913 1894 1607
f 1914 1906 1905
f 1915 1370 1373
f 1373 1378 1899
f 1895 1370 1915
f 1915 1373 1899
f 1372 1371 1916
f 1887 1317 1893
f 1895 1916 1371
f 1368 1888 1232
f 1893 1319 1916
f 1319 1372 1916
f 1368 1317 1887
f 1888 1889 1232
f 1889 1885 1233
f 1362 1393 1886
f 1886 1884 1362
f 1881 1361 1394
f 1884 1880 1363
f 1879 1395 1356
f 1878 1361 1881
f 1395 1870 1354
f 1917 1869 1870
f 1918 1919 1920
f 1354 1870 1868
f 1870 1395 1879
f 1396 1352 1921
f 1352 1868 1921
f 1922 1923 1919
f 1813 1684 1924
f 1925 1926 1873
f 1927 1872 1876
f 1928 1919 1871
f 1929 1930 1931
f 1833 1813 1932
f 1933 1932 1924
f 1536 1671 1593
f 1593 1671 1934
f 1437 1935 1438
f 1382 1911 1380
f 1936 1912 1434
f 1902 1443 1442
f 1908 1911 1936
f 1937 1915 1907
f 1908 1910 1904
f 1937 1938 1895
f 1910 1899 1904
f 1938 1939 1916
f 1907 1915 1899
f 1939 1940 1893
f 1895 1915 1937
f 1941 1887 1940
f 1916 1895 1938
f 1942 1888 1941
f 1893 1916 1939
f 1943 1889 1942
f 1887 1893 1940
f 1944 1885 1943
f 1888 1887 1941
f 1945 1886 1944
f 1942 1889 1888
f 1882 1884 1945
f 1943 1885 1889
f 1946 1947 1948
f 1886 1885 1944
f 1949 1881 1883
f 1884 1886 1945
f 1950 1878 1949
f 1880 1884 1882
f 1917 1879 1950
f 1881 1880 1883
f 1951 1869 1952
f 1878 1881 1949
f 1869 1953 1868
f 1879 1878 1950
f 1953 1927 1921
f 1879 1917 1870
f 1923 1875 1874
f 1876 1874 1353
f 1921 1876 1396
f 1868 1953 1921
f 1922 1877 1875
f 1876 1921 1927
f 1685 1877 1954
f 1923 1874 1872
f 1922 1875 1923
f 1347 1877 1685
f 1350 1875 1877
f 1912 1936 1911
f 1434 1438 1936
f 1935 1437 1955
f 1911 1908 1904
f 1908 1935 1909
f 1906 1956 1937
f 1905 1910 1909
f 1956 1957 1938
f 1905 1907 1910
f 1957 1958 1939
f 1906 1937 1907
f 1958 1959 1940
f 1956 1938 1937
f 1959 1960 1941
f 1939 1938 1957
f 1961 1942 1960
f 1940 1939 1958
f 1961 1962 1943
f 1941 1940 1959
f 1962 1963 1944
f 1960 1942 1941
f 1963 1964 1945
f 1961 1943 1942
f 1964 1965 1882
f 1962 1944 1943
f 1965 1966 1883
f 1945 1944 1963
f 1967 1949 1966
f 1882 1945 1964
f 1967 1968 1950
f 1883 1882 1965
f 1968 1952 1917
f 1966 1949 1883
f 1969 1970 1971
f 1950 1949 1967
f 1951 1972 1953
f 1917 1950 1968
f 1972 1873 1927
f 1869 1917 1952
f 1973 1920 1928
f 1869 1951 1953
f 1972 1927 1953
f 1918 1954 1922
f 1876 1872 1874
f 1927 1873 1872
f 1954 1877 1922
f 1871 1919 1923
f 1919 1918 1922
f 1695 1954 1974
f 1954 1695 1685
f 1908 1936 1935
f 1438 1935 1936
f 1913 1607 1606
f 1439 1900 1955
f 1955 1975 1909
f 1956 1906 1976
f 1975 1914 1905
f 1957 1956 1977
f 1914 1976 1906
f 1958 1957 1978
f 1976 1977 1956
f 1959 1958 1979
f 1977 1978 1957
f 1960 1959 1980
f 1978 1979 1958
f 1961 1960 1981
f 1980 1959 1979
f 1962 1961 1982
f 1981 1960 1980
f 1963 1962 1983
f 1981 1982 1961
f 1964 1963 1984
f 1982 1983 1962
f 1965 1964 1985
f 1983 1984 1963
f 1966 1965 1986
f 1984 1985 1964
f 1967 1966 1987
f 1986 1965 1985
f 1968 1967 1947
f 1987 1966 1986
f 1952 1968 1946
f 1987 1947 1967
f 1951 1952 1988
f 1946 1968 1947
f 1972 1951 1989
f 1988 1952 1946
f 1873 1972 1925
f 1988 1989 1951
f 1871 1873 1926
f 1925 1972 1989
f 1990 1920 1991
f 1990 1974 1918
f 1872 1871 1923
f 1928 1871 1926
f 1695 1974 1691
f 1928 1920 1919
f 1954 1918 1974
f 1918 1920 1990
f 1691 1974 1992
f 1935 1955 1909
f 1437 1439 1955
f 1914 1898 1976
f 1909 1975 1905
f 1975 1900 1993
f 1976 1897 1977
f 1993 1898 1914
f 1977 1994 1978
f 1898 1897 1976
f 1978 1995 1979
f 1897 1994 1977
f 1979 1996 1980
f 1994 1995 1978
f 1980 1997 1981
f 1995 1996 1979
f 1981 1998 1982
f 1996 1997 1980
f 1983 1982 1999
f 1997 1998 1981
f 1983 2000 1984
f 1998 1999 1982
f 1984 1891 1985
f 1999 2000 1983
f 1985 1890 1986
f 2000 1891 1984
f 1986 2001 1987
f 1891 1890 1985
f 1987 2002 1947
f 1890 2001 1986
f 2003 2004 2005
f 2001 2002 1987
f 1946 2006 1988
f 2002 1948 1947
f 1988 2007 1989
f 1948 2006 1946
f 1925 1989 2008
f 2007 1988 2006
f 1925 1970 1926
f 2007 2008 1989
f 1926 1969 1928
f 2008 1970 1925
f 2009 1933 2010
f 1926 1970 1969
f 1990 1931 1992
f 1973 1928 1969
f 1691 1992 1688
f 1991 1920 1973
f 1974 1990 1992
f 1990 1991 1931
f 1688 1992 1930
f 1955 1900 1975
f 1439 1441 1900
f 2011 2012 2013
f 1975 1993 1914
f 1901 2014 1993
f 1897 2015 1994
f 2014 1896 1898
f 1994 2012 1995
f 1896 2015 1897
f 1995 2011 1996
f 2015 2012 1994
f 1996 2016 1997
f 2012 2011 1995
f 1997 2017 1998
f 2011 2016 1996
f 1999 1998 2018
f 1997 2016 2017
f 2000 1999 2019
f 1998 2017 2018
f 1891 2000 2020
f 2018 2019 1999
f 2021 2022 2023
f 2019 2020 2000
f 1890 2024 2001
f 2020 1892 1891
f 2001 2025 2002
f 1892 2024 1890
f 1948 2002 2026
f 2024 2025 2001
f 2006 1948 2027
f 2025 2026 2002
f 2006 2028 2007
f 2026 2027 1948
f 2007 2029 2008
f 2027 2028 2006
f 1970 2008 2030
f 2028 2029 2007
f 2031 2032 2033
f 2029 2030 2008
f 1969 2034 1973
f 2030 1971 1970
f 1991 1973 2035
f 2034 1969 1971
f 2036 1931 1991
f 2035 1973 2034
f 1688 1930 1684
f 1991 2035 2036
f 1992 1931 1930
f 1931 2036 1929
f 1684 1930 1924
f 1900 1901 1993
f 1441 1443 1901
f 2015 1896 2037
f 1993 2014 1898
f 2014 1902 1903
f 2012 2015 2038
f 1903 2037 1896
f 2039 2016 2011
f 2037 2038 2015
f 2040 2041 2042
f 2038 2013 2012
f 2016 2041 2017
f 2013 2039 2011
f 2018 2017 2043
f 2016 2039 2041
f 2019 2018 2044
f 2017 2041 2043
f 2020 2019 2045
f 2018 2043 2044
f 1892 2020 2046
f 2019 2044 2045
f 2024 1892 2047
f 2020 2045 2046
f 2025 2024 2048
f 2046 2047 1892
f 2025 2021 2026
f 2047 2048 2024
f 2027 2026 2049
f 2025 2048 2021
f 2028 2027 2050
f 2026 2021 2049
f 2029 2028 2051
f 2049 2050 2027
f 2029 2004 2030
f 2050 2051 2028
f 1971 2030 2052
f 2029 2051 2004
f 2034 1971 2053
f 2004 2052 2030
f 2034 2033 2035
f 2052 2053 1971
f 2036 2035 2054
f 2034 2053 2033
f 1929 2036 2055
f 2033 2054 2035
f 1929 1933 1924
f 2055 2036 2054
f 1930 1929 1924
f 1929 2055 1933
f 1813 1924 1932
f 2014 1901 1902
f 1443 1902 1901
f 1913 2056 2037
f 2014 1903 1896
f 2037 1903 1913
f 2056 2057 2038
f 2038 2037 2056
f 2058 2057 1604
f 2013 2038 2057
f 1594 2042 2058
f 2058 2013 2057
f 2039 2058 2042
f 2041 2039 2042
f 2040 2059 2043
f 2043 2041 2040
f 2059 2060 2044
f 2044 2043 2059
f 2060 2061 2045
f 2045 2044 2060
f 2061 2062 2046
f 2046 2045 2061
f 2062 2063 2047
f 2047 2046 2062
f 2022 2063 1579
f 2048 2047 2063
f 1581 2023 2022
f 2048 2063 2022
f 2023 2064 2049
f 2049 2021 2023
f 2064 2065 2050
f 2050 2049 2064
f 2065 2005 2051
f 2051 2050 2065
f 2003 2005 1582
f 2051 2005 2004
f 2003 2066 2052
f 2052 2004 2003
f 2066 2031 2053
f 2053 2052 2066
f 2032 2031 1599
f 2053 2031 2033
f 2032 2067 2054
f 2054 2033 2032
f 2067 2010 2055
f 2055 2054 2067
f 1589 2009 2010
f 2055 2010 1933
f 1934 1932 2009
f 1932 1933 2009
f 1833 1932 1934
f 1902 1442 1894
f 1444 1894 1442
f 1606 1605 2056
f 1903 1894 1913
f 1606 2056 1913
f 1605 1604 2057
f 1605 2057 2056
f 1604 1602 2058
f 1594 2058 1602
f 2039 2013 2058
f 1594 1571 2042
f 2042 1571 2040
f 1571 1570 2040
f 2040 1570 2059
f 1570 1574 2059
f 2059 1574 2060
f 1574 1576 2060
f 1576 1575 2061
f 1576 2061 2060
f 1575 1587 2062
f 1575 2062 2061
f 1587 1579 2063
f 1587 2063 2062
f 1579 1578 2022
f 1581 2022 1578
f 2021 2048 2022
f 1581 1580 2023
f 2023 1580 2064
f 1580 1585 2064
f 1585 1583 2065
f 1585 2065 2064
f 1583 1582 2005
f 1583 2005 2065
f 1582 1586 2003
f 1586 1597 2003
f 2003 1597 2066
f 1597 1596 2066
f 1596 1599 2031
f 1596 2031 2066
f 1599 1601 2032
f 1601 1600 2032
f 1600 1591 2067
f 1600 2067 2032
f 1591 1590 2010
f 1591 2010 2067
f 2010 1590 1589
f 1589 1592 2009
f 1593 1934 1592
f 1934 2009 1592
f 1833 1934 1671
f 1209 1282 1164
f 1162 1209 1164
f 1282 1168 1164
f 1168 1282 1283
f 1283 1165 1168
f 1165 1283 1281
f 1280 1165 1281
f 1275 1167 1166
f 1413 1166 1169
f 1280 1413 1169
f 1275 1166 1413
f 1165 1280 1169
f 1167 1412 1170
f 1412 1167 1275
f 1411 1170 1412
f 1170 1411 1163
f 1160 1163 1411

