# https://github.com/mikedh/trimesh
v 16.15027618 -47.82338333 32.59980774
v 16.21487045 -50.83607864 27.78424072
v 16.93244553 -47.66101456 32.79184723
v 22.73089409 -45.54944229 34.99100494
v 22.05410767 -45.88360214 34.66636658
v 25.77843094 -50.17992783 27.41769409
v 20.65753746 -46.49512863 34.05380630
v 19.93869400 -46.77138519 33.76788330
v -20.12581444 -10.63920593 49.31931686
v -12.04107761 -12.30220413 51.97840881
v -19.63244820 -10.06421280 49.63793945
v -20.75510979 -19.72904015 46.36014938
v -21.66781807 -12.26018810 48.28648758
v -22.20469284 -12.76099873 47.91700363
v -12.04107761 -20.92546463 49.33756638
v -21.14284325 -11.73850632 48.64348984
v 25.87414742 -43.60582733 36.77489090
v 25.77843094 -44.84034729 35.31786346
v 26.44705963 -43.16256332 37.16280365
v 26.99692535 -42.70052338 37.56185150
v 35.13035583 -44.97697830 32.26954269
v 27.52055168 -42.21912766 37.97296906
v 21.36285782 -46.19898605 34.35368347
v 25.28072548 -44.03067780 36.39753723
v 35.13035583 -52.85086060 16.98119926
v 25.77843094 -56.51028442 9.50104713
v 35.13035583 -54.88270950 8.59842205
v 25.77843094 -54.10757065 18.72876740
v 35.13035583 -55.56570053 0.00000000
v 27.58666611 -57.06023026 0.00000000
v -28.85169220 4.72555017 45.49255753
v -28.85169220 -3.04652500 45.82271194
v -26.59888077 -2.30062485 47.11273575
v -32.05541229 -10.33237457 42.89707565
v -36.18657303 -9.72687054 40.02882004
v -32.18909073 -11.10624599 42.63284683
v -20.75510979 5.24619532 49.55835342
v -20.34298134 2.15022349 50.03534698
v -19.66084290 2.52550650 50.29854584
v 10.18679619 -47.92449570 -32.37011337
v 6.61006451 -50.60608292 -27.65575790
v 9.43018150 -47.70566177 -32.62498474
v -15.32847309 4.35797453 51.80528259
v -14.56395054 4.52358913 52.05377579
v -17.29801369 10.26487541 50.09817505
v 12.26426506 -58.08473969 0.00000000
v 16.21487045 -57.25106430 9.62806702
v 6.61006451 -56.99140167 9.58354378
v 12.15239620 -42.06286621 39.61223602
v 12.81888485 -41.73469925 39.96358109
v 6.61006451 -38.56493759 42.56843567
v 16.21487045 -22.34183121 52.86233139
v 6.61006451 -22.24360275 52.61788177
v 16.21487045 -30.97006416 48.51206970
v -52.39567566 5.41108894 21.26093674
v -55.54578781 3.30626535 14.38796711
v -52.39567566 1.72431695 22.05549622
v -32.23478699 -11.89625835 42.40853882
v 11.50621223 -42.40306473 39.23601913
v 10.28859520 -43.12466431 38.40251541
v 10.88341808 -42.75654984 38.83334351
v -23.32367897 -13.69656181 47.13724136
v -23.90009880 -14.12012196 46.73288345
v -2.86485577 -30.16407585 47.20306015
v 6.61006451 -30.83193588 48.28773499
v 9.20822906 -43.91147232 37.44837952
v 9.72759056 -43.50899124 37.94161224
v -12.04107761 -28.97838211 45.27737045
v -12.04107761 -36.22929001 39.91462708
v -2.86485577 -37.72337341 41.61223221
v -36.18657303 -16.36768341 37.99509430
v -31.97248840 -13.49761200 42.14815140
v -20.75510979 -39.97302628 31.38777542
v -28.85169220 -31.40120888 34.42886353
v -28.85169220 -36.78385925 28.81270599
v -48.06437683 -7.21548653 28.37595749
v -48.06437683 -2.33196092 29.00131607
v -52.39567566 -2.04370546 22.21556091
v -42.62906265 -19.60918236 30.06082344
v -36.18657303 -22.56927490 34.86831665
v -42.62906265 -14.26264095 32.75649261
v -42.62906265 -8.53743458 34.50981903
v -56.50040436 7.54125118 8.25033951
v -57.45859146 3.41409993 6.10346603
v -55.56237793 7.53075695 12.27239895
v -57.45859146 -2.69935107 -7.42101574
v -57.45859146 -1.42218828 -7.58456278
v -55.54578781 -1.73863614 -15.03399181
v -55.54578781 -4.27020693 -14.70981121
v -52.39567566 -2.04370546 -22.21556091
v -52.39567566 -5.78457928 -21.73652267
v -55.54578781 -11.04153633 -11.29577923
v -52.39567566 -12.75828457 -18.93425751
v -52.39567566 -15.79049587 -16.69164658
v -36.18657303 4.10111094 -40.61622620
v -28.85169220 4.72555017 -45.49255753
v -36.18657303 -2.83787751 -40.91098785
v -31.14236259 -7.89137983 -43.94707870
v -30.77999878 -7.23273325 -44.27453995
v 16.21487045 -38.73899078 -42.76620102
v 18.30321693 -39.57634735 -41.90965652
v 17.53894806 -39.83339691 -41.71839523
v 16.78321457 -40.09961700 -41.50685883
v 19.95026207 -57.89880753 0.00000000
v 25.77843094 -56.51028442 -9.50104713
v 25.77843094 -50.17992783 -27.41769409
v 19.74173546 -46.84267044 -33.69302750
v 20.47052956 -46.56943512 -33.97752762
v 16.21487045 -54.81623077 -18.97915077
v 6.61006451 -56.99140167 -9.58354378
v 6.61006451 -54.56782913 -18.89138603
v 21.43389702 -38.64785004 -42.46863937
v 16.21487045 -30.97006416 -48.51206970
v 22.23286629 -38.44495773 -42.55391693
v -28.85169220 -18.20070267 -42.55673599
v -36.18657303 -16.36768341 -37.99509430
v -30.80348206 -15.14544487 -42.41761780
v 9.44103050 -43.72408295 -37.67926025
v 8.94457817 -44.14082718 -37.16311264
v 6.61006451 -38.56493759 -42.56843567
v -20.75510979 -19.72904015 -46.36014938
v -21.34950638 -11.94760513 -48.50352478
v -12.04107761 -12.30220413 -51.97840881
v -20.32595825 -10.86469460 -49.18822098
v -19.82978439 -10.29742908 -49.51130676
v -8.19416523 11.73422718 -52.70996094
v -12.04107761 5.65377092 -52.74116898
v -8.32693958 11.90232372 -52.63372421
v 16.21487045 -50.83607864 -27.78424072
v 11.80863476 -48.14558792 -32.13987350
v 35.13035583 -54.88270950 -8.59842205
v 12.63659286 -48.17070389 -32.13017654
v 26.99118614 -42.70558167 -37.55749893
v 25.77843094 -44.84034729 -35.31786346
v 26.43629646 -43.17125320 -37.15525055
v 8.23462772 -47.00034332 -33.49685287
v 8.75944996 -47.39836884 -32.99845505
v 29.98320007 -33.20561600 -45.34436798
v 26.30315208 -37.73252869 -42.55163574
v 25.48225594 -37.81657028 -42.62413788
v 23.03757858 -38.25688553 -42.61497498
v 24.66298866 -37.93770981 -42.65419769
v -31.80459404 -13.90241814 -42.14145279
v -31.37085342 -14.59105682 -42.21995544
v 6.61006451 -30.83193588 -48.28773499
v -2.86485577 -30.16407585 -47.20306015
v 6.61006451 -22.24360275 -52.61788177
v -32.08274460 -13.13362026 -42.17834473
v -36.18657303 -9.72687054 -40.02882004
v -32.21517944 -12.33597565 -42.30749130
v -24.01863098 -0.21736410 -48.44672775
v -24.63088989 -0.67451012 -48.14921570
v -27.50217819 -3.14702415 -46.58858109
v -28.03222275 -3.68179893 -46.26377106
v -28.85169220 -3.04652500 -45.82271194
v -26.39488029 -2.11924577 -47.22651291
v -26.95601654 -2.62636280 -46.90962219
v -30.38479042 -6.59522581 -44.60585403
v -32.13999557 -10.76212883 -42.74529648
v -32.22638321 -11.54033947 -42.50327301
v -42.62906265 -24.42324829 -26.50035858
v -42.62906265 -19.60918236 -30.06082344
v -36.18657303 -22.56927490 -34.86831665
v -31.74734879 -9.27745056 -43.31525421
v -31.46694374 -8.57251740 -43.62611771
v -48.06437683 -23.68441010 -18.23563766
v -48.06437683 -26.44139290 -14.15655136
v -52.39567566 -20.51198959 -10.84418774
v -42.62906265 -14.26264095 -32.75649261
v -52.39567566 -9.39068604 -20.63216591
v -55.54578781 -6.71057653 -13.96245670
v -57.45859146 -0.13575658 -7.52991581
v -55.54578781 3.30626535 -14.38796711
v -55.54578781 0.81130695 -14.92567158
v -58.09999847 -1.10000002 -0.00000000
v -57.45859146 4.38065958 -5.25278664
v -57.45859146 3.41409993 -6.10346603
v -28.85169220 -31.40120888 -34.42886353
v -20.75510979 -27.29598236 -42.54497910
v -20.75510979 -34.10931396 -37.50586319
v 35.13035583 -44.97697830 -32.26954269
v 29.48730469 -38.85034561 -40.88564682
v 29.23496246 -38.30157089 -41.44462967
v 35.13035583 -39.33242035 -38.79168320
v 27.51947975 -42.22003555 -37.97221756
v 28.01607132 -41.71380234 -38.40095520
v 28.47359085 -41.18565369 -38.84621048
v 29.21602249 -40.05761719 -39.80305481
v 28.88021469 -40.63396835 -39.31185532
v 29.44276619 -39.45787430 -40.32700348
v 27.92197418 -37.75007248 -42.22020340
v 28.66390038 -37.92912674 -41.90468597
v 27.12099075 -37.70126343 -42.42401505
v 23.84783173 -38.08646393 -42.64950562
v 16.21487045 -57.25106430 -9.62806702
v -16.60180855 3.94199014 -51.38567734
v -17.32777977 3.65067601 -51.13955688
v -20.75510979 5.24619532 -49.55835342
v 20.64113617 -38.86363983 -42.36067200
v 19.85483742 -39.09091187 -42.23110199
v 19.07534981 -39.32872009 -42.08060455
v -1.65232694 4.30116987 -55.39161682
v 16.03679848 -40.37496948 -41.27487183
v 14.57590103 -40.95346832 -40.74818039
v 13.86407185 -41.25718307 -40.45244217
v 24.24472046 -26.37817574 -50.42762756
v 13.16641521 -41.57128525 -40.13400269
v 12.48489475 -41.89656067 -39.79175949
v 11.82277107 -42.23336411 -39.42514420
v 18.06146049 -19.02372742 -54.00826263
v 11.18253803 -42.58318329 -39.03226471
v 10.56831551 -42.94725418 -38.61152649
v 9.98549652 -43.32690430 -38.16130066
v -2.86485577 -37.72337341 -41.61223221
v 6.61006451 -45.22013855 -35.62452316
v -24.20539474 -14.32753563 -46.51879501
v -24.80367279 -14.70027637 -46.09986496
v -27.36591530 -15.74164104 -44.35502625
v -26.69885063 -15.56369972 -44.79701996
v -2.86485577 -53.36679459 -18.46703339
v -2.86485577 -49.49404144 -27.03453445
v -12.04107761 -42.46959305 -33.40361404
v -12.04107761 -47.51976776 -25.93163681
v -20.75510979 -44.71843338 -24.36671829
v -2.86485577 -44.22908020 -34.82429886
v 7.91369581 -46.53101730 -34.09634399
v 4.58945656 -57.62003708 0.00000000
v -2.86485577 -55.73593140 -9.36827087
v 10.98740768 -48.06697083 -32.21469116
v 13.46372795 -48.15023041 -32.17384338
v -3.01824617 -56.50205994 0.00000000
v -10.49996376 -54.72491455 0.00000000
v 15.09899521 -47.99508667 -32.38749313
v 14.28548145 -48.09017181 -32.26190567
v 35.13035583 -52.85086060 -16.98119926
v 15.90256119 -47.86848450 -32.54528427
v 17.47583199 -47.53124237 -32.94123459
v 18.24421883 -47.32456207 -33.17319107
v 16.69493866 -47.71318054 -32.73095703
v 25.77843094 -54.10757065 -18.72876740
v 18.99942398 -47.09473419 -33.42433929
v 35.13035583 -49.52111435 -24.93809128
v 21.18549347 -46.27584839 -34.27647400
v 21.88624382 -45.96253967 -34.58871078
v 22.57242012 -45.63002014 -34.91331863
v 23.24340248 -45.27871323 -35.24949646
v 23.89868546 -44.90887833 -35.59669113
v 24.53749847 -44.52067566 -35.95449829
v 25.85800552 -43.61783218 -36.76430893
v 25.20887756 -44.08000565 -36.35333633
v 24.66844177 -44.43740845 36.03041458
v 28.62423134 -40.99172211 39.00985336
v 35.09915543 -39.29533005 38.83888626
v 23.39260292 -45.19692230 35.32685089
v 19.20614433 -47.02716064 33.49699783
v 18.46088791 -47.26139069 33.24287415
v 35.13035583 -49.52111435 24.93809128
v 17.70266342 -47.47312927 33.00711823
v 15.35683346 -47.95806885 32.43437958
v 14.55341339 -48.06267166 32.29921722
v 13.74097157 -48.13424301 32.19881821
v -22.75579071 -13.24026585 47.53421402
v 12.92236996 -48.16850662 32.13964462
v 16.21487045 -54.81623077 18.97915077
v 12.10102940 -48.16021347 32.12955093
v -24.49196053 -14.51220894 46.31774521
v -25.09952927 -14.86777782 45.89338303
v 11.28281975 -48.10223007 32.17914200
v 9.00526047 -47.52843094 32.83877563
v 6.61006451 -50.60608292 27.65575790
v 9.70933342 -47.79853821 32.51522827
v 10.47957134 -47.98565674 32.30174637
v 6.61006451 -54.56782913 18.89138603
v -12.04107761 -51.23452759 17.71365547
v -2.86485577 -53.36679459 18.46703339
v -12.04107761 -47.51976776 25.93163681
v 8.01624489 -46.72681808 33.84517288
v 8.42003441 -47.16780853 33.28567505
v 6.61006451 -45.22013855 35.62452316
v -2.86485577 -44.22908020 34.82429886
v -2.86485577 -49.49404144 27.03453445
v 7.83049154 -46.23720551 34.47525787
v 13.50249958 -41.41783142 40.29108047
v -12.04107761 5.65377092 52.74116898
v -12.46382332 2.99001765 52.88342667
v -1.65679073 4.30576181 55.39040375
v -2.86485577 -3.45265532 55.38333893
v 4.95376015 -3.47258425 56.50851059
v 17.86920738 -39.72082520 41.80379105
v 18.63038445 -39.46994019 41.98479843
v 16.21487045 -38.73899078 42.76620102
v -18.20270538 -8.24445343 50.51782990
v -18.67079353 -8.86541939 50.23762894
v -19.14743614 -9.47249699 49.94418335
v 11.57034779 -11.31505775 56.04687119
v 18.05209541 -19.01202202 54.01253891
v 14.20119858 -41.11139679 40.59594345
v 14.91332245 -40.81483459 40.87894440
v 15.63724136 -40.52773285 41.14075470
v 17.11611748 -39.98083878 41.60285568
v 24.24332428 -26.37644386 50.42866898
v 19.39909744 -39.22845459 42.14578629
v 20.17463112 -38.99692154 42.28649139
v 20.95707130 -38.77599335 42.40644073
v 22.53978539 -38.37097931 42.58039474
v 21.74541283 -38.56680679 42.50484467
v 24.14501381 -38.02929688 42.65494156
v 23.33980942 -38.19089508 42.63117218
v 29.98501968 -33.20778656 45.34243011
v 28.87172890 -38.02268219 41.77598572
v 29.34968185 -38.45630264 41.27844238
v 25.76803589 -37.78236008 42.60432434
v 24.95483780 -37.89083481 42.64787674
v 27.38950729 -37.70610428 42.36683273
v 26.58189964 -37.71454239 42.51560593
v 28.17212105 -37.78980637 42.13308334
v 29.49868393 -39.02971268 40.71657181
v 29.06880951 -40.32915115 39.57100296
v 29.39140511 -39.63290405 40.17224121
v 28.10051918 -41.62103271 38.47933197
v -36.18657303 -2.83787751 40.91098785
v -31.28399086 -8.17549515 43.81091690
v -48.06437683 2.58700609 28.79236221
v -48.43717957 7.56678295 27.17685127
v -30.54670143 -6.84802961 44.47287750
v -30.13115501 -6.21867800 44.80757904
v -26.36754417 -15.44963932 45.02055740
v -27.02663231 -15.66005230 44.57834244
v -25.72307396 -15.18174076 45.46137238
v -36.18657303 4.10111094 40.61622620
v -42.62906265 3.38400412 35.01623535
v -27.70362473 -15.80374908 44.13622284
v -28.40085602 -15.86657906 43.69770813
v -28.85169220 -18.20070267 42.55673599
v 8.74162483 -44.33405304 36.92072296
v 8.03559303 -45.24686813 35.75611115
v 8.34329796 -44.77873993 36.35678101
v -29.10633659 -15.82877731 43.27685165
v -29.81276321 -15.66671181 42.88636017
v -32.17118454 -12.70181751 42.23878860
v 7.85074520 -45.73592377 35.12404251
v -12.04107761 -42.46959305 33.40361404
v -20.75510979 -34.10931396 37.50586319
v -20.75510979 -27.29598236 42.54497910
v -28.85169220 -25.14684868 39.05456543
v -20.75510979 -44.71843338 24.36671829
v -28.85169220 -41.13994980 22.36765862
v -20.75510979 -48.20901489 16.64467430
v -36.18657303 -28.15323257 30.73844337
v -36.18657303 -32.95891953 25.72427940
v -42.62906265 -2.59826636 35.27035904
v -31.85219193 -9.58761787 43.18606949
v -31.59220886 -8.86984348 43.49222183
v -30.93350792 -7.50155258 44.13900375
v -29.69012260 -5.61084700 45.14189911
v -29.22504807 -5.02113533 45.47570801
v -28.73815155 -4.44825125 45.80802155
v -28.23130989 -3.89119792 46.13808441
v -27.16098976 -2.81846714 46.79065704
v -27.70520782 -3.34820986 46.46578217
v -26.02175713 -1.79596210 47.43053818
v -33.75101089 8.34165096 41.67464828
v -25.90569115 9.11584473 46.38510132
v -25.43403816 -1.30692697 47.74191284
v -24.22264671 -0.36745271 48.34877777
v -23.60082436 0.08314665 48.64374161
v -24.83270073 -0.82977366 48.04875183
v -22.32786942 0.94663471 49.21632004
v -22.96953392 0.52086151 48.93272018
v -21.67628670 1.36025286 49.49449158
v -8.18417358 11.72350883 52.71519470
v -8.31689262 11.89153957 52.63904572
v -21.01479149 1.76152039 49.76739502
v -18.96787071 2.88630748 50.55737686
v -18.26293182 3.23114634 50.81251144
v -17.54485512 3.55744171 51.06470871
v -16.81203842 3.86107254 51.31502151
v -16.07688522 4.13044214 51.56014633
v -13.78727531 4.57816935 52.30976868
v -13.03689957 4.39880514 52.57381058
v -12.59464836 2.17435288 52.89925385
v -13.10042477 0.61285657 52.81250763
v -12.04107761 -3.35667682 53.12392807
v -12.82081985 1.38378561 52.87097168
v -13.41545773 -0.14448522 52.73004532
v -13.79391003 -0.94501615 52.61363983
v -14.18439865 -1.73351693 52.47988892
v -14.58692074 -2.50998783 52.32879257
v -15.86669922 -4.76722002 51.77142334
v -16.31736183 -5.49557066 51.55094147
v -15.00147915 -3.27442861 52.16035080
v -16.78005981 -6.21189117 51.31311417
v -17.25479126 -6.91618156 51.05794144
v -17.74155998 -7.60844326 50.78542328
v -2.86485577 -12.77864456 54.18909836
v -36.18657303 -28.15323257 -30.73844337
v -28.85169220 -25.14684868 -39.05456543
v -22.11638832 1.08290720 -49.30765915
v -21.46182060 1.49234962 -49.58396530
v -22.76093483 0.66138279 -49.02600098
v -19.34336281 -9.71466732 -49.82135391
v -18.39814186 -8.50672054 -50.40185165
v -18.86617661 -9.11734104 -50.11829376
v -19.43960571 2.64299345 -50.38208008
v -20.12338829 2.27319860 -50.12102509
v -12.04107761 -20.92546463 -49.33756638
v -2.86485577 -12.77864456 -54.18909836
v -2.86485577 -21.76865959 -51.43593979
v 6.61006451 -13.04700661 -55.43430710
v 11.57414722 -11.31947899 -56.04615784
v -18.74598503 2.99735451 -50.63853455
v -18.04224586 3.33434129 -50.89079285
v -16.18638420 -5.27778816 -51.61618423
v -16.61177444 -5.94498539 -51.40092087
v -17.04567909 -6.60197544 -51.17170715
v -12.04107761 -3.35667682 -53.12392807
v -15.76973057 -4.60073423 -51.81730652
v -15.36222553 -3.91406178 -52.00403976
v -15.15893650 10.63034534 -50.81640625
v 4.95253468 -3.47085786 -56.50844574
v -2.86485577 -3.45265532 -55.38333893
v -12.88957787 1.18060029 -52.85831833
v -12.64749527 1.96294975 -52.89530945
v -14.57752514 -2.51212192 -52.33296967
v -14.20273685 -1.79663360 -52.47418976
v -13.84220409 -1.07068348 -52.59888840
v -13.49914360 -0.33362988 -52.70591736
v -15.11046124 4.41312933 -51.87619400
v -15.86317062 4.20055246 -51.63052750
v -13.17871952 0.41607523 -52.79339600
v -14.34257603 4.55311346 -52.12610245
v -12.48542976 2.76628613 -52.89351273
v -12.48810768 3.58066583 -52.82683563
v -12.85476398 4.27347612 -52.64500427
v -20.79744148 1.88933754 -49.85506821
v -21.75491524 9.63089371 -48.33998108
v -23.39515114 0.22794808 -48.73900986
v -25.23152733 -1.14370275 -47.84654236
v -25.81981277 -1.62522197 -47.53887558
v -28.54481125 -4.23141146 -45.93571472
v -29.96076965 -5.97746706 -44.93901825
v -29.51109695 -5.37831831 -45.27247620
v -29.03835678 -4.79661751 -45.60504150
v -28.85169220 -36.78385925 -28.81270599
v -36.18657303 -36.84807968 -19.97007561
v -36.18657303 -32.95891953 -25.72427940
v -37.12816238 8.09013653 -39.15211487
v -40.25872803 7.88746214 -36.46096039
v -31.97534370 -10.00726414 -43.01935577
v -42.62906265 -31.91928864 -17.21668816
v -28.85169220 -41.13994980 -22.36765862
v -20.75510979 -39.97302628 -31.38777542
v -42.62906265 -34.38561630 -11.76055622
v -48.06437683 -28.46934891 -9.67020607
v -12.04107761 -36.22929001 -39.91462708
v 7.81535912 -46.02836227 -34.74533463
v 8.15588379 -45.04079437 -36.02120209
v 7.91141081 -45.52580643 -35.39591980
v 8.50961781 -44.57913208 -36.61084366
v -22.41834831 -12.95104599 -47.76895523
v -22.97141838 -13.41805172 -47.38372040
v -21.87794685 -12.46015930 -48.14234924
v 24.03890038 -44.82609558 35.67353058
v 15.30068207 -40.65949631 -41.02214813
v 6.61006451 -13.04700661 55.43430710
v 16.37188339 -40.24977875 41.38193512
v -55.51660919 -16.21512985 0.00000000
v -52.39567566 -23.01575661 -3.75783396
v -52.42833328 -23.25669098 0.00000000
v -12.04107761 -53.50701141 -8.98608494
v -17.48801422 -7.24830818 -50.92869949
v -20.62924385 -11.19788647 48.98770142
v -2.86485577 -21.76865959 51.43593979
v -31.61899185 -14.24057198 42.16325378
v -31.11478233 -14.87471104 42.29990387
v -2.86485577 -55.73593140 9.36827087
v -17.79128265 -52.27973557 0.00000000
v -20.75510979 -50.34436035 -8.44379330
v -12.04107761 -51.23452759 -17.71365547
v -25.41812134 -15.03465462 -45.67214203
v -12.04107761 -28.97838211 -45.27737045
v -17.93874550 -7.88338041 -50.67207718
v -14.96450901 -3.21789813 -52.17607880
v -12.04107761 -53.50701141 8.98608494
v -24.81929779 -49.15579987 0.00000000
v -28.85169220 -46.30432510 -7.75106001
v -20.75510979 -48.20901489 -16.64467430
v -26.04962349 -15.32489777 -45.23713684
v -23.53796768 -13.85867691 -46.98703766
v -13.56630802 4.55936575 -52.38475800
v -12.54430866 3.79949903 52.78936768
v -15.42807102 -4.02683926 51.97455978
v -20.75510979 -50.34436035 8.44379330
v -31.49103165 -45.34191132 0.00000000
v -36.18657303 -41.45888519 -6.92022610
v -28.85169220 -44.34416580 -15.27913570
v -28.05017090 -15.84643745 -43.91584778
v -20.83235741 -11.41523457 -48.85223389
v -30.49441528 -15.35519409 42.55088425
v -28.85169220 -44.34416580 15.27913570
v -28.85169220 -46.30432510 7.75106001
v -37.71416092 -40.83297729 0.00000000
v -42.62906265 -35.89437485 -5.96609497
v -36.18657303 -39.70883560 -13.64136982
v -30.14867401 -15.53552055 -42.71496582
v -29.45327187 -15.76637077 -43.08064651
v -28.74828911 -15.86172009 -43.48719025
v -28.04736328 8.88724995 -45.23954773
v -33.80673599 8.34256840 -41.63446426
v -37.08002090 8.08723450 39.19363022
v -36.18657303 -36.84807968 19.97007561
v -36.18657303 -39.70883560 13.64136982
v -36.18657303 -41.45888519 6.92022610
v -43.37139893 -35.63170242 0.00000000
v -48.06437683 -29.70993805 -4.90566635
v -42.62906265 -28.56634712 -22.17752647
v -42.62906265 -8.53743458 -34.50981903
v -48.06437683 -11.92308044 -26.93427277
v -48.06437683 -7.21548653 -28.37595749
v -42.62906265 -2.59826636 -35.27035904
v -42.62906265 3.38400412 -35.01623535
v -40.21766281 7.88385201 36.50230789
v -43.18752670 7.73822594 33.59297562
v -45.91883850 7.63018847 30.48876572
v -42.62906265 -24.42324829 26.50035858
v -42.62906265 -28.56634712 22.17752647
v -42.62906265 -31.91928864 17.21668816
v -42.62906265 -34.38561630 11.76055622
v -42.62906265 -35.89437485 5.96609497
v -48.32682419 -29.75744438 0.00000000
v -48.06437683 -2.33196092 -29.00131607
v -48.06437683 2.58700609 -28.79236221
v -48.06437683 -20.27771568 -21.79011917
v -48.06437683 -16.31931496 -24.71773720
v -43.22200012 7.74028254 -33.55374146
v -48.06437683 -16.31931496 24.71773720
v -48.06437683 -20.27771568 21.79011917
v -48.06437683 -23.68441010 18.23563766
v -48.06437683 -26.44139290 14.15655136
v -48.06437683 -11.92308044 26.93427277
v -48.06437683 -28.46934891 9.67020607
v -48.06437683 -29.70993805 4.90566635
v -55.54578781 -15.93110466 -2.54304838
v -52.39567566 -22.06544113 -7.40756178
v -52.39567566 -18.40008926 -13.96884632
v -52.39567566 1.72431695 -22.05549622
v -48.47214127 7.56812334 -27.14846992
v -45.94726944 7.63138580 -30.45223236
v -50.66581345 7.52687836 23.69570541
v -52.62760925 7.51810169 20.02388573
v -55.54578781 5.67446327 13.43634605
v -54.25397491 7.51757193 16.22571945
v -52.39567566 -15.79049587 16.69164658
v -52.39567566 -18.40008926 13.96884632
v -52.39567566 -5.78457928 21.73652267
v -52.39567566 -20.51198959 10.84418774
v -52.39567566 -9.39068604 20.63216591
v -52.39567566 -12.75828457 18.93425751
v -52.39567566 -22.06544113 7.40756178
v -52.39567566 -23.01575661 3.75783396
v -57.44353104 -8.76779175 0.00000000
v -57.45859146 -8.58220768 -1.28295326
v -55.54578781 -15.28799534 -5.01293755
v -55.54578781 -14.23672390 -7.33861399
v -55.54578781 -8.98954010 -12.81342697
v -55.54578781 -12.80753231 -9.45317173
v -52.42563248 7.52412605 -19.91667747
v -52.39567566 5.41108894 -21.26093674
v -50.68379974 7.52844000 -23.66634560
v -55.54578781 0.81130695 14.92567158
v -55.54578781 -1.73863614 15.03399181
v -55.54578781 -4.27020693 14.70981121
v -55.54578781 -14.23672390 7.33861399
v -55.54578781 -6.71057653 13.96245670
v -55.54578781 -8.98954010 12.81342697
v -55.54578781 -15.28799534 5.01293755
v -55.54578781 -11.04153633 11.29577923
v -55.54578781 -15.93110466 2.54304838
v -55.54578781 -12.80753231 9.45317173
v -57.45859146 -8.25776196 -2.52899837
v -57.45859146 -3.93050361 -7.04397917
v -57.45859146 -5.08022785 -6.46430063
v -57.45859146 -7.72740173 -3.70228863
v -57.45859146 -7.00638294 -4.76907110
v -57.45859146 -6.11544800 -5.69865561
v -55.54578781 5.67446327 -13.43634605
v -54.16746521 7.51981163 -16.16701126
v -55.30223846 7.53053999 -12.19592476
v -57.45859146 2.31767797 -6.77855968
v -57.45859146 1.12293553 -7.25864697
v -57.45859146 4.38065958 5.25278664
v -57.06804276 7.54905510 4.15954018
v -57.45859146 5.81750250 3.12690830
v -57.45859146 2.31767797 6.77855968
v -57.45859146 1.12293553 7.25864697
v -57.45859146 -0.13575658 7.52991581
v -57.45859146 -1.42218828 7.58456278
v -57.45859146 -2.69935107 7.42101574
v -57.45859146 -3.93050361 7.04397917
v -57.45859146 -5.08022785 6.46430063
v -57.45859146 -8.25776196 2.52899837
v -57.45859146 -6.11544800 5.69865561
v -57.45859146 -7.00638294 4.76907110
v -57.45859146 -7.72740173 3.70228863
v -57.45859146 -8.58220768 1.28295326
v -56.43701172 7.54126835 -8.22483921
v -57.45859146 5.81750250 -3.12690830
v -57.26530457 7.55416822 0.00000000
v -57.45859146 6.24645042 -1.91286695
v -57.45859146 6.24645042 1.91286695
v -56.85115814 7.54771852 -4.11241961
v -49.90436935 53.78286743 -3.04103446
v -49.88055801 54.32296753 -2.39133143
v -48.84574127 60.78656387 -5.61216784
v -38.17721176 29.10054016 -33.87258148
v -30.51859665 38.92264938 -38.49485779
v -31.46792984 28.68718719 -39.33729553
v -32.56441116 18.49073982 -40.38428497
v -39.62664795 18.44291878 -34.62347794
v -45.34289551 18.24295044 -28.31606674
v -43.69694519 28.93482399 -27.83729553
v -49.75097656 18.18165207 -21.53625298
v -49.82211304 50.38885498 -7.21244049
v -50.58265686 46.81072617 -5.11755323
v -50.46855164 47.63675308 -5.17086029
v -52.83549500 18.18542099 -14.52095604
v -51.26300049 39.63341522 -7.20426607
v -46.43044281 39.61845398 -21.08687210
v -48.00369263 50.37953568 -14.30134487
v -45.03646088 50.37976837 -21.00331688
v -47.90901947 59.66925430 -11.05448246
v -46.42198563 57.89640427 -16.18456841
v -50.36241531 48.46802521 -5.16137218
v -50.10258484 50.91556168 -4.73072147
v -50.17904282 50.11164093 -4.94510221
v -50.26553726 49.29629898 -5.08676767
v -50.03659058 51.70053101 -4.43756819
v -49.98176956 52.45035934 -4.06218672
v -49.93783188 53.15033340 -3.59832525
v -49.86516953 54.74207306 -1.65426409
v -49.16620636 61.16865158 -0.00000000
v -49.85670853 55.00984955 -0.84762192
v -49.85403061 55.10235977 -0.00000000
v -52.88312912 28.90440178 -7.22572041
v -51.61734009 40.97083664 -2.33466363
v -42.22479248 39.66056824 -27.48949814
v -50.70375443 45.99392700 -5.00321674
v -50.83171082 45.18404007 -4.82685804
v -54.68172836 18.20640373 -7.27678108
v -50.96436691 44.39155579 -4.58830833
v -55.26196671 18.36724663 0.00000000
v -53.44167709 29.21424294 0.00000000
v -51.23579407 42.88745499 -3.91708064
v -51.09967804 43.62429047 -4.28650904
v -51.49995041 41.54006195 -2.94712806
v -51.37097168 42.18550873 -3.47149992
v -51.71454620 40.51115417 -1.62903953
v -51.78054810 40.20479584 -0.84135270
v -51.80443573 40.09515762 -0.00000000
v -48.00225449 28.88387489 -21.26456642
v -51.04645920 28.88696480 -14.38702393
v -49.43558121 39.61999130 -14.31379986
v -36.89591217 39.79471970 -33.29415894
v -36.66803741 46.26158142 -32.59049606
v -42.14066315 52.79014206 -25.23155022
v -39.51844025 49.66210556 -29.11092186
v -33.66200638 42.67472839 -35.69405365
v -44.46977997 55.56792068 -20.92144966
v -49.85663605 55.00980377 0.84553295
v -39.56251907 18.44151115 34.68641663
v -49.86503220 54.74257660 1.65088367
v -49.88047409 54.32369614 2.38940239
v -48.84653854 60.78755569 5.60609770
v -49.98175430 52.44973373 4.06151676
v -49.93771362 53.15148163 3.59614468
v -49.90427017 53.78421021 3.03884625
v -51.23545074 42.89002991 3.91973925
v -51.25363541 39.63303757 7.26112270
v -51.09828186 43.63249969 4.29019690
v -49.81275558 50.38857269 7.26928473
v -50.10214996 50.92136765 4.72837162
v -50.17902756 50.11295700 4.94430161
v -32.51371002 18.47322273 40.42448044
v -31.42152023 28.65289688 39.37690353
v -38.11598969 29.09942627 33.93288422
v -43.68219376 28.93415260 27.85733414
v -36.83729935 39.79386902 33.35204697
v -30.48837662 38.88656616 38.52278137
v -33.62904739 42.63540268 35.72926712
v -49.72552490 18.18035316 21.58463669
v -52.83267212 18.18518257 14.52943039
v -47.97740936 28.88282394 21.31187057
v -46.40608978 39.61763763 21.13328934
v -49.43283844 39.61983871 14.32207775
v -54.67224503 18.20580482 7.33436012
v -52.87372208 28.90391541 7.28282213
v -51.71461105 40.51133347 1.63328910
v -51.61712646 40.97220993 2.33783627
v -51.78068161 40.20446777 0.84499395
v -45.32759094 18.24212074 28.33674240
v -36.64283752 46.23161316 32.62142563
v -42.21050644 39.66004562 27.50896645
v -51.04368591 28.88677216 14.39538479
v -50.83040237 45.19295120 4.82936382
v -50.96234894 44.40406799 4.59286451
v -50.70351028 45.99633789 5.00369167
v -50.46763229 47.64482880 5.17094564
v -50.58213806 46.81539154 5.11793184
v -50.26579285 49.29509354 5.08684492
v -50.36210632 48.47163391 5.16110086
v -50.03642654 51.70329666 4.43615294
v -48.00096893 50.37942505 14.30957413
v -51.49945831 41.54289627 2.95066547
v -39.49213791 49.63090134 29.14712906
v -51.37040329 42.18906403 3.47551537
v -42.12289047 52.76881027 25.26219749
v -45.01249313 50.37917328 21.04903793
v -46.41623688 57.88955307 16.20126915
v -44.45811462 55.55399704 20.94742393
v -47.90864944 59.66880798 11.05693531
v -44.08651352 55.90719604 -20.91778564
v -46.04233932 58.23805618 -16.16949081
v -47.52861404 60.00933075 -11.03479481
v -48.46302414 61.12291718 -5.59681892
v -48.78179550 61.50281525 -0.00000000
v -41.75291061 53.12611389 -25.23597145
v -39.12655640 49.99614716 -29.11923981
v -36.27651978 46.59960556 -32.59635162
v -33.26700211 43.01300430 -35.70148087
v -30.13270187 39.27768707 -38.49243164
v -39.10217667 49.96709442 29.15256500
v -41.73323059 53.10266113 25.26944351
v -36.24414062 46.56101990 32.63532257
v -33.22990417 42.96879196 35.74073792
v -30.08983612 39.22660446 38.53084946
v -44.06982803 55.88731003 20.95466805
v -46.02825928 58.22127533 16.21118927
v -47.52021790 59.99932480 11.07346153
v -48.46032715 61.11970139 5.62203360
v -15.74502373 21.15140533 48.51391220
v -7.49969769 12.30472469 52.72995758
v -18.96611977 25.96987534 46.27843475
v -23.13130569 30.14471245 43.81199265
v 24.67895889 -26.04430389 50.42712021
v 18.49377441 -18.67308998 54.01544189
v 5.43629026 -3.11178541 56.51981354
v -1.12648177 4.70942163 55.40811157
v 30.41544342 -32.88077927 45.33591080
v 35.51337814 -38.95626068 38.84558105
v 12.02641201 -10.96558666 56.05356979
v 46.90986633 -52.53807068 -4.02222395
v 46.50966263 -52.86507416 -3.99561739
v 45.64044189 -51.83026123 -11.85599613
v 46.91324997 -52.54209900 3.96592164
v 46.03649902 -51.49722672 -11.89401722
v 43.96170425 -49.83185577 -19.39343071
v 44.35486221 -49.49312973 -19.43163109
v 41.57285690 -46.99042130 -26.44918633
v 41.96368790 -46.64344406 -26.49002266
v 38.59231567 -43.44419479 -32.93021393
v 38.98036957 -43.08806229 -32.97338867
v 35.51337814 -38.95626068 -38.84558105
v 46.51176071 -52.86651611 3.97135448
v 45.64398575 -51.83481216 11.83327770
v 43.96638870 -49.83824158 19.37468338
v 46.04576111 -51.50826645 11.83746719
v 44.36801529 -49.50880814 19.38346291
v 41.57683563 -46.99301147 26.44293213
v 41.97889328 -46.66156387 26.45265007
v 38.59658432 -43.44935226 32.92197037
v 38.98795700 -43.09710693 32.95839310
v 12.00458622 -10.93957615 -56.05790710
v 5.40848494 -3.07864857 -56.51850510
v 18.47547150 -18.65127563 -54.02377701
v -1.15484047 4.74321842 -55.39964294
v -7.50910759 12.31593895 -52.72473526
v 24.66231346 -26.02446747 -50.43931580
v 30.40074921 -32.86326981 -45.35157776
v -13.91192722 18.88496780 -49.58528519
v -19.47219849 25.71590424 -46.21265793
v -25.00775528 32.39513397 -42.51585007
v -18.98997307 25.99830246 -46.25910568
v -21.27172661 18.43330765 -46.74713135
v -27.14974976 18.32632065 -43.81879425
v -26.36806488 27.80891991 -42.61173248
v -25.13199997 18.31774330 44.91471481
v -49.65058899 49.63639069 4.46509171
v -45.64266968 52.33029175 4.47333336
v -49.78311539 48.82476807 4.57190704
v -48.17883682 55.35277557 -0.11491142
v -48.14381409 55.31103516 0.70818377
v -49.04282379 54.65512466 0.00000000
v -50.57457733 44.76161957 -4.17627287
v -50.74710083 43.99168396 -3.91593146
v -43.96781540 50.33427811 -4.01827574
v -45.09756088 51.68065262 4.49931955
v -49.92550278 48.00748444 4.61441040
v -44.55903244 51.03886032 4.36599445
v -50.07735443 47.18623734 4.59529066
v -50.40224457 45.56378937 4.37762690
v -50.23728561 46.36727142 4.51576710
v -43.57701874 49.86854553 3.64592814
v -50.91900253 43.25309753 3.59296179
v -50.74515915 44.00048065 3.91928530
v -50.57200623 44.77356720 4.17969465
v -44.04613876 50.42761993 4.07812309
v -51.25199890 41.88920593 2.72320557
v -42.83430862 48.98341751 2.41440105
v -51.40002060 41.30765533 2.16502690
v -51.08955765 42.54433823 3.19650674
v -43.16825867 49.38140488 3.08472967
v -51.60670090 40.51757812 0.78817368
v -42.38383484 48.44656372 0.00000003
v -51.63742065 40.40230560 0.00000000
v -42.43498611 48.50751877 0.84426361
v -51.52287674 40.83514786 1.51891351
v -42.58697128 48.68865204 1.65866649
v -50.40359497 45.55692291 -4.37617636
v -44.46066666 50.92163467 -4.32357597
v -50.23762512 46.36509323 -4.51548576
v -43.51895905 49.79935074 -3.57829094
v -50.91987610 43.24921799 -3.59122586
v -51.09060669 42.53990173 -3.19359398
v -43.12915039 49.33479691 -3.01833487
v -51.40094757 41.30419540 -2.16274571
v -42.57657623 48.67626190 -1.61685741
v -42.81146622 48.95619583 -2.35714507
v -46.17728806 52.96742249 4.28773451
v -49.52812576 50.44134521 4.28892040
v -49.41801834 51.22261810 4.03987885
v -46.66292191 53.54618073 3.96354580
v -47.10388184 54.07169724 3.50578618
v -49.32090378 51.97113800 3.71301746
v -49.23713684 52.67536926 3.30035901
v -47.48421097 54.52495575 2.93025041
v -49.16774368 53.31428146 2.79855800
v -49.11334610 53.86096573 2.20740366
v -47.79071426 54.89022827 2.25648642
v -48.01298141 55.15511703 1.50756133
v -49.07417297 54.28796768 1.52868092
v -49.05066299 54.56111145 0.78341997
v -47.71343994 54.79813766 -2.45253682
v -47.95999527 55.09197235 -1.72217584
v -49.11347961 53.85843658 -2.20964956
v -49.05073929 54.55934143 -0.78814542
v -48.11687469 55.27893448 -0.93417311
v -51.25317001 41.88465118 -2.72056341
v -51.52397156 40.83110046 -1.51317728
v -51.60760880 40.51436234 -0.78226221
v -42.43237305 48.50440598 -0.82226717
v -44.98099899 51.54174042 -4.48399162
v -49.92654037 48.00104523 -4.61440992
v -50.07864761 47.17885208 -4.59483862
v -45.51137161 52.17381668 -4.49417830
v -49.78315353 48.82386398 -4.57180786
v -46.03402710 52.79669189 -4.35382032
v -49.65054321 49.63592529 -4.46511602
v -46.53145981 53.38951111 -4.06764221
v -49.52885437 50.43550491 -4.29024839
v -49.23733139 52.67295837 -3.30173993
v -49.32100677 51.96984100 -3.71336389
v -46.98701859 53.93242645 -3.64524817
v -49.41844559 51.21886826 -4.04122066
v -47.38545609 54.40726471 -3.10079885
v -49.16794205 53.31114197 -2.80068016
v -49.07434845 54.28527069 -1.53346205
v -46.62894440 54.26997375 2.97982860
v -42.82143021 49.73235703 -2.35715055
v -46.19337845 53.75088501 3.47194552
v -42.55132294 49.41045380 1.62924635
v -42.82063675 49.73141098 2.35549068
v -43.61679459 50.68023300 3.47124457
v -43.18139267 50.16134262 2.97906995
v -44.10853195 51.26626205 3.81200409
v -42.38509369 49.21234894 0.83388722
v -44.63526535 51.89400101 3.98641348
v -42.32880783 49.14527130 0.00000005
v -45.70168304 53.16490936 3.81245399
v -42.55183029 49.41105652 -1.63112760
v -42.38505173 49.21229935 -0.83309960
v -45.17412949 52.53619385 3.98667169
v -43.61757660 50.68116379 -3.47190809
v -43.18194199 50.16199875 -2.97971797
v -46.98941040 54.69955826 2.35738635
v -47.42579651 55.21962738 0.83368951
v -44.10934067 51.26722717 -3.81243634
v -47.25899124 55.02083588 1.63153327
v -47.42598724 55.21985245 -0.83194840
v -47.25974274 55.02172852 -1.62885344
v -45.70259857 53.16599655 -3.81185484
v -47.48212433 55.28675461 0.00097132
v -45.17583466 52.53822327 -3.98633480
v -44.63692856 51.89598083 -3.98663688
v -46.62974930 54.27093124 -2.97872305
v -46.19435120 53.75204468 -3.47100401
v -46.99048233 54.70083618 -2.35502815
v -18.90941620 -8.62726307 -49.47433853
v -4.88699865 3.75957322 -49.65714645
v -18.42285347 -8.01473045 -49.73421097
v -17.47426796 -6.75523281 -50.21503830
v -17.94448853 -7.39045572 -49.98117447
v -5.20468235 4.13817406 -50.31833649
v -17.01193810 -6.10954475 -50.43581772
v -16.55753708 -5.45392227 -50.64335632
v -16.11116028 -4.78876066 -50.83752823
v -5.59449100 4.60272980 -50.87829208
v -15.67306709 -4.11433887 -51.01815414
v -6.04334641 5.13765526 -51.31827545
v -14.82381153 -2.73824334 -51.33772659
v -15.24370003 -3.43081355 -51.18499374
v -14.01717091 -1.32461536 -51.59894943
v -14.41437149 -2.03623891 -51.47592926
v -13.63455486 -0.60226011 -51.70588684
v -6.53619862 5.72501326 -51.62357712
v -12.93208599 0.87991083 -51.86482620
v -13.27056122 0.13164930 -51.79532242
v -7.05652857 6.34511852 -51.78399277
v -12.63071728 1.64558077 -51.91044235
v -12.39227104 2.43410039 -51.92366028
v -7.58690310 6.97719431 -51.79417801
v -12.28320503 3.24794650 -51.88381195
v -8.10955811 7.60007000 -51.65382004
v -8.60699177 8.19288826 -51.36764145
v -12.51452351 4.00680685 -51.73518753
v -10.03552532 9.89534855 -49.02217484
v -20.46089554 1.41414225 -49.14188385
v -19.78450966 1.81611514 -49.38736343
v -9.06255054 8.73580265 -50.94524765
v -13.99387455 4.29896975 -51.23819733
v -10.21934414 10.11441517 -46.59181595
v -27.22494698 -3.77357745 -46.10950089
v -26.67114639 -3.24151683 -46.40880966
v -24.31944084 -1.24072599 -47.56208420
v -10.25436783 10.15615463 -47.41491318
v -24.92601013 -1.72277856 -47.28088379
v -9.55974293 9.32833385 -44.36975098
v -30.91671562 -8.61766911 -43.64654922
v -30.55256844 -7.94359636 -43.95032120
v -29.72266006 -6.66157722 -44.56951141
v -29.26565742 -6.05024958 -44.88088608
v -9.86624432 9.69360638 -45.04351425
v -23.42562294 -13.19876194 -46.76170731
v -4.45936775 3.24994254 -47.29999924
v -22.57756996 -12.50023174 -47.29999924
v -31.51002693 -10.04105854 -43.06735992
v -31.23874664 -9.31611729 -43.35073853
v -9.17941284 8.87507343 -43.79421234
v -7.71820021 7.13366795 -42.82666779
v -31.86892128 -12.37372971 -42.38044739
v -8.25281715 7.77080011 -43.01226425
v -24.30403900 -13.83709717 -46.19846725
v -4.51051521 3.31089807 -46.45573807
v -4.90984154 3.78679633 -44.88559723
v -4.66250277 3.49202967 -45.64133453
v -26.18553543 -14.88973522 -44.99293137
v -7.17308998 6.48403120 -42.80068207
v -31.75330925 -13.17953968 -42.26228714
v -5.24379110 4.18478203 -44.21527100
v -27.52991676 -15.34101963 -44.15559387
v -30.98453712 -14.60460281 -42.36555099
v -6.63456202 5.84223795 -42.93400574
v -30.36131477 -15.08004570 -42.60994720
v -28.94469261 -15.47306442 -43.32796097
v -5.65254974 4.67192173 -43.65407181
v -29.66387749 -15.35964489 -42.94375229
v -6.12166882 5.23099566 -43.22187805
v -28.22984314 -15.45688725 -43.73685074
v -26.84806252 -15.14685440 -44.57604980
v -31.46269989 -13.94786835 -42.24789429
v -24.91449928 -14.22758865 -45.80580521
v -25.54129410 -14.58055782 -45.40353012
v -31.84612846 -11.57248402 -42.56906891
v -8.73845387 8.34955883 -43.33645248
v -31.71830177 -10.79316330 -42.80334091
v -30.15288544 -7.29213238 -44.25876236
v -28.78514671 -5.45700598 -45.19144440
v -10.08851147 9.95849419 -45.79243851
v -28.28355026 -4.88046885 -45.50024796
v -27.76291084 -4.31962109 -45.80646896
v -26.10270691 -2.72272944 -46.70401001
v -25.52071953 -2.21666813 -46.99478149
v -23.70166397 -0.77012062 -47.83828354
v -10.19240570 10.08231163 -48.23417282
v -23.07322884 -0.31077278 -48.10933685
v -22.43458176 0.13738053 -48.37522125
v -21.78612328 0.57433414 -48.63592148
v -21.12816811 1.00001788 -48.89142990
v -19.09887695 2.20516944 -49.62810898
v -18.40388107 2.58002543 -49.86444092
v -9.78897095 9.60151577 -49.75253677
v -17.69920921 2.93899775 -50.09676361
v -16.98416519 3.27903771 -50.32579803
v -16.25788116 3.59605503 -50.55243301
v -9.46098804 9.21064186 -50.40079880
v -15.51876450 3.88278651 -50.77818298
v -14.76492310 4.12618494 -51.00537109
v -13.20936680 4.33116055 -51.48387909
v -19.40457153 -9.22731495 -49.20154190
v -4.65210629 3.47963953 -48.91685867
v -19.90838623 -9.81365585 -48.91605759
v -20.42152596 -10.38552761 -48.61783218
v -20.94442558 -10.94164658 -48.30698013
v -4.50790262 3.30778432 -48.12226868
v -21.47765923 -11.48061085 -47.98360443
v -22.02180481 -12.00076580 -47.64788818
v -8.70447636 9.07335281 -44.32017136
v -4.89696264 4.53573418 -49.65715027
v -8.26890850 8.55426311 -43.82805634
v -4.62685537 4.21383286 -45.67075348
v -4.89616966 4.53478909 -44.94450760
v -5.69232464 5.48360968 -43.82875443
v -5.25692368 4.96471930 -44.32093048
v -6.18406105 6.06963873 -43.48799515
v -4.46062517 4.01572752 -46.46611404
v -6.71079683 6.69737768 -43.31358719
v -4.40433884 3.94864821 -47.29999924
v -7.77721548 7.96828604 -43.48754501
v -4.62736082 4.21443558 -48.93112946
v -4.46058178 4.01567602 -48.13309860
v -7.24966049 7.33957052 -43.31332779
v -5.69310808 5.48454332 -50.77190781
v -5.25747395 4.96537495 -50.27971649
v -9.06494045 9.50293636 -44.94261169
v -9.50132942 10.02300453 -46.46630859
v -6.18487215 6.07060528 -51.11243820
v -9.33452320 9.82421398 -45.66846848
v -9.50151730 10.02322960 -48.13194656
v -9.33527279 9.82510567 -48.92885208
v -7.77812910 7.96937466 -51.11185455
v -9.55765438 10.09013081 -47.29903030
v -7.25136423 7.34160089 -51.28633499
v -6.71246052 6.69936037 -51.28663635
v -8.70527935 9.07430935 -50.27872467
v -8.26988125 8.55542183 -50.77100372
v -9.06601238 9.50421429 -49.65502930
v 25.39941025 -42.92055130 -36.47426605
v 24.79163551 -43.35844040 -36.12690353
v 30.52140999 -38.43852234 -36.35573578
v 30.36942101 -38.25739288 -35.54133224
v 24.16586685 -43.77889252 -35.78936005
v 17.92082405 -46.74022675 -33.25981903
v 29.37937546 -37.07749939 -33.55407333
v 18.66749382 -46.48769379 -33.48779678
v 25.98841667 -42.46505737 -36.83167267
v 30.57255745 -38.49948120 -37.20000076
v 26.55595589 -41.99128342 -37.20000839
v 17.16187286 -46.97065353 -33.04983139
v 30.12208366 -37.96262741 -34.78559875
v 22.20772362 -44.92910385 -34.84176636
v 21.52622414 -45.27780914 -34.54643250
v 27.31372452 -34.61575317 -32.72666550
v 12.37945938 -47.76750565 -32.34492874
v 11.55976009 -47.76548767 -32.37218094
v 28.39736366 -35.90718460 -32.83400726
v 14.81450462 -47.51200104 -32.55353165
v 14.01062679 -47.63418961 -32.44462967
v 8.24541569 -46.55603790 -33.95908737
v 25.47218132 -32.42108917 -34.26974869
v 25.85251236 -32.87434769 -33.69421387
v 9.96060467 -47.56909561 -32.65487289
v 26.29347038 -33.39986420 -33.23645401
v 26.77910805 -33.97862244 -32.91226578
v 24.77755737 -31.59326744 -37.31491089
v 24.81258011 -31.63500786 -36.49181747
v 9.30807781 -44.13075256 -36.89338684
v 8.47672939 -45.04756927 -35.82086945
v 24.94341278 -31.79092789 -35.69244003
v 8.21458721 -45.54183960 -35.22215271
v 12.90659904 -41.82447052 -39.29240417
v 25.24295425 -32.14790726 -39.65253830
v 24.99639893 -31.85407448 -38.92217636
v 10.97478199 -42.91026306 -38.22441864
v 11.59660339 -42.53562927 -38.60651779
v 24.83951950 -31.66711044 -38.13417435
v 16.44043732 -40.22520828 -40.61517715
v 25.57093620 -32.53878021 -40.30080032
v 15.71105766 -40.52717590 -40.39148712
v 14.28335094 -41.15704727 -39.88433075
v 14.99162769 -40.83766174 -40.14808655
v 26.42493248 -33.55653381 -41.26764297
v 25.96937370 -33.01361847 -40.84524918
v 18.67938614 -39.36927032 -41.17193222
v 17.17882538 -39.93157578 -40.81964111
v 17.92542458 -39.64621735 -41.00518036
v 20.98227310 -38.59209442 -41.55854416
v 26.92236710 -34.14935303 -41.55382156
v 20.20827484 -38.84158325 -41.44896698
v 19.44049835 -39.10089493 -41.31994247
v 23.33932686 -37.91545486 -41.76097870
v 27.44502068 -34.77222824 -41.69417953
v 21.76218987 -38.35347748 -41.64791870
v 22.54792213 -38.12723923 -41.71595001
v 24.93849373 -37.54947662 -41.77047348
v 24.13628006 -37.72135162 -41.78039169
v 27.97539711 -35.40430450 -41.68399048
v 25.74519539 -37.40711212 -41.72532272
v 26.55438042 -37.30650711 -41.63505173
v 27.35933495 -37.26980209 -41.48240662
v 28.49572563 -36.02441025 -41.52357483
v 28.79793549 -37.60735321 -40.83945847
v 29.43743324 -37.14669037 -40.77828979
v 28.98857880 -36.61176682 -41.21827698
v 28.13674355 -37.34135437 -41.23491669
v 28.86171722 -39.32849121 -39.26575089
v 30.14492607 -37.98984909 -39.55714417
v 29.10350990 -38.72385025 -39.76296616
v 29.82724190 -37.61124802 -40.21833420
v 29.13350868 -38.11495972 -40.30532074
v 27.09530067 -41.50178146 -37.57793427
v 30.52402115 -38.44163895 -38.02226639
v 27.60553360 -40.99255753 -37.96958542
v 30.37981796 -38.26978302 -38.81685638
v 28.07954788 -40.46195602 -38.37800598
v 28.50540924 -39.90791702 -38.80777359
v 13.58768272 -41.48579407 -39.59941101
v 12.24167442 -42.17417908 -38.96186066
v 10.38099003 -43.29969025 -37.81335831
v 9.82223034 -43.70576477 -37.37071228
v 8.85227871 -44.57736969 -36.37768936
v 25.16567993 -32.05581665 -34.94351196
v 8.11653519 -46.05318451 -34.59045792
v 8.63356209 -47.00004196 -33.39422226
v 9.23436928 -47.34011078 -32.95595932
v 10.74759579 -47.70440674 -32.46877670
v 27.85883522 -35.26539230 -32.70067978
v 13.19806576 -47.72119522 -32.37254715
v 28.91025543 -36.51842499 -33.12187576
v 15.60826111 -47.35871506 -32.69351578
v 16.39093018 -47.17746735 -32.86011505
v 19.40163612 -46.21424484 -33.73191833
v 20.12285233 -45.92097092 -33.99052048
v 29.78813362 -37.56464005 -34.11526871
v 20.83119202 -45.60858917 -34.26240540
v 22.87512207 -44.56292725 -35.14765167
v 23.52815437 -44.17942429 -35.46366882
v 26.32744789 -32.67607117 -34.22017288
v 30.13496208 -37.21368790 -39.55715179
v 26.76301575 -33.19515991 -33.72805405
v 30.40506935 -37.53559113 -35.57075500
v 30.13575554 -37.21463394 -34.84450912
v 29.33959961 -36.26581192 -33.72875595
v 29.77500153 -36.78470230 -34.22093201
v 28.84786415 -35.67978287 -33.38799667
v 30.57130051 -37.73369598 -36.36611176
v 28.32112885 -35.05204391 -33.21358490
v 30.62758636 -37.80077362 -37.20000076
v 27.25470924 -33.78113556 -33.38754654
v 30.40456390 -37.53498840 -38.83112717
v 30.57134247 -37.73374557 -38.03310013
v 27.78226471 -34.40985107 -33.21332932
v 29.33881760 -36.26487732 -40.67190933
v 29.77445030 -36.78404617 -40.17971802
v 25.96698380 -32.24648666 -34.84261322
v 25.53059578 -31.72641754 -36.36631012
v 28.84705162 -35.67881775 -41.01243591
v 25.69740105 -31.92520905 -35.56846619
v 25.53040695 -31.72619247 -38.03194809
v 25.69665146 -31.92431641 -38.82885361
v 27.25379562 -33.78004837 -41.01185608
v 25.47426987 -31.65929222 -37.19902802
v 27.78056145 -34.40782166 -41.18633652
v 28.31946373 -35.05006027 -41.18663788
v 26.32664490 -32.67511368 -40.17872238
v 26.76204300 -33.19400024 -40.67100525
v 25.96591187 -32.24520874 -39.55502701
v 30.52140999 -38.43852234 38.04426193
v 28.23916626 -40.26692200 38.52843475
v 30.36942101 -38.25739288 38.85866547
v 29.02428246 -38.97037888 39.55692291
v 30.12208366 -37.96262741 39.61440277
v 28.68723106 -39.63506699 39.02159119
v 26.03673363 -37.36530304 41.69857025
v 27.85883522 -35.26539230 41.69931793
v 28.39736366 -35.90718460 41.56599426
v 27.15795898 -41.44236374 37.62359619
v 27.72281075 -40.86834335 38.06488800
v 30.57255745 -38.49948120 37.20000076
v 26.55597305 -41.99129486 37.19999695
v 13.75745487 -41.40408707 39.67144012
v 25.16567993 -32.05581665 39.45648575
v 14.46141434 -41.07538223 39.95302582
v 29.37937546 -37.07749939 40.84592819
v 28.97712135 -37.77970505 40.64265823
v 28.41102982 -37.41462326 41.10406876
v 29.15802956 -38.35226440 40.08615112
v 29.78813362 -37.56464005 40.28472900
v 12.39400864 -42.09217453 39.04057312
v 11.73944473 -42.45343018 38.68850327
v 24.94341278 -31.79092789 38.70756149
v 13.06759834 -41.74273682 39.36771393
v 24.83951950 -31.66711044 36.26582718
v 8.93282890 -44.49133301 36.47809601
v 8.53729343 -44.96069336 35.92475128
v 24.81258011 -31.63500786 37.90818405
v 10.50299644 -43.21658325 37.90222549
v 9.93224907 -43.62195206 37.46318817
v 8.11866760 -45.96752548 34.69702530
v 25.24295425 -32.14790726 34.74746323
v 24.99639893 -31.85407448 35.47782516
v 26.42493248 -33.55653381 33.13235855
v 9.85595417 -47.54339981 32.68915558
v 26.92236710 -34.14935303 32.84617996
v 25.57093620 -32.53878021 34.09920120
v 8.55903530 -46.93844604 33.47299576
v 25.96937370 -33.01361847 33.55475235
v 27.97539711 -35.40430450 32.71600723
v 13.10857868 -47.72834015 32.36724091
v 13.92773914 -47.64474106 32.43551254
v 12.28372860 -47.76990509 32.34508133
v 27.44502068 -34.77222824 32.70582199
v 11.45855141 -47.76132965 32.38011169
v 28.98857880 -36.61176682 33.18172455
v 16.32808685 -47.19327927 32.84543610
v 17.10545540 -46.98680878 33.03500748
v 15.53882980 -47.37352371 32.67981339
v 28.49572563 -36.02441025 32.87642288
v 14.73832989 -47.52503204 32.54174805
v 18.62331772 -46.50334167 33.47374725
v 19.36350250 -46.22904968 33.71878052
v 29.43743324 -37.14669037 33.62170792
v 17.87065697 -46.75628281 33.24525070
v 20.09053040 -45.93463898 33.97854233
v 29.82724190 -37.61124802 34.18166351
v 20.80449104 -45.62080765 34.25184250
v 21.50497437 -45.28828812 34.53749847
v 22.19171715 -44.93757248 34.83463287
v 30.14492607 -37.98984909 34.84285355
v 22.86419487 -44.56914139 35.14249802
v 30.37981796 -38.26978302 35.58314133
v 24.16455841 -43.77968979 35.78870773
v 23.52214432 -44.18306732 35.46068954
v 24.79057121 -43.35910797 36.12636948
v 30.52402115 -38.44163895 36.37773132
v 25.98821640 -42.46531677 36.83145523
v 25.39902496 -42.92105484 36.47385406
v 10.64254189 -47.69121933 32.48764801
v 9.13766575 -47.29771805 33.01097488
v 8.20751953 -46.47857285 34.05691528
v 8.24973774 -45.45423889 35.32917786
v 24.77755737 -31.59326744 37.08508682
v 9.40449429 -44.04597092 36.98969650
v 11.10752678 -42.82771301 38.30978394
v 25.47218132 -32.42108917 40.13024902
v 15.90508556 -40.44562149 40.45319748
v 15.17787552 -40.75600815 40.21337128
v 25.85251236 -32.87434769 40.70578766
v 16.64225388 -40.14377975 40.67320633
v 17.38828087 -39.85037231 40.87380219
v 28.91025543 -36.51842499 41.27812195
v 27.65574646 -37.28088379 41.40295029
v 26.29347038 -33.39986420 41.16354752
v 18.14242172 -39.56534576 41.05527878
v 19.67265320 -39.02127838 41.36107635
v 18.90405464 -39.28887939 41.21773148
v 26.77910805 -33.97862244 41.48773575
v 20.44766045 -38.76313782 41.48503113
v 22.01656342 -38.27848434 41.67250824
v 21.22939491 -38.51506042 41.58916855
v 22.80982971 -38.05512619 41.73364258
v 27.31372452 -34.61575317 41.67333221
v 23.60883331 -37.84754181 41.77054596
v 24.41331291 -37.65903473 41.78054047
v 25.22296524 -37.49535751 41.75893784
v 26.85123253 -37.28394318 41.58747864
v 26.32744789 -32.67607117 40.17982864
v 30.13496208 -37.21368790 34.84284973
v 26.76301575 -33.19515991 40.67194366
v 30.40506935 -37.53559113 38.82924652
v 30.13575554 -37.21463394 39.55549240
v 29.33959961 -36.26581192 40.67124557
v 29.77500153 -36.78470230 40.17906952
v 28.84786415 -35.67978287 41.01200485
v 30.57130051 -37.73369598 38.03388596
v 28.32112885 -35.05204391 41.18641281
v 30.62758636 -37.80077362 37.20000076
v 27.25470924 -33.78113556 41.01245499
v 30.40456390 -37.53498840 35.56887054
v 30.57134247 -37.73374557 36.36690140
v 27.78226471 -34.40985107 41.18667221
v 29.33881760 -36.26487732 33.72809219
v 29.77445030 -36.78404617 34.22028351
v 25.96698380 -32.24648666 39.55738831
v 25.53059578 -31.72641754 38.03369141
v 28.84705162 -35.67881775 33.38756180
v 25.69740105 -31.92520905 38.83153152
v 25.53040695 -31.72619247 36.36805344
v 25.69665146 -31.92431641 35.57114792
v 27.25379562 -33.78004837 33.38814545
v 25.47426987 -31.65929222 37.20096970
v 27.78056145 -34.40782166 33.21366501
v 28.31946373 -35.05006027 33.21336365
v 26.32664490 -32.67511368 34.22127533
v 26.76204300 -33.19400024 33.72899628
v 25.96591187 -32.24520874 34.84497070
v -9.78897095 9.60151577 44.84746170
v -29.66756248 -6.58499146 44.60799408
v -30.10289574 -7.21553612 44.29589462
v -29.20575333 -5.97372770 44.92050934
v -9.46098804 9.21064186 44.19919968
v -30.50798798 -7.86699295 43.98585510
v -10.03552532 9.89534855 45.57782364
v -30.87793159 -8.54105091 43.68021011
v -28.72048569 -5.38039064 45.23209763
v -9.06255054 8.73580265 43.65475082
v -28.21428299 -4.80379820 45.54179382
v -31.20626640 -9.23946285 43.38216019
v -27.68914223 -4.24287891 45.84879684
v -31.48446083 -9.96409321 43.09615707
v -10.19240570 10.08231163 46.36582565
v -27.14678955 -3.69674754 46.15248871
v -26.58865547 -3.16460562 46.45237350
v -26.01598358 -2.64578986 46.74805069
v -8.60699177 8.19288826 43.23235703
v -10.25436783 10.15615463 47.18508911
v -31.70066452 -10.71649647 42.82872391
v -25.42969322 -2.13961506 47.03926849
v -31.83796120 -11.49621487 42.58996201
v -24.83079910 -1.64570451 47.32571030
v -8.10955811 7.60007000 42.94617844
v -24.22002411 -1.16362381 47.60722351
v -31.87225533 -12.29904556 42.39530945
v -10.21934414 10.11441517 48.00818253
v -31.77014160 -13.10875416 42.26895905
v -23.59807205 -0.69310898 47.88363266
v -7.58690310 6.97719431 42.80582047
v -22.96542740 -0.23390219 48.15488434
v -31.49454689 -13.88579369 42.24418259
v -10.08851147 9.95849419 48.80755997
v -21.66997147 0.65075737 48.68167496
v -22.32261467 0.21405201 48.42089081
v -20.33628845 1.48954761 49.18773651
v -21.00780106 1.07603860 48.93725586
v -19.65552521 1.89071703 49.43325424
v -9.86624432 9.69360638 49.55648804
v -18.26594162 2.65199518 49.91048050
v -18.96546936 2.27864170 49.67406464
v -16.83661652 3.34589005 50.37230682
v -17.55654716 3.00876331 50.14299011
v -9.55974293 9.32833385 50.23025131
v -16.10493851 3.65866947 50.59946442
v -9.17941284 8.87507343 50.80578613
v -14.59981918 4.17125225 51.05473328
v -8.73845387 8.34955883 51.26354599
v -15.36011028 3.93870544 50.82613373
v -13.03696918 4.30135441 51.54113007
v -8.25281715 7.77080011 51.58773422
v -13.82187462 4.32190704 51.29086685
v -12.44032764 2.24627733 51.92423248
v -12.28876495 3.05830359 51.90005493
v -7.17308998 6.48403120 51.79932022
v -7.71820021 7.13366795 51.77333450
v -12.41329575 3.85796022 51.78216171
v -13.74787235 -0.80856764 51.67490005
v -6.63456202 5.84223795 51.66599274
v -6.12166882 5.23099566 51.37812424
v -12.69830894 1.46086228 51.90205002
v -14.14967442 -1.55610836 51.55879593
v -14.56398582 -2.29343939 51.42660141
v -5.65254974 4.67192173 50.94592667
v -14.99111843 -3.02104235 51.27819061
v -15.88093662 -4.44445038 50.93376541
v -15.43062687 -3.73811150 51.11369705
v -16.34117508 -5.14002800 50.73875427
v -5.24379110 4.18478203 50.38473129
v -4.90984154 3.78679633 49.71440125
v -17.28963470 -6.49933481 50.30442429
v -16.81217957 -5.82498217 50.52832413
v -20.88226509 -10.87493134 48.34476089
v -20.34044838 -10.29341316 48.66624832
v -4.51051521 3.31089807 48.14426422
v -4.66250277 3.49202967 48.95866776
v -18.77339935 -8.45828724 49.54777145
v -22.00093651 -11.97778511 47.66172028
v -21.43565750 -11.43651485 48.00992584
v -4.45936775 3.24994254 47.29999924
v -19.80826378 -9.69709110 48.97389603
v -19.28620338 -9.08488178 49.26773071
v -22.57765388 -12.50011921 47.29999161
v -18.26926231 -7.81848574 49.81399918
v -17.77508926 -7.16394854 50.06639099
v -13.35867405 -0.05050877 51.77487183
v -13.01141167 0.69682109 51.84995270
v -31.02963829 -14.55733204 42.35080338
v -7.05652857 6.34511852 42.81600952
v -30.41289711 -15.05057812 42.58732605
v -6.53619862 5.72501326 42.97642517
v -6.04334641 5.13765526 43.28172302
v -29.71636009 -15.34530640 42.91706467
v -28.99489784 -15.46978569 43.30017853
v -5.59449100 4.60272980 43.72171021
v -5.20468235 4.13817406 44.28166580
v -28.27680016 -15.46127701 43.70935440
v -27.57276344 -15.35063839 44.12955093
v -4.88699865 3.75957322 44.94285583
v -26.22108459 -14.90511322 44.97040558
v -26.88737297 -15.16003799 44.55154800
v -4.65210629 3.47963953 45.68314362
v -25.57341003 -14.59728146 45.38300705
v -24.94343567 -14.24508476 45.78748703
v -4.50790262 3.30778432 46.47773361
v -24.32992935 -13.85466576 46.18212509
v -23.73174477 -13.43106842 46.56598663
v -23.14796448 -12.97852802 46.93878555
v -8.70447636 9.07335281 50.27982712
v -4.89696264 4.53573418 44.94284821
v -8.26890850 8.55426311 50.77194595
v -4.62685537 4.21383286 48.92924500
v -4.89616966 4.53478909 49.65549088
v -5.69232464 5.48360968 50.77124405
v -5.25692368 4.96471930 50.27906799
v -6.18406105 6.06963873 51.11200333
v -4.46062517 4.01572752 48.13388824
v -6.71079683 6.69737768 51.28641510
v -4.40433884 3.94864821 47.29999924
v -7.77721548 7.96828604 51.11245346
v -4.62736082 4.21443558 45.66887283
v -4.46058178 4.01567602 46.46689987
v -7.24966049 7.33957052 51.28667068
v -5.69310808 5.48454332 43.82809067
v -5.25747395 4.96537495 44.32028198
v -9.06494045 9.50293636 49.65738678
v -9.50132942 10.02300453 48.13368988
v -6.18487215 6.07060528 43.48756409
v -9.33452320 9.82421398 48.93153381
v -9.50151730 10.02322960 46.46805191
v -9.33527279 9.82510567 45.67114639
v -7.77812910 7.96937466 43.48814392
v -9.55765438 10.09013081 47.30097198
v -7.25136423 7.34160089 43.31366348
v -6.71246052 6.69936037 43.31336212
v -8.70527935 9.07430935 44.32127762
v -8.26988125 8.55542183 43.82899475
v -9.06601238 9.50421429 44.94497299
v 44.79172516 9.75114155 -51.59311676
v 53.40678024 9.43399429 -49.91509628
v 44.79172516 0.89160091 -52.49894714
v 70.76835632 -4.89681578 47.89364243
v 70.76835632 -12.92044449 46.37717056
v 79.50000000 -6.95812893 46.68203354
v 79.50000000 38.18387604 27.74221039
v 69.42615509 40.91455078 25.66063690
v 70.76835632 38.21539688 29.28076744
v 79.50000000 27.74221039 38.18387604
v 70.76835632 32.71722794 35.31802368
v 70.76835632 26.27784538 40.33924484
v 36.23035431 23.98285294 -48.90123367
v 40.05196762 30.93118668 -43.72939682
v 44.79172516 26.38185120 -45.39749527
v 36.23035431 30.64321327 -45.02783585
v 53.40678024 17.73398590 -47.60276031
v 44.79172516 18.33016014 -49.20304489
v 36.23035431 16.85854912 -51.78993988
v 62.06813049 33.53316498 36.19882202
v 61.74450302 36.05425644 33.74817657
v 70.76835632 11.33818054 46.78915787
v 70.76835632 3.26768517 48.03230286
v 79.50000000 7.38337278 46.61678314
v 79.50000000 18.67830658 -43.34349442
v 70.76835632 16.80695724 -45.11436462
v 70.76835632 24.18956947 -41.62504578
v 53.40678024 0.86260235 -50.79146576
v 62.06813049 24.79283524 -42.66313934
v 70.76835632 30.87629128 -36.93825150
v 70.76835632 8.94083977 -47.30582428
v 79.50000000 12.08795452 -45.62299347
v 79.50000000 39.66495895 -25.57973480
v 69.22869110 40.77466965 -25.98245430
v 70.79866791 42.45596695 -22.68478203
v 61.54565811 35.95729828 -33.92971039
v 64.51623535 37.41440964 -31.61688232
v 62.06813049 31.64631844 -37.85945892
v 70.76835632 36.67475891 -31.18881035
v 67.12730408 39.04729462 -28.98006058
v 53.40678024 25.52380562 -43.92097855
v 79.50000000 43.00215912 -19.45302963
v 71.83083344 44.04911041 -19.10661507
v 71.91655731 44.22326279 -18.67541313
v 79.50000000 45.39921951 -12.90267277
v 72.47695923 45.79303360 -14.18984795
v 72.59907532 46.96738815 -9.55629444
v 79.50000000 46.80440521 -6.07279682
v 72.58519745 47.67763519 -4.81941223
v 79.50000000 47.18821335 0.88655853
v 72.50823975 47.93427658 -0.00000000
v 72.55299377 47.77638245 3.81902647
v 72.62446594 47.31800842 7.57416296
v 72.62464905 46.58191299 11.24690628
v 79.50000000 46.54743576 7.80796862
v 79.50000000 44.88783646 14.58494282
v 72.44474792 45.59529114 14.81480789
v 70.76835632 0.81751055 -48.13638306
v 79.50000000 5.23157024 -46.90674973
v 58.28539658 34.67866516 -35.96349716
v 53.40678024 -7.73360491 -50.20665741
v 44.79172516 -7.99358940 -51.89448166
v 53.40678024 -16.10733032 -48.17749405
v 44.79172516 -16.64881897 -49.79710388
v 70.76835632 -7.32933712 -47.58214569
v 79.50000000 -1.74045229 -47.16572571
v 79.50000000 -8.66820049 -46.39450836
v 70.76835632 -15.26533318 -45.65905762
v 53.40678024 -24.01767731 -44.76235199
v 44.79172516 -24.82509232 -46.26715088
v 53.40678024 -31.23707962 -40.05947876
v 44.79172516 -32.28719330 -41.40618134
v 79.50000000 -27.72924423 -38.19206619
v 70.76835632 -29.60418701 -37.96540451
v 70.76835632 -22.76217270 -42.42243958
v 79.50000000 -15.40025139 -44.61338806
v 44.79172516 -38.82044983 -35.35402679
v 53.40678024 -37.55784607 -34.20417023
v 44.79172516 -44.23691177 -28.28480530
v 79.50000000 -33.05472183 -33.68930435
v 70.76835632 -35.59454346 -32.41617584
v 53.40678024 -42.79814529 -27.36486626
v 70.76835632 -40.56090546 -25.93439102
v 79.50000000 -37.65967941 -28.44937134
v 62.06813049 -41.57246017 -26.58117104
v 53.40678024 -46.80721664 -19.73832703
v 70.76835632 -44.36040878 -18.70652199
v 79.50000000 -41.44239807 -22.58682060
v 62.06813049 -45.46671677 -19.17304611
v 62.06813049 -48.05297852 -11.21334648
v 53.40678024 -49.46973038 -11.54395008
v 79.50000000 -44.31540298 -16.23926163
v 70.76835632 -46.88374329 -10.94050026
v 45.33634949 -50.58548355 -13.64346504
v 79.50000000 -21.80084801 -41.85976410
v 53.40678024 -50.70909119 -3.01747608
v 79.50000000 -46.22217941 -9.54081154
v 70.76835632 -48.05831528 -2.85974002
v 62.06813049 -49.25684738 -2.93105936
v 53.40678024 -50.48964310 5.59580564
v 70.76835632 -46.26579666 13.31375313
v 70.76835632 -47.85033798 5.30328941
v 79.50000000 -45.84472275 11.21841812
v 79.50000000 -47.12323761 -2.63078141
v 62.06813049 -44.43138504 21.46345901
v 53.40678024 -41.34912491 29.50876045
v 53.40678024 -45.74135971 22.09626770
v 62.06813049 -47.41962051 13.64578629
v 53.40678024 -48.81769943 14.04810619
v 62.06813049 -34.74301910 35.03927231
v 53.40678024 -29.15661430 41.59818268
v 53.40678024 -35.76734924 36.07234192
v 70.76835632 -43.35026932 20.94120407
v 79.50000000 -40.58132935 24.09966660
v 70.76835632 -39.18763351 27.96621513
v 62.06813049 -40.16493607 28.66366768
v 62.06813049 -49.04368210 5.43554878
v 79.50000000 -43.69062042 17.85366249
v 79.50000000 -36.59227753 29.80868149
v 70.76835632 -33.89764023 34.18668747
v 44.79172516 -36.96976089 37.28500366
v 44.79172516 -30.13678741 42.99661255
v 36.23035431 -34.07917023 42.48668289
v 70.76835632 -27.63247681 39.42367172
v 79.50000000 -31.80626869 34.86940765
v 44.79172516 -14.09141445 50.58029938
v 53.40678024 -21.70709610 45.92732239
v 53.40678024 -13.63310337 48.93521881
v 44.79172516 -22.43683434 47.47128677
v 70.76835632 -20.57237625 43.52651215
v 79.50000000 -20.26632309 42.62436295
v 79.50000000 -26.32466316 39.17317200
v 44.79172516 -5.34061098 52.23420715
v 79.50000000 -0.00000000 47.19786453
v 44.79172516 3.56383300 52.38543320
v 53.40678024 -5.16691208 50.53533554
v 53.40678024 3.44792247 50.68164444
v 79.50000000 -46.99699783 4.33989382
v 53.40678024 11.96356678 49.36993027
v 44.79172516 12.36575127 51.02962494
v 79.50000000 21.42738342 42.05360794
v 70.76835632 19.08249855 44.19997787
v 44.79172516 20.81192970 48.20578766
v 53.40678024 20.13504028 46.63793564
v 36.23035431 23.98285294 48.90123367
v 40.09143829 30.93593597 43.71634674
v 36.23035431 30.64321327 45.02783585
v 43.91244125 31.37116241 42.33847809
v 44.79172516 28.65938759 43.99515915
v 70.96073151 42.63272858 22.28652954
v 51.39681625 32.71039581 39.34875488
v 47.68708038 31.95620728 40.88853073
v 53.40678024 27.72726631 42.56425476
v 62.06813049 19.55839729 45.30228424
v 62.06813049 26.93319130 41.34526825
v 55.00644302 33.63901520 37.67259979
v 79.50000000 14.58494282 44.88783646
v 67.33681488 39.18902588 28.70620155
v 64.73793793 37.54276657 31.39669228
v 71.93342590 44.22914505 18.64105797
v 79.50000000 42.05360794 21.42738342
v 79.50000000 33.37393188 33.37393188
v 58.47414398 34.75194931 35.82122421
v 62.06813049 11.62094498 47.95603943
v 36.23035431 16.84275436 51.79591370
v 36.23035431 9.36606884 53.65400696
v 62.06813049 3.34917831 49.23018265
v 36.23035431 1.70267344 54.43852234
v 62.06813049 -5.01893806 49.08806610
v 79.50000000 -13.76335621 45.14608765
v 36.23035431 -5.99387789 54.13410568
v 62.06813049 -13.24266911 47.53377533
v 62.06813049 -21.08543205 44.61202240
v 36.23035431 -13.56947327 52.74730301
v 36.23035431 -20.87256813 50.30641556
v 62.06813049 -28.32160568 40.40686417
v 36.23035431 -27.75725365 46.86089325
v 44.79172516 -42.73917770 30.50077248
v 39.13452530 -43.19443512 32.02757263
v 36.23035431 -39.73337936 37.25279999
v 41.66326523 -46.20806885 26.33791542
v 43.74869919 -48.69339371 20.22132874
v 45.31192398 -50.55637360 13.73946953
v 46.28672409 -51.71809006 6.97952938
v 46.62346268 -52.11940384 0.06176358
v 46.30149460 -51.73569870 -6.86413193
v 43.77503967 -48.72478485 -20.15471458
v 41.68791199 -46.23744202 -26.28905487
v 62.06813049 -36.48223877 -33.22460556
v 39.14682007 -43.20908737 -32.00245667
v 36.23035431 -39.73337936 -37.25279999
v 62.06813049 -30.34248734 -38.91222763
v 62.06813049 -23.32984161 -43.48041534
v 36.23035431 -34.07917023 -42.48668289
v 36.23035431 -27.74314308 -46.87017441
v 62.06813049 -15.64603615 -46.79775238
v 36.23035431 -20.85237122 -50.31554413
v 36.23035431 -13.54504204 -52.75399017
v 62.06813049 -7.51212406 -48.76880264
v 36.23035431 -5.96765137 -54.13700104
v 62.06813049 0.83789849 -49.33686066
v 36.23035431 1.72797573 -54.43732834
v 62.06813049 9.16381645 -48.48559189
v 62.06813049 17.22610855 -46.23947525
v 36.23035431 9.38777065 -53.64950562
v 79.50000000 24.85848808 -40.11944580
v 43.83886337 31.36312103 -42.37557602
v 47.57752991 31.94505501 -40.94783401
v 79.50000000 30.49390221 -36.02292633
v 54.83036423 33.59136581 -37.77457809
v 51.24560928 32.68581390 -39.41959763
v 79.50000000 35.46255112 -31.14512444
v 89.48999786 35.37104034 -30.08010674
v 89.48999786 39.94582367 -23.66969681
v 89.48999786 0.78844959 -46.42522812
v 89.48999786 8.62300968 -45.62419128
v 89.48999786 -19.84106636 41.97922516
v 89.48999786 -14.72267914 -44.03596115
v 89.48999786 43.37143707 -16.57835197
v 99.50000000 42.16654205 -18.38132858
v 89.48999786 45.54933167 -9.01007938
v 89.48999786 46.41685867 -1.18260336
v 89.48999786 44.15938187 14.34825230
v 99.50000000 45.34426117 7.73870230
v 89.48999786 45.94905472 6.67889452
v 99.50000000 44.37929535 -12.09839725
v 99.50000000 45.66210175 -5.55845070
v 99.50000000 43.74860001 14.21478176
v 89.48999786 29.77869797 -35.62516785
v 99.50000000 39.07224274 -24.27555847
v 99.50000000 30.49718094 -34.43688583
v 89.48999786 23.32967567 -40.14535522
v 89.48999786 16.20950127 -43.51063538
v 99.50000000 19.37069893 -41.72148895
v 99.50000000 13.13989830 -44.08208084
v 89.48999786 -7.06879282 -45.89068985
v 89.48999786 -21.95302010 -40.91440201
v 89.48999786 -28.55181313 -36.61580658
v 89.48999786 -39.11904144 -25.01247215
v 89.48999786 -42.78347778 -18.04154015
v 89.48999786 -34.32922363 -31.26384163
v 89.48999786 -46.34993362 -2.75808167
v 99.50000000 -43.09418106 -16.08721924
v 89.48999786 -45.21711349 -10.55158615
v 89.48999786 -44.62113190 12.84047413
v 89.48999786 -46.14934921 5.11476755
v 89.48999786 -32.69264603 32.97141647
v 89.48999786 -26.65019417 38.02223587
v 89.48999786 -37.79458618 26.97206879
v 89.48999786 -12.46114731 44.72854996
v 89.48999786 3.15152502 46.32484436
v 89.48999786 10.93513012 45.12589264
v 89.48999786 18.40415192 42.62875366
v 89.48999786 25.34371758 38.90525818
v 99.50000000 21.99741554 40.39847183
v 89.48999786 31.55419350 34.06253433
v 89.48999786 36.85691071 28.23989105
v 89.48999786 41.09932327 21.60483742
v 99.50000000 37.51088333 26.62391663
v 99.50000000 41.09706879 20.66461945
v 89.48999786 -41.80924988 20.19678307
v 89.48999786 -4.72274351 46.19111252
v 99.50000000 -18.39807701 42.15956116
v 99.50000000 -45.02943420 -9.39682293
v 99.50000000 -45.78096390 4.48277330
v 99.50000000 -31.64371109 -33.38549042
v 99.50000000 -36.32434082 -28.22127342
v 99.50000000 -0.00000000 -46.00000000
v 99.50000000 -13.74696922 -43.89764404
v 99.50000000 33.05958557 31.98368645
v 99.50000000 27.84869194 36.61083221
v 99.50000000 15.63992977 43.25898361
v 99.50000000 8.92224979 45.12607956
v 99.50000000 1.99884903 45.95641708
v 99.50000000 -4.97094393 45.73059845
v 99.50000000 -11.82303238 44.45434189
v 99.50000000 -24.55317307 38.89776993
v 99.50000000 -30.14663696 34.74298096
v 99.50000000 -35.04951477 29.78993607
v 99.50000000 -39.14861298 24.15195274
v 99.50000000 -42.34918976 17.95830917
v 99.50000000 -44.57717896 11.35127163
v 99.50000000 -45.93260193 -2.48911500
v 99.50000000 -40.17038727 -22.41054344
v 99.50000000 -26.23558426 -37.78403091
v 99.50000000 -20.22397232 -41.31529236
v 99.50000000 -6.95352936 -45.47135162
v 99.50000000 6.65220404 -45.51634598
v 99.50000000 25.19768715 -38.48401260
v 99.50000000 35.15660095 -29.66497421
v 99.50000000 45.98640442 1.10080373
v 21.59179306 15.85333824 54.50173187
v 21.59179306 -1.78265572 56.73261261
v 21.59179306 -10.64454556 55.75357437
v 18.19137573 -18.23536110 53.94250488
v 23.19137383 -24.19412613 51.19854736
v 27.92597961 -29.83661079 47.47467422
v 32.30256271 -35.05241776 42.80850983
v 7.72745323 -5.76494360 56.41399765
v 21.59179306 7.12321758 56.31187439
v 20.99808884 23.02678299 51.92745972
v 22.95260429 24.13814354 51.25232315
v 30.36378670 28.31908226 47.94867706
v 28.54762077 27.32568550 48.86199951
v 32.28705215 29.17253304 47.01689911
v 34.24257660 29.94724274 46.04328537
v 26.73096466 26.28032494 49.72325516
v 24.86236382 25.22508240 50.51636505
v 18.97006035 21.94915771 52.51247787
v 16.86851501 20.90526772 53.00737381
v 14.68840218 19.87711525 53.42590714
v 7.72081184 17.08640099 54.07926178
v 5.25713205 16.25420952 54.09533691
v 6.67006779 15.81329441 54.36406708
v 10.12062645 17.96830750 53.95723343
v 6.67006779 7.10522509 56.16963577
v 2.73794293 15.47259235 53.99912262
v 0.16324414 14.74154949 53.79061127
v -2.46696401 14.06108093 53.46980286
v -2.79795742 6.77875185 54.81276321
v -7.89382696 12.85177231 52.49135590
v -5.15268135 13.43118858 53.03670502
v 12.43910599 18.89812851 53.74252319
v 2.42933798 0.54910398 56.12192535
v 13.00955296 -12.05990505 55.68578339
v -46.65882111 75.60172272 2.96118999
v -46.63872528 76.96138000 -0.00000000
v -47.37730408 68.92989349 -0.00000000
v -45.23589325 66.20636749 14.39070702
v -46.27578735 58.59361267 13.69055271
v -45.46150970 57.62319183 16.21751213
v -48.21573639 60.90555191 0.00000000
v -48.13214493 60.80593491 2.83487391
v -47.55201721 66.21232605 2.93324208
v -47.89375687 60.52183533 5.62702370
v -46.76787186 66.20965576 8.76988888
v -46.95258713 59.40019226 11.08315086
v -46.09325790 66.20787048 11.60912800
v -47.25632858 66.21125793 5.87298965
v -47.50057220 60.05325317 8.37644958
v -39.87815094 50.96920776 27.30385399
v -38.52471924 49.35624695 29.19723701
v -39.23535538 56.85483932 27.23306465
v -42.37600327 53.94602966 23.19270134
v -40.97932053 56.83773041 24.83115959
v -41.58078384 66.21004486 22.36464691
v -29.52323914 75.67892456 35.49289322
v -27.23756790 75.71002960 37.19825745
v -29.27587891 85.00000000 35.48022461
v -26.97706223 85.00000000 37.25906754
v -32.64409637 42.34799576 35.81843185
v -33.84189987 47.64482117 34.13660431
v -34.17648315 44.17422485 34.29971695
v -31.44609451 85.00000000 33.57279587
v -28.12340927 57.12948608 37.58049011
v -27.61969948 66.41754913 37.30531693
v -30.01375008 66.35699463 35.55978775
v -30.62922287 57.04047394 35.77938843
v -33.00305176 56.97130966 33.83350372
v -31.36937714 47.73561096 36.15170670
v -31.08506775 40.49001694 37.26566696
v -28.74846268 47.85279083 38.02376938
v -29.49444771 38.59439087 38.63489532
v -35.66738510 45.95100784 32.68994904
v -35.24338531 56.91914749 31.74418831
v -37.32487869 56.88121796 29.53752708
v -37.12401199 47.68695068 30.99385834
v -41.15835571 52.49489594 25.30240631
v -43.49907684 55.28445816 20.97531700
v -44.19697952 66.20570374 17.11453819
v -44.53921127 56.52404022 18.64348412
v -42.97539139 66.20660400 19.78043365
v -45.90736771 85.00000000 2.90496063
v -46.00000000 85.00000000 0.00000000
v -33.78950500 75.63600922 31.64309883
v -34.45140457 66.27400208 31.63138199
v -32.29166031 66.30978394 33.66865158
v -31.70802879 75.65457153 33.64202499
v -36.46735382 66.24779510 29.47179222
v -38.32613373 66.22939301 27.20793533
v -40.03043365 66.21725464 24.83948135
v -35.74174881 75.62231445 29.51764297
v -37.55022812 75.61257935 27.28217506
v -39.21591949 75.60604858 24.93556595
v -40.73766708 75.60203552 22.47548866
v -42.11203003 75.59995270 19.89860535
v -43.32015610 75.59920502 17.23251152
v -44.35074615 75.59928131 14.50140667
v -45.20344162 75.59983063 11.70622253
v -45.87578201 75.60057068 8.84793186
v -46.36336899 75.60125732 5.92755032
v -33.48770523 85.00000000 31.53678131
v -35.40071487 85.00000000 29.37218475
v -37.18511963 85.00000000 27.07900238
v -38.80891037 85.00000000 24.69466400
v -40.28580475 85.00000000 22.20312691
v -41.60451889 85.00000000 19.62271690
v -42.75377655 85.00000000 16.97175598
v -43.74109268 85.00000000 14.23802948
v -44.54710007 85.00000000 11.46830273
v -45.18009949 85.00000000 8.64253235
v -45.63516235 85.00000000 5.78124380
v 6.66410542 15.81314087 -54.36354065
v 21.58880615 15.85339832 -54.50194168
v 6.66410542 7.10515642 -56.16909027
v 10.13437939 17.98964310 -53.94747162
v 21.58880615 -1.78266251 -56.73283005
v 21.58880615 -10.64458561 -55.75378799
v 21.58880615 7.12324476 -56.31208801
v 14.70553780 19.90849113 -53.40723419
v 16.88126373 20.91834259 -53.00193405
v 12.45657635 18.93225670 -53.72241211
v 20.98462677 23.09706688 -51.89164352
v 18.95891762 22.01270485 -52.48085022
v 22.95838737 24.17142868 -51.23430634
v 34.25161362 29.95019341 -46.03956985
v 26.63630676 26.38624573 -49.67744446
v 28.49518585 27.39601326 -48.82933807
v 32.30283737 29.17798805 -47.01039886
v 30.38402939 28.32659340 -47.94032288
v 24.80739212 25.29729080 -50.48464584
v 18.20182800 -18.24781799 -53.94132614
v 7.73472118 -5.77360535 -56.41434860
v 23.20294952 -24.20792389 -51.19515991
v 32.30176544 -35.05147171 -42.80949020
v 27.93538666 -29.84782028 -47.47013092
v -2.80586863 6.78817987 -54.80998230
v -2.53569317 14.06469440 -53.45764160
v 0.08570614 14.74432659 -53.77724457
v 13.01892948 -12.07108021 -55.68508148
v 2.69758701 15.47975826 -53.97934723
v 5.25424337 16.26581573 -54.07379913
v -7.90236330 12.86194611 -52.48653030
v -5.19840622 13.43726254 -53.02738953
v 2.43168569 0.54630595 -56.12160110
v 7.73381567 17.10002136 -54.06531143
v 24.88693810 35.25033188 -45.75665665
v -23.34795952 44.65416336 -41.54867554
v -21.40238571 44.00022125 -42.57104111
v -23.76513100 31.76645660 -42.86721802
v 26.35594749 45.43608093 -41.25538635
v 28.86348534 44.37632751 -40.58785248
v 30.10748482 37.40248871 -43.07223129
v 26.60204315 35.97041702 -44.91159821
v 24.70443916 44.74092102 -42.15703201
v 23.06408501 44.14584732 -42.99852371
v 32.39542389 37.24106979 -42.34869766
v 28.33544540 36.68990326 -44.01627731
v 34.27501678 33.87496567 -43.57347870
v 23.17039299 34.53633499 -46.54843903
v 21.43387222 33.83476257 -47.28323364
v 17.83763885 32.48848343 -48.56557846
v 15.95596123 31.85179710 -49.10404205
v 7.90144777 29.64342308 -50.46465302
v 12.04224110 30.67870522 -49.94818115
v 14.02551746 31.24809074 -49.56578064
v 1.23203433 28.35236931 -50.56916046
v 5.73964548 29.17765427 -50.59260559
v -5.79743052 27.43539047 -49.79783630
v -1.08991838 28.00006104 -50.41136932
v -13.15138721 42.18487167 -45.85313034
v -15.32431507 26.91581535 -47.34112549
v -15.26492691 42.52092361 -45.16303253
v -9.92262840 15.26960373 -51.42490768
v -10.55734634 27.06856537 -48.77796173
v -8.17353153 27.22626877 -49.33937073
v -25.23948860 45.38524628 -40.45080948
v -25.69993782 34.07226944 -41.48374557
v -17.89667130 24.77269745 -46.77621460
v -17.35811424 42.93274689 -44.38068008
v -19.86349678 27.11667061 -45.51345062
v -19.40495300 43.42594910 -43.51581192
v -11.93214893 17.66445732 -50.32308960
v -21.81965065 29.44792366 -44.21045303
v -19.17317772 59.93643570 -42.26588440
v -20.95563507 60.95331955 -41.41157913
v -19.44308853 76.60430145 -41.68882370
v -24.01139641 81.23591614 -39.23579407
v -24.40147018 63.29430008 -39.48853683
v -26.06240654 64.61236572 -38.42092896
v -27.62407112 36.36536026 -40.06003952
v -27.07501221 46.19001389 -39.27930069
v -25.04866791 82.46939850 -38.58182907
v -27.27742004 75.72034454 -37.16880798
v -26.04962158 83.72477722 -37.91324615
v -27.66043854 66.43816376 -37.27418518
v -28.16497993 57.16039276 -37.54723740
v -28.79081535 47.89393997 -37.98796082
v -27.01597786 85.00000000 -37.23086166
v -29.53752899 38.64573288 -38.59609222
v -3.43453741 27.69392204 -50.15470886
v -15.91917038 22.41600418 -47.99874115
v -12.94298363 26.96439552 -48.11229324
v -13.93099689 20.04659081 -49.18103409
v -6.80924177 41.56168747 -47.35672760
v 3.51615882 28.74696350 -50.62883377
v 10.00181580 30.14380646 -50.24875641
v 19.66104507 33.15081787 -47.95698547
v 23.04316521 59.58040237 -39.98603821
v 24.31020927 55.74505234 -39.76628876
v 23.06793594 53.84657288 -40.65025330
v 25.71499252 51.89596176 -39.79175949
v 20.59924316 62.50065994 -41.13029099
v 21.90183830 63.43573761 -40.45132065
v -13.62412453 57.49566650 -44.38132858
v -11.03484249 41.91700745 -46.44758606
v -8.91949081 41.71129608 -46.94820404
v -4.70759296 41.46251297 -47.67485046
v -2.61761642 41.40862656 -47.90418625
v -0.54175484 41.39582062 -48.04619217
v 1.50803816 41.41685104 -48.10187149
v 3.51299095 41.46197128 -48.07357025
v 5.47343731 41.52984238 -47.96498108
v 7.39072037 41.62080383 -47.77929688
v 9.26702595 41.73705673 -47.51905441
v 11.10535812 41.88232040 -47.18619919
v 12.90961361 42.06179047 -46.78208542
v 14.68279457 42.28113174 -46.30791855
v 16.41484451 42.54041672 -45.76853180
v 19.77682304 43.20957184 -44.50366592
v 18.10992622 42.84671021 -45.16662598
v 16.65339851 52.17383957 -43.60443878
v 21.42490387 43.63908768 -43.78075790
v 30.59158134 40.74152374 -41.35348892
v -22.69881058 62.07337189 -40.48556900
v -17.35269547 59.02325821 -43.04753494
v -15.49579334 58.21270370 -43.75525284
v -11.75134754 56.86019897 -44.92358780
v -11.18791008 70.98028564 -44.61864090
v -9.87936497 56.29632568 -45.38433075
v -8.00976181 55.79412460 -45.76563263
v -6.14371014 55.34431458 -46.06932068
v -4.28198719 54.93845367 -46.29700470
v -2.42480659 54.56963730 -46.44995499
v -0.58079755 54.22725677 -46.52885056
v 1.23524201 53.89795685 -46.53535843
v 3.02512932 53.58006668 -46.47219849
v 4.79136705 53.27471161 -46.34149933
v 6.53686333 52.98635483 -46.14462280
v 8.26483631 52.72242355 -45.88225174
v 9.97876453 52.49340439 -45.55437851
v 11.68056679 52.31190491 -45.16067505
v 13.35932541 52.18522644 -44.70401001
v 15.01572609 52.13146973 -44.18531036
v 18.27535820 52.33790970 -42.96104431
v 19.88391876 52.65160370 -42.25465393
v 21.48092270 53.14429855 -41.48468399
v 27.23080444 48.10807419 -40.06314468
v -22.93498611 80.02810669 -39.87444305
v -21.81648636 78.85047150 -40.49720383
v -20.65331650 77.70758057 -41.10263824
v -18.18359184 75.54577637 -42.25345612
v -16.87325668 74.53747559 -42.79351807
v -15.51377487 73.58065796 -43.30485916
v -14.11003590 72.67125702 -43.78240204
v -12.66686630 71.80523682 -44.22152710
v -9.67660332 70.19435120 -44.97064590
v -8.13737202 69.44329834 -45.27452087
v -6.57468843 68.72251129 -45.52772903
v -4.99284840 68.02742767 -45.72824860
v -3.39770079 67.34978485 -45.87432861
v -1.79655874 66.67650604 -45.96495056
v -0.19442141 66.00035858 -45.99965286
v 1.40710449 65.32212830 -45.97847748
v 3.00879931 64.64835358 -45.90146255
v 4.61226320 63.98776245 -45.76810455
v 6.22005129 63.35224915 -45.57740021
v 7.83525038 62.75720215 -45.32766724
v 9.45965290 62.21903992 -45.01671219
v 11.09251690 61.75263214 -44.64232254
v 12.73436642 61.38837814 -44.20188904
v 14.38150024 61.16670990 -43.69375610
v 16.02126694 61.13300323 -43.11972046
v 17.62874794 61.33033752 -42.48824310
v 19.16754532 61.78683090 -41.81684113
v -44.19916534 66.22646332 -17.10418129
v -45.46197510 57.62374878 -16.21649361
v -45.23652267 66.22708893 -14.38269138
v -42.98902130 66.22750092 -19.74821854
v -43.50230026 55.28829956 -20.96699333
v -44.52931976 56.51225281 -18.64522934
v -46.09831238 66.22865295 -11.58235931
v -46.26745987 58.58368683 -13.69063091
v -45.88598633 75.61099243 -8.79190159
v -46.77679443 66.23049164 -8.71430302
v -47.26056290 66.23201752 -5.82468319
v -46.36886215 75.61164856 -5.87880039
v -47.49533844 60.04701614 -8.37747192
v -45.90753937 85.00000000 -2.90197635
v -45.63589859 85.00000000 -5.77529097
v -47.89482117 60.52310181 -5.61670160
v -47.55081177 66.23299408 -2.91930342
v -46.65883255 75.61207581 -2.94710469
v -46.95670319 59.40509796 -11.06436062
v -41.60647964 66.23106384 -22.31577110
v -39.87840271 50.96950531 -27.28569031
v -41.16518402 52.50303268 -25.28959656
v -39.24587250 56.88608932 -27.21408844
v -42.37019348 53.93910599 -23.18229675
v -40.99760056 56.86910629 -24.79767799
v -33.06470871 57.00258255 -33.77294159
v -35.28100967 56.95049667 -31.70098686
v -34.48917389 66.29491425 -31.58981323
v -37.34059906 56.91249084 -29.51459312
v -38.53646851 49.37025070 -29.18018723
v -35.68714523 45.97455978 -32.66438675
v -37.13292313 47.69757080 -30.96693420
v -32.35241318 66.33063507 -33.61055756
v -30.07128143 66.37770844 -35.51084518
v -31.76786804 75.66499329 -33.58589935
v -29.57958984 75.68927765 -35.44598007
v -31.42926407 47.77697754 -36.09725189
v -33.90444565 47.68648529 -34.07308578
v -29.31025505 85.00000000 -35.45186234
v -34.19215775 44.19290543 -34.26819229
v -32.66889191 42.37754822 -35.79140854
v -31.11734962 40.52849197 -37.23404312
v -30.68793297 57.07153320 -35.72792816
v -40.04983521 66.23818970 -24.80669785
v -38.33779144 66.25024414 -27.18961143
v -36.48398590 66.26866150 -29.44976234
v -48.13242722 60.80627060 -2.82948112
v -45.20973969 75.61022949 -11.67926311
v -44.35259628 75.60965729 -14.49332237
v -43.32355118 75.60958862 -17.22212029
v -42.12680054 75.61041260 -19.86647224
v -40.76433182 75.61254883 -22.42694664
v -39.23623276 75.61651611 -24.90318680
v -37.56280136 75.62301636 -27.26423264
v -35.75908661 75.63275146 -29.49621010
v -33.82730103 75.64646912 -31.60276031
v -45.18508148 85.00000000 -8.61994362
v -44.55508423 85.00000000 -11.43593502
v -43.74590683 85.00000000 -14.22326469
v -42.76903915 85.00000000 -16.93420982
v -41.61955643 85.00000000 -19.58922195
v -40.30565262 85.00000000 -22.16847992
v -38.83551025 85.00000000 -24.65216255
v -37.20367813 85.00000000 -27.05348396
v -35.43655396 85.00000000 -29.32945251
v -33.52282333 85.00000000 -31.49849510
v -31.47616577 85.00000000 -33.54462814
v -11.13250256 71.01814270 44.63242340
v -8.54795074 85.00000000 45.19817352
v -12.61273861 71.83757782 44.23689651
v -14.05261803 72.70673370 43.80073166
v -15.05736446 85.00000000 43.46547318
v -15.44946575 73.62541962 43.32789230
v -16.80122948 74.59255981 42.82195663
v -21.24487114 85.00000000 40.80009842
v -18.10709381 75.60586548 42.28644943
v -19.36696434 76.66221619 41.72464371
v -20.58119392 77.75854492 41.13870239
v -22.87988472 80.05409241 39.90583801
v -21.75202179 78.88989258 40.53174973
v -25.00689507 82.47615814 38.60909653
v -23.96469879 81.25041199 39.26455688
v -26.00973701 83.72705841 37.94019699
v -9.61574841 70.24629974 44.98347855
v -6.50315762 68.80367279 45.53675461
v -8.06988430 69.51299286 45.28728104
v -4.92592335 68.10080719 45.73712540
v -1.85690832 85.00000000 45.96155167
v -3.34019303 67.40394592 45.87740707
v -1.75080419 66.71006775 45.96590805
v -0.15793064 66.01806641 46.00051117
v 1.43782556 65.33035278 45.97805786
v 4.87176180 85.00000000 45.74013519
v 3.03524971 64.65272522 45.89959335
v 4.63713884 63.99347687 45.76560211
v 6.24495459 63.36377335 45.57352066
v 11.49355125 85.00000000 44.53985977
v 7.85960293 62.77199554 45.32353210
v 11.10793591 61.75171661 44.63847351
v 9.47916222 62.22525406 45.01281738
v 14.39199638 61.20106506 43.67320633
v 12.74712372 61.39199448 44.19380951
v 16.02650452 61.16999435 43.10337067
v 17.86666107 85.00000000 42.38790131
v 17.62720490 61.36375427 42.47876358
v 19.16020393 61.81615448 41.81254578
v 20.60105324 62.50123978 41.12940598
v 23.86143112 85.00000000 39.32722092
v 21.90183830 63.43573761 40.45132065
v 25.88949013 67.12531281 38.02255249
v 29.62334824 70.78653717 35.18688583
v 29.35009575 85.00000000 35.41970444
v 41.63351059 85.00000000 19.55892754
v 38.33229065 85.00000000 25.42758942
v 39.91646957 77.62863159 22.69050789
v 44.40486145 78.19211578 11.75922394
v 45.58310699 77.92061615 5.93513918
v 45.50647354 85.00000000 6.71962261
v 42.46332169 78.15756226 17.36496735
v 44.04209137 85.00000000 13.27355385
v 34.20845795 85.00000000 30.75287056
v 36.80627823 76.33593750 27.58181572
v 33.28236771 73.96070862 31.74186134
v 46.00000000 85.00000000 0.00000000
v 46.00000000 77.73037720 0.00000000
v 25.49426270 66.77337646 -38.29132080
v 29.32107735 85.00000000 -35.44256210
v 28.87936401 70.11205292 -35.81261444
v 34.18076324 85.00000000 -30.78260803
v 32.20270920 73.12509155 -32.86774445
v 38.30982208 85.00000000 -25.46114731
v 35.39839172 75.41109467 -29.26445007
v 40.99497986 77.89556885 -20.59183121
v 38.38108444 77.00049591 -25.14578819
v 41.61851501 85.00000000 -19.59186935
v 43.15852737 78.23414612 -15.72140980
v 44.03480530 85.00000000 -13.30065536
v 44.69827271 78.12823486 -10.60228729
v 45.63885498 77.87904358 -5.34031343
v 45.50600433 85.00000000 -6.72279930
v 23.83611107 85.00000000 -39.34197998
v 17.83689690 85.00000000 -42.40098190
v 11.44870949 85.00000000 -44.55233383
v 4.81550360 85.00000000 -45.74678421
v -1.91967630 85.00000000 -45.95912933
v -8.61175823 85.00000000 -45.18560028
v -15.11688423 85.00000000 -43.44390488
v -21.28464317 85.00000000 -40.77936172
v 25.74089622 61.50114441 -38.35291672
v 28.28118134 63.53400040 -36.57380295
v 27.39856148 57.42504883 -37.89907837
v 35.58153915 41.63301086 -38.97690201
v 37.93253326 37.98032379 -39.96439743
v 24.18226433 65.50312805 -39.13024902
v 30.24204063 59.24186707 -35.89613724
v 29.22549057 53.36568451 -37.73072052
v 26.36873817 67.58862305 -37.69194412
v 51.20539093 41.40338135 -32.45216370
v 54.95113373 37.93475723 -33.88921738
v 50.72011566 36.61495209 -36.39820862
v 44.08432388 43.94898224 -34.00532913
v 47.57314301 45.21627045 -31.40310478
v 47.35082626 40.14149475 -35.02545166
v 45.84483337 35.44966125 -38.83560181
v 40.36536407 34.50575638 -41.22022629
v 35.32250595 56.61651993 -33.23226547
v 37.92054749 58.19900513 -30.79995346
v 38.03134918 52.23686981 -33.10071945
v 31.20904732 49.35779572 -37.85411072
v 33.33372498 45.43583679 -38.27067947
v 58.53494644 39.35618591 -31.27564430
v 61.48526764 40.83295822 -28.52119637
v 63.80191422 42.31275558 -25.61186028
v 49.21713638 64.02437592 -3.54379368
v 51.91304779 59.73065948 -3.44911122
v 51.69055557 59.64832687 -6.81677341
v 65.54306793 43.75480270 -22.51058578
v 54.31589890 55.02092361 -13.35705566
v 54.84362793 55.45298004 -10.13298225
v 58.45294571 51.43956375 -13.77941513
v 62.92733383 48.52907944 -14.55271816
v 58.92260361 52.03450775 -10.46352291
v 51.29035187 59.47429276 -10.10104752
v 62.14144897 47.56241226 -17.92072678
v 57.66649246 50.68697357 -17.01339340
v 48.91252518 64.01927185 -7.00219822
v 47.29938889 68.60204315 -3.73549914
v 46.90121841 68.66868591 -7.37864637
v 48.39769363 63.94575882 -10.36893177
v 46.24830246 68.68511963 -10.91561222
v 46.17389679 73.26300812 -4.00918484
v 67.56871796 46.34136581 -15.62816143
v 63.35676193 49.32314301 -11.06937218
v 66.77698517 45.11502457 -19.18631554
v 46.34446716 73.19722748 -0.00000000
v 45.87714005 77.80001831 -3.34989214
v 72.38576508 45.48411560 -15.18708611
v 67.96239471 47.36520004 -11.90923405
v 68.08475494 48.14197159 -8.05314827
v 72.58527374 46.51356506 -11.55679512
v 68.07231903 48.63323593 -4.07661772
v 72.60065460 47.28618240 -7.80115461
v 72.57498169 47.75975037 -3.94888949
v 68.04598999 48.80402756 -0.00000000
v 42.91582108 38.97645187 -37.52822876
v 54.47959518 42.70838547 -29.79039764
v 57.18753052 44.01372147 -27.01823235
v 59.33055496 45.27597809 -24.13438225
v 60.96157837 46.46759415 -21.11087990
v 63.53594971 49.91983795 -7.47933245
v 63.57582092 50.29548264 -3.78561997
v 63.57186890 50.42577362 -0.00000000
v 49.08885193 51.77147675 -25.32867813
v 50.54826355 46.47358704 -28.71849632
v 46.81623459 50.59883881 -28.09414291
v 40.07891083 42.72830200 -36.53213501
v 53.02402878 47.67897415 -25.94041443
v 55.00307083 48.79386520 -23.07747459
v 56.53283310 49.80043030 -20.10938454
v 59.16120911 52.46807098 -7.06423092
v 59.25452423 52.73504639 -3.57470250
v 59.27319717 52.82627869 -0.00000000
v 40.96417236 47.99670029 -33.35948563
v 44.11270523 49.32621002 -30.76961708
v 37.36532211 46.67109680 -35.86404800
v 50.93336487 52.80696106 -22.48798370
v 52.39078903 53.69409943 -19.55697250
v 48.66075516 58.05429840 -19.48198128
v 49.80083084 58.69818115 -16.45806694
v 53.50531006 54.43216324 -16.51617813
v 55.15324783 55.74555969 -6.83773232
v 55.30601501 55.91449738 -3.45955920
v 55.34902954 55.96946335 -0.00000000
v 40.87896729 53.67559052 -30.56755447
v 34.80437469 50.76606369 -35.53425598
v 43.35432816 55.01631546 -27.93664360
v 45.47038651 56.21342087 -25.20590401
v 47.22824860 57.22844696 -22.39199638
v 50.67471313 59.17004776 -13.31303883
v 51.98337936 59.75256348 -0.00000000
v 40.22453308 59.64692307 -28.24881935
v 32.42243576 54.97103119 -35.54615784
v 39.47130203 65.76174927 -26.41711998
v 42.24490738 60.91117096 -25.57467842
v 43.97843552 61.95007324 -22.79186440
v 45.44728851 62.75880432 -19.88651276
v 46.67013550 63.35020447 -16.84089279
v 47.65688705 63.74165726 -13.64890289
v 49.31829834 64.01589966 -0.00000000
v 32.86842728 61.07965088 -33.74765778
v 35.27738953 62.82653809 -31.45689011
v 37.47635651 64.40494537 -29.01683617
v 41.25122833 66.85088348 -23.66600990
v 42.82460022 67.66869354 -20.74624062
v 45.34434509 68.56487274 -14.34016037
v 44.19236755 68.23229980 -17.63916016
v 43.76692581 73.46347809 -15.34042549
v 47.43443680 68.56475067 -0.00000000
v 30.69291496 65.56959534 -34.63119125
v 32.97901154 67.48725128 -32.51627350
v 35.14431381 69.20321655 -30.21148872
v 37.18764877 70.66014099 -27.69677925
v 39.08619308 71.80717468 -24.97156334
v 40.83128357 72.64147949 -22.01375961
v 42.40270615 73.18406677 -18.80395508
v 44.06134033 78.26676178 -13.20544815
v 44.86585236 73.50401306 -11.70165634
v 45.67467117 73.40016937 -7.91750526
v 28.46556473 69.68353271 -36.13264847
v 30.54496384 71.64220428 -34.38927841
v 32.59872437 73.42797089 -32.44507980
v 34.62722015 74.97540283 -30.27356339
v 36.58940125 76.21867371 -27.86556244
v 38.44478989 77.15338135 -25.24256325
v 40.15644836 77.77792358 -22.42446709
v 41.67352295 78.13983917 -19.45977020
v 42.97937775 78.29106140 -16.37978363
v 44.90597916 78.12262726 -9.96498680
v 45.51169968 77.95396423 -6.67681742
v 58.49625015 39.34643555 31.29768372
v 54.92951202 37.92986679 33.90020752
v 50.74185181 36.61922073 36.38819122
v 45.89899826 35.45849609 38.81262589
v 34.27501678 33.87496567 43.57347870
v 40.37570190 34.50703049 41.21614075
v 63.80373001 42.31329346 25.61048317
v 61.45430374 40.82440948 28.54153061
v 65.55750275 43.75933075 22.49745369
v 67.55550385 46.33675003 15.64716816
v 66.78000641 45.11603165 19.18293762
v 62.14407730 47.56332779 17.91740799
v 60.97422791 46.47184372 21.09772873
v 45.67848206 73.40569305 7.89580774
v 46.90469360 68.67328644 7.35819721
v 46.17562485 73.26548767 3.98948765
v 47.30095291 68.60410309 3.71709347
v 49.21867371 64.02603149 3.52628970
v 58.44324112 51.43552399 13.79731560
v 58.92501068 52.03551865 10.45752430
v 54.84564972 55.45410156 10.12711430
v 67.96571350 47.36640930 11.90267849
v 68.09207153 48.14471817 8.03101826
v 59.16645813 52.47029495 7.04444361
v 55.15762711 55.74800110 6.81848669
v 68.07558441 48.63449097 4.05657578
v 45.44695282 77.95070648 7.11101341
v 51.91471863 59.73197556 3.43204975
v 62.91590881 48.52499771 14.57108116
v 63.35961914 49.32418442 11.06314182
v 45.86041641 77.81266022 3.57104039
v 33.34125519 45.43794632 38.26658249
v 37.40426636 46.68460083 35.84020615
v 34.83876038 50.78198242 35.51118469
v 47.37038803 40.14612579 35.01501465
v 44.10176086 43.95425415 33.99468231
v 42.96476364 38.98633575 37.50447083
v 46.78961945 50.58611679 28.11770058
v 50.51785278 46.46255112 28.74196243
v 49.06789398 51.76118851 25.34995079
v 40.97959518 48.00285339 33.34886551
v 40.12274170 42.73976517 36.50807571
v 25.71499252 51.89596176 39.79175949
v 29.23135948 53.36862564 37.72703934
v 27.40370560 57.42844772 37.89573288
v 28.30474281 63.55835724 36.55617523
v 25.74539375 61.50501251 38.34998322
v 32.45269012 54.98963547 35.52439880
v 31.21571732 49.36030197 37.85017776
v 23.04316521 59.58040237 39.98603821
v 24.32539749 65.65016937 39.04219818
v 24.31020927 55.74505234 39.76628876
v 63.57861328 50.29653549 3.76695848
v 59.25685883 52.73603821 3.55704069
v 63.54220963 49.92216873 7.45856285
v 45.45206833 56.20128250 25.22689438
v 59.33215714 45.27650070 24.13298035
v 57.16007233 44.00529861 27.03912544
v 54.44509888 42.69836426 29.81333351
v 51.18602371 41.39820862 32.46363831
v 37.94191360 37.98180389 39.96022797
v 55.30795670 55.91558456 3.44244480
v 57.66874313 50.68790054 17.01011658
v 56.54375076 49.80484009 20.09623146
v 55.00445938 48.79441452 23.07605553
v 52.99996567 47.66995621 25.96164322
v 47.55597305 45.21047974 31.41484642
v 32.39542389 37.24106979 42.34869766
v 35.58997726 41.63477325 38.97272873
v 54.30770111 55.01641464 13.37468147
v 53.50722504 54.43320465 16.51293373
v 52.40015411 53.69910049 19.54386139
v 50.93456650 52.80759048 22.48656273
v 44.09759521 49.31949615 30.78138161
v 30.59158134 40.74152374 41.35348892
v 51.29208755 59.47564697 10.09520340
v 51.69431305 59.65128708 6.79759407
v 50.66765594 59.16461945 13.33057594
v 49.80248642 58.69942856 16.45484161
v 48.66886520 58.06026077 19.46897316
v 47.22929382 57.22919083 22.39059067
v 43.33104706 55.00133896 27.95982361
v 40.86570740 53.66769791 30.57908058
v 30.26866722 59.26332474 35.87620544
v 30.70242691 65.58070374 34.62307358
v 38.04492950 52.24410629 33.09037399
v 28.86348534 44.37632751 40.58785248
v 48.39927292 63.94744492 10.36300373
v 48.91597366 64.02297974 6.98260784
v 47.65049744 63.73495865 13.66654396
v 46.67162323 63.35172653 16.83767700
v 45.45453262 62.76601028 19.87366486
v 43.97936249 61.95096588 22.79048729
v 42.22862244 60.89674759 25.59506989
v 40.20397949 59.62926865 28.27115250
v 37.90886307 58.18975449 30.81097984
v 35.33446121 56.62498093 33.22243881
v 27.23080444 48.10807419 40.06314468
v 46.24987030 68.68719482 10.90949631
v 45.33810425 68.55670166 14.35809708
v 44.19379425 68.23413086 17.63594055
v 42.83142090 67.67730713 20.73359489
v 41.25209045 66.85194397 23.66467667
v 39.45634842 65.74478149 26.43662834
v 37.45782089 64.38436127 29.03789711
v 35.26696014 62.81581116 31.46717453
v 32.87901688 61.08942413 33.73858261
v 44.86754608 73.50649261 11.69525814
v 43.76033401 73.45378113 15.35885143
v 42.40417862 73.18622589 18.80071449
v 40.83812714 72.65155029 22.00132561
v 39.08703613 71.80840302 24.97028160
v 37.17328644 70.64055634 27.71519089
v 37.49437714 76.68991852 26.66042519
v 35.12703323 69.17963409 30.23092461
v 35.44529724 75.51159668 29.33353615
v 32.96948624 67.47501373 32.52560425
v 33.29530334 73.98753357 31.75242043
v 31.09559059 72.15904999 33.90430832
v 28.87816811 70.11311340 35.81364059
v 26.62962914 67.91448212 37.51340485
v 44.76011276 78.12484741 10.61413002
v 43.80215073 78.24623871 14.05422878
v 42.58222580 78.22177887 17.40820885
v 41.10916138 78.00081635 20.65348434
v 39.39949417 77.51458740 23.75495148
v 23.16086769 34.53290176 46.55183411
v 17.85074997 32.49252319 48.56323624
v 19.66363907 33.15149307 47.95672989
v 24.87537766 35.24614716 45.76111603
v 26.59091187 35.96635437 44.91629791
v 21.47382927 53.13985062 41.48819351
v 23.06543732 53.84497452 40.65156937
v 21.42899895 33.83294678 47.28497696
v 12.05202389 30.68165207 49.94762802
v 9.27550602 41.74304581 47.51821518
v 10.01377010 30.14737701 50.24840164
v 14.04045010 31.25258064 49.56417847
v 3.58247256 28.76389122 50.63199234
v 7.92325878 29.64964867 50.46441269
v 5.77941942 29.18840408 50.59323120
v -0.96527833 28.02819824 50.42614746
v -3.31113362 27.72003937 50.17400360
v 1.33354306 28.37675285 50.57749557
v -8.09905624 27.24014473 49.35696793
v -9.91081333 15.25552368 51.43255997
v -5.69989634 27.45476913 49.81692123
v -12.86100483 26.97661972 48.13842773
v -15.21248531 26.92972565 47.38158798
v -13.91275120 20.02484703 49.19447708
v -11.91710758 17.64653206 50.33361053
v -10.48795605 27.08039856 48.79719925
v -17.87208366 24.74339485 46.79566956
v -17.23006439 42.95536041 44.43238831
v -19.83577156 27.08362961 45.53599548
v -15.16559505 42.54336929 45.19848251
v -23.73119545 31.72601509 42.89610291
v -21.78881073 29.41116905 44.23613739
v -21.27574539 44.01210785 42.63485718
v -19.26809692 43.44419861 43.57777023
v -23.24921227 44.66024780 41.60375214
v -25.66293144 34.02816772 41.51588440
v -25.17310143 45.38816452 40.49161530
v -22.60988235 62.08153915 40.53522873
v -24.34133911 63.29850388 39.52549362
v -26.01766205 64.61466217 38.45107651
v -27.02591705 46.19140625 39.31242371
v -27.58401489 36.31762314 40.09548187
v -15.89774323 22.39046860 48.01516342
v 15.97855759 31.85871506 49.10055923
v 28.32708931 36.68682480 44.02013779
v 30.10454559 37.40139771 43.07367325
v 26.35327721 45.43475723 41.25679398
v 23.05395317 44.14104843 43.00311279
v 24.69684601 44.73721313 42.16080475
v 21.41436005 43.63430023 43.78509903
v 19.76809692 43.20591736 44.50693893
v 18.10536766 42.84532928 45.16823959
v 16.41696739 42.54249191 45.76813126
v 14.69430447 42.28787231 46.30537796
v 12.92955685 42.07265091 46.77831650
v 11.11843395 41.89019012 47.18429947
v 7.40112352 41.62783813 47.77860260
v 6.54419422 52.99544144 46.14378738
v 4.80039310 53.28527069 46.34079361
v 5.49257374 41.54075623 47.96422958
v 3.54801869 41.47945786 48.07332993
v 1.56651986 41.44334793 48.10354233
v -0.45218661 41.43327713 48.05207825
v -2.50761580 41.45179749 47.91563034
v -4.59865570 41.50299835 47.69047928
v -6.72310209 41.59249496 47.37258911
v -8.85366344 41.73410416 46.96307373
v -10.97342873 41.93681717 46.46407318
v -13.07870960 42.20514297 45.87579727
v -15.40784931 58.24376678 43.78680420
v -17.23893929 59.05415726 43.09368134
v 19.87446213 52.64592361 42.25889587
v 18.26552200 52.33238220 42.96502686
v 16.64523125 52.16985703 43.60741043
v 15.01136971 52.13047409 44.18674088
v 13.36103725 52.18871689 44.70359039
v 11.69074821 52.32146072 45.15831757
v 9.99648571 52.50836945 45.55092621
v 8.27631569 52.73376465 45.88047791
v 3.04188752 53.59577179 46.47146606
v 1.26602602 53.92234421 46.53512192
v -0.52936631 54.26357269 46.53036118
v -2.34605789 54.62049866 46.45525742
v -4.18532896 54.99701691 46.30725479
v -6.04801702 55.39946365 46.08324814
v -7.93408632 55.83655930 45.77970886
v -9.82149124 56.32818985 45.39750290
v -11.69726562 56.88807297 44.93819046
v -13.55996895 57.52407074 44.40144730
v -19.05111313 59.96110535 42.32134247
v -20.84217262 60.96922684 41.46889877
f 1 2 3
f 4 5 6
f 6 7 8
f 9 10 11
f 12 13 14
f 15 16 12
f 17 18 19
f 20 19 18
f 21 22 20
f 6 5 23
f 17 24 18
f 25 26 27
f 28 26 25
f 29 27 30
f 31 32 33
f 34 35 36
f 2 28 6
f 37 38 39
f 40 41 42
f 43 44 45
f 46 47 48
f 49 50 51
f 52 53 54
f 55 56 57
f 36 35 58
f 59 49 51
f 51 60 61
f 12 62 63
f 64 51 65
f 51 66 67
f 68 69 70
f 71 72 35
f 73 74 75
f 76 77 78
f 79 80 81
f 82 76 81
f 83 84 85
f 86 87 88
f 89 90 91
f 92 93 94
f 95 96 97
f 98 97 99
f 100 101 102
f 103 100 102
f 104 105 30
f 106 107 108
f 109 110 111
f 112 113 114
f 115 116 117
f 118 119 120
f 121 122 123
f 124 125 123
f 126 127 128
f 129 41 130
f 131 30 105
f 130 132 129
f 133 134 135
f 41 136 137
f 138 139 140
f 30 131 29
f 113 141 114
f 140 142 138
f 143 144 116
f 145 146 147
f 148 149 150
f 96 151 152
f 153 154 155
f 155 156 157
f 99 97 158
f 159 160 149
f 161 162 163
f 164 149 165
f 166 167 168
f 162 169 116
f 91 170 171
f 172 173 174
f 175 176 177
f 178 179 180
f 133 181 134
f 182 183 184
f 181 185 186
f 133 185 181
f 187 184 186
f 181 186 184
f 188 184 189
f 184 187 189
f 184 190 182
f 184 188 190
f 191 138 192
f 138 183 192
f 184 183 138
f 138 193 139
f 191 193 138
f 142 194 138
f 195 46 110
f 196 197 198
f 100 199 200
f 112 199 113
f 100 113 199
f 200 201 100
f 127 126 202
f 100 201 101
f 103 203 100
f 204 205 100
f 113 206 194
f 207 208 120
f 207 120 205
f 100 205 120
f 120 208 209
f 210 206 113
f 120 211 212
f 113 100 120
f 118 120 213
f 212 213 120
f 120 214 145
f 120 119 215
f 216 121 217
f 218 219 115
f 220 221 41
f 222 223 224
f 214 225 222
f 226 41 221
f 226 136 41
f 227 228 110
f 41 229 130
f 41 40 229
f 129 111 41
f 132 230 129
f 228 231 232
f 233 129 234
f 105 235 131
f 233 236 129
f 237 238 129
f 237 129 239
f 105 240 235
f 129 238 241
f 241 107 106
f 240 242 235
f 106 108 243
f 244 245 106
f 106 240 109
f 134 246 247
f 134 245 246
f 247 248 134
f 106 181 242
f 181 106 134
f 134 249 135
f 250 249 134
f 24 251 18
f 252 21 253
f 18 254 4
f 21 20 18
f 21 18 6
f 7 6 23
f 4 6 18
f 255 256 6
f 255 6 8
f 21 6 257
f 2 256 258
f 2 1 259
f 260 261 2
f 2 259 260
f 262 62 12
f 263 2 261
f 28 25 257
f 47 26 264
f 263 265 2
f 12 266 267
f 265 268 2
f 269 270 271
f 271 270 272
f 47 264 273
f 264 2 270
f 274 275 276
f 277 270 278
f 51 70 279
f 279 280 277
f 273 270 281
f 279 277 282
f 51 61 59
f 51 50 283
f 262 12 14
f 284 285 286
f 287 288 286
f 289 290 291
f 292 293 10
f 293 294 10
f 295 52 296
f 54 53 65
f 51 297 291
f 291 65 51
f 291 298 299
f 297 298 291
f 291 300 289
f 52 301 296
f 291 290 302
f 291 303 54
f 302 303 291
f 304 54 303
f 305 54 306
f 54 304 306
f 307 54 308
f 54 305 308
f 309 301 54
f 54 307 309
f 309 310 311
f 312 309 313
f 314 309 315
f 309 312 315
f 309 316 310
f 309 314 316
f 317 253 311
f 309 311 253
f 318 253 319
f 253 317 319
f 21 252 320
f 253 318 252
f 22 21 320
f 321 35 322
f 323 324 55
f 325 326 321
f 12 327 328
f 267 329 12
f 321 330 331
f 60 51 67
f 332 333 334
f 51 335 66
f 279 335 51
f 336 337 279
f 279 337 335
f 64 70 51
f 338 339 334
f 340 58 35
f 279 70 280
f 279 341 336
f 342 280 69
f 343 344 345
f 344 69 68
f 73 342 343
f 346 347 348
f 72 340 35
f 74 343 345
f 349 350 75
f 345 334 71
f 349 74 80
f 80 345 71
f 35 351 82
f 34 352 35
f 322 35 353
f 321 322 354
f 352 353 35
f 354 325 321
f 330 321 32
f 355 321 326
f 356 32 355
f 321 355 32
f 357 358 32
f 330 32 31
f 359 32 360
f 32 358 360
f 31 33 361
f 32 359 33
f 362 31 363
f 31 361 364
f 365 366 31
f 365 31 367
f 368 31 369
f 369 31 366
f 368 370 37
f 37 31 368
f 284 371 372
f 373 38 37
f 373 37 370
f 37 39 374
f 375 376 37
f 37 45 363
f 37 377 45
f 377 37 376
f 45 378 43
f 377 378 45
f 284 45 44
f 44 379 284
f 372 45 284
f 380 284 379
f 285 381 286
f 284 286 371
f 382 383 384
f 384 287 381
f 383 382 385
f 385 386 383
f 381 287 286
f 387 388 383
f 387 383 386
f 383 389 390
f 391 383 388
f 390 10 383
f 392 10 390
f 10 393 394
f 392 393 10
f 395 287 383
f 178 396 397
f 398 198 399
f 198 398 400
f 147 210 113
f 125 401 123
f 402 123 403
f 147 113 145
f 404 405 198
f 406 123 407
f 147 408 409
f 147 409 410
f 214 146 145
f 411 198 412
f 413 123 414
f 123 415 414
f 416 417 418
f 413 417 416
f 419 196 198
f 407 409 408
f 407 420 409
f 421 422 423
f 416 424 425
f 123 416 421
f 416 426 427
f 425 426 416
f 419 428 429
f 407 421 420
f 430 416 427
f 422 421 416
f 421 202 420
f 419 127 431
f 202 423 432
f 423 202 421
f 202 433 127
f 432 433 202
f 433 434 127
f 419 128 127
f 431 428 419
f 429 196 419
f 412 198 197
f 404 198 411
f 399 198 435
f 96 436 198
f 437 96 400
f 437 151 96
f 198 400 96
f 96 152 438
f 155 96 156
f 96 438 439
f 439 156 96
f 155 154 440
f 155 157 153
f 441 97 442
f 443 442 155
f 158 97 441
f 444 445 446
f 97 98 149
f 97 155 442
f 447 95 448
f 98 165 149
f 164 449 149
f 150 149 160
f 149 449 159
f 116 149 148
f 450 446 445
f 397 396 163
f 178 446 396
f 116 115 163
f 451 444 452
f 450 453 454
f 223 225 221
f 452 455 222
f 215 226 221
f 215 225 120
f 226 215 456
f 457 458 215
f 457 215 459
f 406 179 121
f 460 121 461
f 121 460 462
f 215 119 459
f 122 121 462
f 104 46 195
f 129 106 109
f 195 105 104
f 129 241 106
f 244 106 243
f 242 240 106
f 106 245 134
f 250 134 248
f 113 194 141
f 206 138 194
f 54 301 52
f 309 307 313
f 251 463 18
f 254 18 463
f 2 258 3
f 257 6 28
f 256 2 6
f 26 30 27
f 28 2 264
f 104 30 26
f 105 195 240
f 227 110 46
f 129 230 234
f 240 195 109
f 129 109 111
f 239 129 236
f 203 464 100
f 204 100 464
f 120 209 211
f 120 145 113
f 288 465 295
f 283 297 51
f 465 53 52
f 54 65 291
f 299 466 291
f 300 291 466
f 270 268 272
f 28 264 26
f 270 2 268
f 26 47 104
f 264 270 273
f 46 104 47
f 195 110 109
f 231 228 227
f 467 468 469
f 41 137 42
f 220 111 228
f 470 228 232
f 146 214 455
f 458 456 215
f 221 225 215
f 120 225 214
f 403 123 401
f 471 415 123
f 147 410 210
f 146 408 147
f 420 410 409
f 9 472 10
f 52 295 465
f 395 465 288
f 65 53 473
f 473 53 395
f 328 332 334
f 64 65 473
f 68 70 64
f 474 71 475
f 282 341 279
f 48 476 227
f 269 278 270
f 281 270 280
f 275 273 281
f 46 48 227
f 47 273 48
f 110 228 111
f 477 470 232
f 478 470 477
f 111 220 41
f 220 470 479
f 444 178 180
f 479 223 221
f 121 480 217
f 222 225 223
f 408 146 481
f 455 214 222
f 481 179 406
f 146 455 481
f 482 123 402
f 406 407 408
f 483 416 418
f 123 421 407
f 416 430 422
f 383 287 384
f 288 287 395
f 10 394 292
f 53 465 395
f 383 10 395
f 10 15 473
f 338 334 333
f 64 15 68
f 274 476 275
f 484 476 274
f 280 270 277
f 280 70 69
f 273 275 48
f 342 276 281
f 476 232 231
f 227 476 231
f 48 275 476
f 228 470 220
f 485 478 477
f 485 486 478
f 220 479 221
f 487 479 478
f 455 180 481
f 487 224 223
f 219 121 115
f 224 452 222
f 121 488 480
f 455 452 180
f 489 461 121
f 408 481 406
f 123 406 121
f 471 123 482
f 123 413 416
f 424 416 483
f 434 490 127
f 127 490 431
f 380 491 284
f 284 491 285
f 391 492 383
f 383 492 389
f 11 10 294
f 473 395 10
f 12 63 266
f 64 473 15
f 16 15 10
f 334 12 328
f 12 344 68
f 348 484 274
f 281 276 275
f 280 342 281
f 343 342 69
f 484 348 493
f 73 346 276
f 476 484 232
f 274 346 348
f 477 232 484
f 470 478 479
f 494 486 485
f 494 495 486
f 479 487 223
f 496 487 486
f 444 446 178
f 224 496 451
f 497 218 115
f 224 451 452
f 121 397 115
f 121 219 488
f 481 180 179
f 397 121 179
f 489 121 216
f 498 123 122
f 123 498 124
f 435 198 405
f 419 198 436
f 31 37 363
f 375 37 374
f 16 10 472
f 16 13 12
f 327 12 329
f 68 15 12
f 334 339 499
f 69 344 343
f 12 334 344
f 500 493 348
f 276 346 274
f 342 73 276
f 74 73 343
f 485 493 501
f 75 347 346
f 484 493 477
f 348 347 500
f 485 477 493
f 478 486 487
f 502 495 494
f 502 503 495
f 487 496 224
f 496 495 504
f 445 451 504
f 505 115 117
f 452 444 180
f 445 444 451
f 505 506 115
f 497 115 507
f 179 178 397
f 163 115 397
f 506 507 115
f 443 155 440
f 508 436 96
f 97 96 155
f 509 508 96
f 362 510 330
f 367 31 364
f 31 362 330
f 356 357 32
f 71 499 475
f 344 334 345
f 499 71 334
f 511 500 347
f 72 71 474
f 74 345 80
f 500 512 501
f 73 75 346
f 349 75 74
f 494 501 513
f 350 511 347
f 511 512 500
f 485 501 494
f 493 500 501
f 486 495 496
f 514 503 502
f 514 515 503
f 496 504 451
f 503 453 504
f 446 450 516
f 453 450 445
f 516 161 396
f 116 148 143
f 144 117 116
f 516 396 446
f 517 97 149
f 161 163 396
f 518 519 517
f 162 116 163
f 520 521 95
f 517 149 169
f 96 95 509
f 97 520 95
f 447 509 95
f 510 522 330
f 331 522 523
f 331 330 522
f 331 523 524
f 71 82 81
f 525 349 79
f 35 321 351
f 526 350 525
f 35 82 71
f 527 512 511
f 71 81 80
f 80 79 349
f 512 528 513
f 75 350 347
f 525 350 349
f 502 513 529
f 526 527 511
f 527 528 512
f 494 513 502
f 501 512 513
f 495 503 504
f 530 515 514
f 469 468 515
f 504 453 445
f 515 454 453
f 516 167 166
f 450 454 167
f 531 90 532
f 450 167 516
f 519 520 517
f 166 161 516
f 166 533 161
f 531 532 521
f 116 169 149
f 534 169 162
f 535 521 532
f 521 448 95
f 97 517 520
f 519 531 520
f 535 448 521
f 323 524 324
f 321 331 351
f 351 323 77
f 323 351 331
f 525 536 537
f 77 82 351
f 526 537 538
f 76 82 77
f 539 528 527
f 79 81 540
f 79 536 525
f 528 541 529
f 350 526 511
f 526 525 537
f 514 529 542
f 538 539 527
f 539 541 528
f 502 529 514
f 513 528 529
f 503 515 453
f 530 469 515
f 467 543 468
f 167 454 544
f 454 468 544
f 162 161 533
f 168 167 544
f 534 93 518
f 534 518 169
f 533 534 162
f 533 166 545
f 545 94 533
f 546 547 532
f 169 518 517
f 534 94 93
f 520 531 521
f 519 518 170
f 532 548 535
f 91 90 531
f 547 548 532
f 324 549 55
f 524 323 331
f 550 55 549
f 551 550 552
f 55 57 323
f 540 536 79
f 76 540 81
f 57 78 77
f 538 553 554
f 78 555 76
f 541 539 556
f 557 536 540
f 537 536 558
f 541 559 542
f 526 538 527
f 538 537 553
f 530 542 560
f 556 539 554
f 556 559 541
f 514 542 530
f 529 541 542
f 468 454 515
f 561 543 467
f 562 543 561
f 545 166 168
f 563 544 543
f 534 533 94
f 564 168 563
f 170 565 171
f 168 564 545
f 566 94 545
f 170 91 519
f 93 170 518
f 92 94 566
f 173 567 568
f 546 532 90
f 519 91 531
f 170 93 565
f 89 91 171
f 569 547 568
f 568 547 546
f 546 88 174
f 567 569 568
f 552 85 551
f 323 57 77
f 550 551 56
f 555 540 76
f 56 55 550
f 557 558 536
f 555 557 540
f 57 570 78
f 558 553 537
f 555 571 572
f 559 556 573
f 572 574 557
f 575 553 558
f 560 559 576
f 538 554 539
f 577 554 553
f 469 560 578
f 573 556 579
f 576 559 573
f 530 560 469
f 542 559 560
f 468 543 544
f 175 562 561
f 566 545 564
f 544 563 168
f 175 580 562
f 92 565 93
f 564 563 580
f 581 171 582
f 564 583 566
f 584 566 583
f 88 546 90
f 89 88 90
f 584 92 566
f 565 92 585
f 174 173 568
f 546 174 568
f 582 565 585
f 565 582 171
f 567 586 587
f 567 173 586
f 581 86 89
f 87 172 174
f 588 587 586
f 589 586 590
f 591 84 83
f 551 85 84
f 571 78 570
f 570 57 56
f 592 593 83
f 572 557 555
f 571 555 78
f 574 558 557
f 594 595 56
f 596 570 595
f 575 577 553
f 574 575 558
f 571 597 572
f 577 579 554
f 574 598 599
f 575 600 577
f 578 576 601
f 554 579 556
f 577 602 579
f 578 560 576
f 573 603 604
f 604 601 576
f 467 578 605
f 578 467 469
f 563 543 562
f 563 562 580
f 584 585 92
f 580 583 564
f 580 175 583
f 171 581 89
f 583 175 584
f 175 585 584
f 88 87 174
f 86 88 89
f 585 175 582
f 172 590 173
f 582 175 581
f 175 86 581
f 589 177 586
f 173 590 586
f 86 175 87
f 175 172 87
f 606 588 177
f 177 588 586
f 172 175 590
f 175 589 590
f 607 606 176
f 176 606 177
f 589 175 177
f 608 609 610
f 607 611 606
f 607 176 175
f 607 609 611
f 175 609 607
f 609 175 610
f 608 610 592
f 611 609 608
f 610 593 592
f 175 593 610
f 84 594 551
f 175 591 593
f 83 593 591
f 570 56 595
f 56 551 594
f 591 175 84
f 571 570 596
f 84 175 594
f 175 595 594
f 598 572 597
f 597 571 596
f 595 175 596
f 175 597 596
f 599 575 574
f 598 574 572
f 597 175 598
f 175 599 598
f 600 602 577
f 599 600 575
f 599 175 600
f 602 603 579
f 600 175 602
f 175 603 602
f 573 604 576
f 579 603 573
f 603 175 604
f 605 578 601
f 604 175 601
f 175 605 601
f 175 561 605
f 605 561 467
f 612 613 614
f 615 616 617
f 617 618 615
f 619 535 620
f 621 615 619
f 569 622 547
f 620 547 622
f 547 620 548
f 623 624 625
f 587 626 567
f 624 623 627
f 628 629 630
f 629 631 632
f 633 623 625
f 634 623 635
f 623 636 635
f 623 637 638
f 623 634 637
f 638 639 614
f 614 631 623
f 612 614 639
f 640 641 614
f 614 613 640
f 642 643 641
f 642 641 640
f 623 638 614
f 629 623 631
f 627 644 645
f 619 448 535
f 548 620 535
f 447 448 619
f 622 569 567
f 447 618 509
f 628 646 621
f 622 567 626
f 627 647 624
f 648 647 627
f 626 587 588
f 649 588 606
f 648 627 650
f 651 652 649
f 627 653 654
f 655 656 627
f 611 649 606
f 645 655 627
f 649 611 651
f 645 644 657
f 652 658 657
f 611 608 651
f 658 652 659
f 644 652 657
f 588 649 626
f 656 653 627
f 622 660 620
f 661 626 644
f 660 628 621
f 660 622 661
f 619 618 447
f 620 621 619
f 618 619 615
f 626 649 644
f 644 649 652
f 662 628 660
f 626 661 622
f 661 662 660
f 663 646 664
f 663 615 646
f 620 660 621
f 615 621 646
f 615 663 616
f 644 627 661
f 654 650 627
f 630 629 632
f 661 627 662
f 628 662 629
f 646 630 665
f 646 628 630
f 664 646 666
f 664 667 663
f 616 663 667
f 662 627 623
f 636 623 633
f 630 632 668
f 662 623 629
f 668 665 630
f 665 666 646
f 641 643 669
f 510 670 522
f 671 672 673
f 669 671 641
f 674 673 675
f 676 673 672
f 677 678 679
f 680 681 682
f 683 670 510
f 523 522 670
f 684 670 683
f 685 686 670
f 687 688 689
f 690 691 550
f 692 693 694
f 651 608 592
f 85 552 691
f 592 83 695
f 691 695 85
f 695 83 85
f 695 691 696
f 550 691 552
f 696 697 652
f 697 696 698
f 697 699 652
f 699 659 652
f 549 690 550
f 696 678 698
f 693 692 686
f 324 524 700
f 687 701 702
f 702 685 687
f 690 549 324
f 524 523 700
f 510 362 683
f 696 703 678
f 704 705 678
f 703 690 692
f 680 706 678
f 680 678 694
f 692 694 703
f 707 708 680
f 680 708 706
f 709 710 680
f 680 710 707
f 680 673 674
f 711 681 680
f 673 676 675
f 711 680 674
f 641 671 673
f 670 700 523
f 684 688 685
f 694 693 712
f 700 690 324
f 670 686 700
f 713 698 678
f 690 700 692
f 695 652 651
f 696 691 703
f 592 695 651
f 684 685 670
f 702 701 714
f 685 702 686
f 700 686 692
f 702 693 686
f 679 678 705
f 715 713 678
f 690 703 691
f 703 694 678
f 652 695 696
f 688 687 685
f 689 701 687
f 714 716 702
f 693 702 717
f 712 717 718
f 693 717 712
f 678 706 704
f 712 680 694
f 715 678 677
f 716 717 702
f 716 719 717
f 717 719 718
f 718 720 712
f 682 709 680
f 712 720 680
f 720 673 680
f 632 721 668
f 668 721 665
f 632 631 722
f 722 721 632
f 723 631 614
f 631 723 722
f 614 724 723
f 725 724 614
f 641 725 614
f 666 665 726
f 721 726 665
f 727 664 666
f 666 726 727
f 664 728 667
f 728 664 727
f 616 667 729
f 728 729 667
f 616 729 730
f 716 714 731
f 716 732 719
f 731 714 733
f 716 731 732
f 734 733 701
f 714 701 733
f 689 735 734
f 734 701 689
f 688 735 689
f 718 719 736
f 732 736 719
f 737 720 718
f 718 736 737
f 738 739 720
f 738 720 737
f 641 673 739
f 739 673 720
f 641 739 725
f 740 741 742
f 740 742 743
f 372 371 741
f 372 741 740
f 742 735 743
f 743 735 688
f 309 744 301
f 745 296 301
f 746 747 288
f 745 301 744
f 253 748 309
f 744 309 748
f 749 748 253
f 750 295 296
f 296 745 750
f 295 746 288
f 746 295 750
f 747 286 288
f 747 741 286
f 286 741 371
f 751 752 753
f 754 752 751
f 753 755 751
f 755 753 756
f 757 755 756
f 757 756 758
f 758 759 757
f 758 760 759
f 184 761 760
f 759 760 761
f 762 761 184
f 763 754 764
f 763 752 754
f 765 764 766
f 754 766 764
f 767 768 765
f 765 766 767
f 768 769 770
f 769 768 767
f 253 770 771
f 769 771 770
f 253 771 749
f 772 410 773
f 410 772 774
f 775 773 420
f 410 420 773
f 202 776 775
f 775 420 202
f 126 776 202
f 777 210 774
f 410 774 210
f 206 777 138
f 206 210 777
f 184 138 778
f 777 778 138
f 184 778 762
f 779 776 128
f 780 781 782
f 780 782 779
f 781 616 730
f 781 730 782
f 782 776 779
f 128 776 126
f 746 750 747
f 775 772 773
f 776 774 775
f 772 775 774
f 778 777 776
f 776 777 774
f 761 762 776
f 776 762 778
f 776 759 761
f 759 782 757
f 782 759 776
f 755 782 751
f 755 757 782
f 742 767 766
f 742 754 751
f 742 741 769
f 748 741 744
f 771 741 749
f 747 750 745
f 741 747 745
f 749 741 748
f 745 744 741
f 742 769 767
f 769 741 771
f 782 742 751
f 742 766 754
f 735 742 782
f 735 782 730
f 735 730 734
f 733 729 728
f 736 726 721
f 732 731 727
f 723 725 739
f 722 738 737
f 739 738 723
f 725 723 724
f 737 721 722
f 738 722 723
f 732 726 736
f 736 721 737
f 728 727 731
f 727 726 732
f 729 733 734
f 728 731 733
f 734 730 729
f 509 618 508
f 128 419 779
f 419 436 783
f 784 436 508
f 780 783 785
f 784 618 617
f 781 780 785
f 785 616 781
f 436 784 783
f 508 618 784
f 785 783 784
f 783 779 419
f 780 779 783
f 784 617 785
f 616 785 617
f 756 753 235
f 242 758 756
f 756 235 242
f 758 242 181
f 235 753 131
f 181 760 758
f 752 131 753
f 184 760 181
f 29 131 752
f 27 29 763
f 763 29 752
f 25 27 764
f 763 764 27
f 25 765 257
f 765 25 764
f 768 21 257
f 257 765 768
f 253 21 770
f 768 770 21
f 362 363 786
f 786 363 45
f 372 740 45
f 786 743 684
f 684 743 688
f 743 786 740
f 45 740 786
f 362 786 683
f 786 684 683
f 787 788 789
f 790 791 792
f 793 794 795
f 788 796 797
f 797 789 788
f 798 799 796
f 797 796 799
f 800 801 798
f 798 801 799
f 802 803 804
f 805 806 804
f 807 808 809
f 807 810 811
f 812 813 814
f 815 816 817
f 818 819 820
f 818 793 795
f 815 812 816
f 812 815 813
f 817 809 808
f 816 809 817
f 795 794 821
f 795 819 818
f 811 810 803
f 807 811 808
f 821 794 822
f 802 804 806
f 811 803 802
f 823 824 822
f 825 826 827
f 798 806 800
f 806 805 800
f 828 787 829
f 787 828 788
f 829 830 831
f 831 828 829
f 832 831 833
f 830 833 831
f 832 834 835
f 834 832 833
f 835 834 836
f 837 838 836
f 835 836 838
f 839 837 840
f 837 839 838
f 841 791 839
f 839 840 841
f 841 792 791
f 842 843 844
f 790 845 846
f 821 822 824
f 847 824 823
f 827 847 825
f 847 827 824
f 826 825 848
f 849 850 848
f 826 848 850
f 850 849 813
f 813 849 814
f 820 819 851
f 852 853 851
f 851 853 820
f 852 854 855
f 854 852 851
f 856 857 855
f 855 854 856
f 858 859 856
f 857 856 859
f 860 861 862
f 863 858 862
f 858 863 859
f 861 863 862
f 860 864 865
f 864 860 862
f 842 844 865
f 865 864 842
f 844 843 866
f 845 866 846
f 843 846 866
f 790 792 845
f 867 868 869
f 870 871 872
f 871 873 872
f 874 875 870
f 870 872 874
f 875 876 877
f 876 875 874
f 878 879 880
f 876 881 877
f 882 883 884
f 885 886 887
f 888 889 890
f 891 892 893
f 894 895 889
f 896 894 889
f 892 888 890
f 890 889 895
f 892 891 888
f 886 885 893
f 893 885 891
f 882 884 887
f 886 882 887
f 883 868 867
f 884 883 867
f 869 879 878
f 869 868 879
f 877 881 880
f 881 878 880
f 897 898 899
f 900 901 898
f 898 901 899
f 900 902 903
f 902 900 898
f 904 902 905
f 904 903 902
f 906 907 905
f 905 902 906
f 906 908 909
f 909 910 906
f 908 911 912
f 909 908 912
f 913 911 914
f 908 914 911
f 915 916 914
f 913 914 916
f 915 917 918
f 917 915 914
f 919 920 921
f 919 918 917
f 922 923 924
f 921 920 922
f 925 926 927
f 928 929 923
f 930 931 932
f 933 934 935
f 936 937 938
f 939 940 941
f 942 943 944
f 945 946 947
f 948 949 950
f 951 952 942
f 953 954 955
f 948 956 957
f 958 953 959
f 960 961 962
f 958 963 964
f 964 965 966
f 965 964 963
f 967 963 958
f 962 966 965
f 959 967 958
f 959 953 968
f 961 966 962
f 960 956 961
f 953 955 968
f 969 957 956
f 969 956 960
f 970 971 954
f 971 955 954
f 952 970 954
f 957 949 948
f 972 950 949
f 970 952 951
f 952 943 942
f 973 950 972
f 974 945 973
f 972 974 973
f 947 946 937
f 947 973 945
f 938 975 936
f 947 937 936
f 936 939 941
f 939 936 975
f 976 977 941
f 976 941 940
f 977 978 979
f 976 978 977
f 931 930 977
f 977 979 931
f 930 980 981
f 930 932 980
f 930 981 934
f 934 981 935
f 982 983 934
f 934 933 982
f 983 984 985
f 982 984 983
f 986 925 983
f 983 985 986
f 925 987 926
f 986 987 925
f 925 927 988
f 989 990 988
f 925 988 990
f 991 992 990
f 991 990 989
f 993 994 992
f 990 992 994
f 994 995 928
f 995 994 993
f 929 928 996
f 928 995 996
f 929 997 923
f 921 922 924
f 924 923 997
f 920 919 917
f 910 907 906
f 998 999 897
f 898 897 999
f 1000 1001 999
f 1000 999 998
f 1002 1003 1001
f 999 1001 1003
f 1004 1005 1003
f 1004 1003 1002
f 1003 1005 943
f 1005 944 943
f 1006 1007 1008
f 1009 1010 1011
f 1010 1012 1011
f 1013 1014 1009
f 1009 1011 1013
f 1014 1015 1016
f 1015 1014 1013
f 1017 1018 1019
f 1015 1020 1016
f 1021 1022 1023
f 1024 1025 1026
f 1027 1028 1029
f 1030 1031 1032
f 1033 1034 1028
f 1035 1033 1028
f 1031 1027 1029
f 1029 1028 1034
f 1031 1030 1027
f 1025 1024 1032
f 1032 1024 1030
f 1021 1023 1026
f 1025 1021 1026
f 1022 1007 1006
f 1023 1022 1006
f 1008 1018 1017
f 1008 1007 1018
f 1016 1020 1019
f 1020 1017 1019
f 1036 1037 1038
f 1039 1038 1040
f 1041 1042 1043
f 1044 1038 1045
f 1038 1044 1036
f 1046 1044 1045
f 1037 1040 1038
f 1047 1042 1041
f 1048 1049 1050
f 1051 1052 1053
f 1054 1055 1056
f 1057 1058 1059
f 1060 1061 1062
f 1063 1064 1065
f 1066 1067 1068
f 1069 1070 1071
f 1072 1073 1074
f 1075 1076 1077
f 1078 1079 1070
f 1080 1081 1082
f 1083 1084 1081
f 1080 1085 1086
f 1087 1080 1088
f 1089 1090 1086
f 1086 1091 1092
f 1093 1090 1094
f 1090 1089 1094
f 1095 1096 1097
f 1093 1095 1090
f 1097 1098 1099
f 1099 1095 1097
f 1100 1101 1102
f 1102 1098 1103
f 1104 1105 1106
f 1107 1101 1108
f 1109 1110 1111
f 1100 1102 1103
f 1045 1109 1046
f 1109 1045 1110
f 1086 1092 1089
f 1077 1076 1079
f 1110 1112 1113
f 1113 1111 1110
f 1112 1104 1114
f 1113 1112 1114
f 1112 1105 1104
f 1107 1108 1106
f 1105 1107 1106
f 1101 1100 1108
f 1098 1102 1099
f 1093 1096 1095
f 1085 1091 1086
f 1082 1088 1080
f 1087 1085 1080
f 1076 1083 1081
f 1081 1084 1082
f 1075 1083 1076
f 1070 1115 1078
f 1070 1079 1076
f 1071 1116 1069
f 1070 1069 1115
f 1073 1071 1074
f 1071 1073 1116
f 1117 1074 1063
f 1072 1074 1117
f 1118 1063 1065
f 1118 1117 1063
f 1119 1064 1066
f 1064 1119 1065
f 1068 1067 1120
f 1066 1064 1067
f 1058 1121 1120
f 1068 1120 1121
f 1059 1122 1057
f 1058 1057 1121
f 1123 1059 1061
f 1059 1123 1122
f 1124 1060 1062
f 1060 1123 1061
f 1051 1053 1124
f 1124 1062 1051
f 1125 1126 1052
f 1125 1052 1051
f 1054 1056 1125
f 1126 1125 1056
f 1127 1128 1054
f 1128 1055 1054
f 1047 1129 1127
f 1127 1129 1128
f 1043 1042 1130
f 1042 1047 1127
f 1131 1130 1132
f 1042 1132 1130
f 1133 1132 1048
f 1132 1133 1131
f 1133 1048 1050
f 1134 1049 1048
f 1135 1134 1039
f 1048 1039 1134
f 1040 1135 1039
f 1136 1137 1138
f 1139 1140 1141
f 1140 1142 1141
f 1143 1144 1139
f 1139 1141 1143
f 1144 1145 1146
f 1145 1144 1143
f 1147 1148 1149
f 1145 1150 1146
f 1151 1152 1153
f 1154 1155 1156
f 1157 1158 1159
f 1160 1161 1162
f 1163 1164 1158
f 1165 1163 1158
f 1161 1157 1159
f 1159 1158 1164
f 1161 1160 1157
f 1155 1154 1162
f 1162 1154 1160
f 1151 1153 1156
f 1155 1151 1156
f 1152 1137 1136
f 1153 1152 1136
f 1138 1148 1147
f 1138 1137 1148
f 1146 1150 1149
f 1150 1147 1149
f 1166 1167 1168
f 1169 1170 1171
f 1172 1173 1174
f 1175 1176 1166
f 1166 1176 1167
f 1175 1177 1178
f 1177 1175 1166
f 1179 1180 1181
f 1171 1170 1168
f 1168 1167 1171
f 1182 1183 1184
f 1170 1185 1186
f 1187 1188 1189
f 1179 1190 1180
f 1191 1192 1193
f 1194 1195 1196
f 1197 1198 1199
f 1200 1201 1202
f 1203 1204 1205
f 1206 1207 1208
f 1209 1210 1211
f 1212 1213 1214
f 1215 1216 1217
f 1218 1219 1220
f 1220 1212 1221
f 1222 1223 1219
f 1220 1219 1223
f 1224 1225 1223
f 1224 1223 1222
f 1226 1227 1225
f 1223 1225 1227
f 1227 1228 1229
f 1228 1227 1226
f 1230 1229 1231
f 1229 1228 1231
f 1229 1232 1233
f 1232 1229 1230
f 1234 1233 1235
f 1233 1232 1235
f 1177 1234 1178
f 1234 1177 1233
f 1221 1218 1220
f 1215 1213 1212
f 1214 1221 1212
f 1208 1217 1216
f 1215 1212 1216
f 1209 1207 1206
f 1208 1216 1206
f 1211 1210 1202
f 1209 1206 1210
f 1202 1201 1236
f 1211 1202 1236
f 1205 1237 1200
f 1237 1201 1200
f 1203 1238 1204
f 1205 1204 1237
f 1238 1198 1197
f 1198 1238 1203
f 1239 1199 1193
f 1199 1239 1197
f 1192 1191 1240
f 1193 1199 1191
f 1240 1196 1241
f 1192 1240 1241
f 1195 1194 1242
f 1240 1194 1196
f 1188 1242 1189
f 1194 1189 1242
f 1180 1190 1189
f 1190 1187 1189
f 1243 1181 1180
f 1243 1244 1245
f 1181 1243 1245
f 1246 1247 1243
f 1244 1243 1247
f 1246 1248 1247
f 1249 1184 1250
f 1246 1251 1252
f 1252 1248 1246
f 1251 1253 1254
f 1252 1251 1254
f 1255 1256 1251
f 1253 1251 1256
f 1257 1258 1255
f 1255 1258 1256
f 1259 1255 1260
f 1255 1259 1257
f 1261 1260 1262
f 1261 1259 1260
f 1173 1263 1262
f 1262 1260 1173
f 1263 1173 1172
f 1174 1250 1264
f 1172 1174 1264
f 1174 1249 1250
f 1182 1186 1183
f 1249 1182 1184
f 1170 1169 1185
f 1186 1185 1183
f 1265 1266 1267
f 1268 1269 1270
f 1269 1271 1270
f 1272 1273 1268
f 1268 1270 1272
f 1273 1274 1275
f 1274 1273 1272
f 1276 1277 1278
f 1274 1279 1275
f 1280 1281 1282
f 1283 1284 1285
f 1286 1287 1288
f 1289 1290 1291
f 1292 1293 1287
f 1294 1292 1287
f 1290 1286 1288
f 1288 1287 1293
f 1290 1289 1286
f 1284 1283 1291
f 1291 1283 1289
f 1280 1282 1285
f 1284 1280 1285
f 1281 1266 1265
f 1282 1281 1265
f 1267 1277 1276
f 1267 1266 1277
f 1275 1279 1278
f 1279 1276 1278
f 1295 1296 1297
f 1298 1296 1295
f 1295 1297 1299
f 1299 1297 1300
f 1301 1298 1295
f 1302 1299 1300
f 1298 1301 1303
f 1304 1299 1302
f 1301 1305 1303
f 1304 1302 1306
f 1307 1305 1301
f 1306 1308 1304
f 1301 1309 1307
f 1310 1309 1311
f 1310 1307 1309
f 1309 1312 1311
f 1313 1304 1308
f 1312 1309 1314
f 1308 1315 1313
f 1314 1316 1312
f 1317 1313 1315
f 1318 1316 1314
f 1319 1313 1317
f 1318 1314 1320
f 1319 1317 1321
f 1322 1320 1314
f 1321 1323 1319
f 1320 1322 1324
f 1323 1325 1319
f 1322 1326 1324
f 1327 1325 1323
f 1328 1329 1330
f 1330 1322 1328
f 1328 1331 1332
f 1329 1328 1332
f 1333 1331 1334
f 1328 1334 1331
f 1335 1336 1334
f 1334 1336 1333
f 1337 1338 1339
f 1339 1338 1335
f 1340 1339 1341
f 1339 1340 1337
f 1342 1341 1343
f 1344 1340 1341
f 1345 1343 1346
f 1347 1342 1343
f 1348 1349 1350
f 1351 1352 1346
f 1353 1354 1355
f 1348 1350 1356
f 1357 1355 1358
f 1357 1353 1355
f 1359 1360 1358
f 1358 1355 1359
f 1359 1361 1362
f 1360 1359 1362
f 1363 1361 1364
f 1359 1364 1361
f 1365 1366 1364
f 1364 1367 1363
f 1368 1369 1370
f 1371 1372 1365
f 1370 1373 1374
f 1369 1371 1370
f 1375 1373 1370
f 1376 1377 1371
f 1370 1374 1368
f 1378 1373 1375
f 1372 1371 1377
f 1376 1371 1369
f 1379 1380 1365
f 1372 1379 1365
f 1366 1367 1364
f 1380 1366 1365
f 1354 1381 1382
f 1353 1381 1354
f 1356 1350 1354
f 1354 1382 1356
f 1351 1350 1349
f 1352 1345 1346
f 1349 1352 1351
f 1341 1342 1344
f 1343 1345 1347
f 1330 1326 1322
f 1335 1334 1339
f 1327 1383 1384
f 1325 1327 1384
f 1385 1386 1383
f 1384 1383 1386
f 1387 1385 1388
f 1385 1387 1386
f 1388 1389 1390
f 1390 1387 1388
f 1391 1390 1392
f 1389 1392 1390
f 1391 1393 1394
f 1393 1391 1392
f 1395 1394 1396
f 1394 1393 1396
f 1397 1395 1398
f 1395 1397 1394
f 1399 1400 1397
f 1397 1398 1399
f 1400 1401 1402
f 1399 1401 1400
f 1403 1375 1400
f 1400 1402 1403
f 1403 1378 1375
f 1404 1405 1406
f 1407 1408 1409
f 1408 1410 1409
f 1411 1412 1407
f 1407 1409 1411
f 1412 1413 1414
f 1413 1412 1411
f 1415 1416 1417
f 1413 1418 1414
f 1419 1420 1421
f 1422 1423 1424
f 1425 1426 1427
f 1428 1429 1430
f 1431 1432 1426
f 1433 1431 1426
f 1429 1425 1427
f 1427 1426 1432
f 1429 1428 1425
f 1423 1422 1430
f 1430 1422 1428
f 1419 1421 1424
f 1423 1419 1424
f 1420 1405 1404
f 1421 1420 1404
f 1406 1416 1415
f 1406 1405 1416
f 1414 1418 1417
f 1418 1415 1417
f 1212 1280 1284
f 1284 1291 1216
f 1216 1212 1284
f 1291 1210 1206
f 1216 1291 1206
f 1202 1210 1290
f 1291 1290 1210
f 1202 1288 1200
f 1288 1202 1290
f 1293 1205 1200
f 1200 1288 1293
f 1203 1205 1292
f 1293 1292 1205
f 1203 1294 1198
f 1294 1203 1292
f 1287 1199 1198
f 1198 1294 1287
f 1191 1199 1286
f 1287 1286 1199
f 1240 1286 1289
f 1286 1240 1191
f 1289 1283 1194
f 1194 1240 1289
f 1285 1189 1283
f 1194 1283 1189
f 1180 1285 1282
f 1285 1180 1189
f 1282 1265 1243
f 1243 1180 1282
f 1267 1246 1265
f 1243 1265 1246
f 1251 1267 1276
f 1267 1251 1246
f 1255 1251 1276
f 1281 1280 1220
f 1212 1220 1280
f 1281 1223 1266
f 1223 1281 1220
f 1227 1277 1266
f 1266 1223 1227
f 1278 1277 1229
f 1227 1229 1277
f 1278 1233 1275
f 1233 1278 1229
f 1166 1275 1177
f 1275 1233 1177
f 1273 1166 1168
f 1166 1273 1275
f 1168 1170 1268
f 1268 1273 1168
f 1186 1269 1170
f 1268 1170 1269
f 1271 1186 1182
f 1186 1271 1269
f 1182 1249 1270
f 1270 1271 1182
f 1174 1272 1249
f 1270 1249 1272
f 1274 1174 1173
f 1174 1274 1272
f 1173 1260 1279
f 1279 1274 1173
f 1279 1260 1276
f 1260 1255 1276
f 1102 1151 1155
f 1155 1162 1099
f 1099 1102 1155
f 1162 1090 1095
f 1099 1162 1095
f 1086 1090 1161
f 1162 1161 1090
f 1086 1159 1080
f 1159 1086 1161
f 1164 1081 1080
f 1080 1159 1164
f 1076 1081 1163
f 1164 1163 1081
f 1076 1165 1070
f 1165 1076 1163
f 1158 1071 1070
f 1070 1165 1158
f 1074 1071 1157
f 1158 1157 1071
f 1063 1157 1160
f 1157 1063 1074
f 1160 1154 1064
f 1064 1063 1160
f 1156 1067 1154
f 1064 1154 1067
f 1120 1156 1153
f 1156 1120 1067
f 1153 1136 1058
f 1058 1120 1153
f 1138 1059 1136
f 1058 1136 1059
f 1061 1138 1147
f 1138 1061 1059
f 1062 1061 1147
f 1152 1151 1101
f 1102 1101 1151
f 1152 1107 1137
f 1107 1152 1101
f 1105 1148 1137
f 1137 1107 1105
f 1149 1148 1112
f 1105 1112 1148
f 1149 1110 1146
f 1110 1149 1112
f 1038 1146 1045
f 1146 1110 1045
f 1144 1038 1039
f 1038 1144 1146
f 1039 1048 1139
f 1139 1144 1039
f 1132 1140 1048
f 1139 1048 1140
f 1142 1132 1042
f 1132 1142 1140
f 1042 1127 1141
f 1141 1142 1042
f 1054 1143 1127
f 1141 1127 1143
f 1145 1054 1125
f 1054 1145 1143
f 1125 1051 1150
f 1150 1145 1125
f 1150 1051 1147
f 1051 1062 1147
f 908 1021 1025
f 1025 1032 914
f 914 908 1025
f 1032 920 917
f 914 1032 917
f 922 920 1031
f 1032 1031 920
f 922 1029 923
f 1029 922 1031
f 1034 928 923
f 923 1029 1034
f 994 928 1033
f 1034 1033 928
f 994 1035 990
f 1035 994 1033
f 1028 925 990
f 990 1035 1028
f 983 925 1027
f 1028 1027 925
f 934 1027 1030
f 1027 934 983
f 1030 1024 930
f 930 934 1030
f 1026 977 1024
f 930 1024 977
f 941 1026 1023
f 1026 941 977
f 1023 1006 936
f 936 941 1023
f 1008 947 1006
f 936 1006 947
f 973 1008 1017
f 1008 973 947
f 950 973 1017
f 1022 1021 906
f 908 906 1021
f 1022 902 1007
f 902 1022 906
f 898 1018 1007
f 1007 902 898
f 1019 1018 999
f 898 999 1018
f 1019 1003 1016
f 1003 1019 999
f 952 1016 943
f 1016 1003 943
f 1014 952 954
f 952 1014 1016
f 954 953 1009
f 1009 1014 954
f 958 1010 953
f 1009 953 1010
f 1012 958 964
f 958 1012 1010
f 964 966 1011
f 1011 1012 964
f 961 1013 966
f 1011 966 1013
f 1015 961 956
f 961 1015 1013
f 956 948 1020
f 1020 1015 956
f 1020 948 1017
f 948 950 1017
f 795 882 886
f 886 893 819
f 819 795 886
f 893 854 851
f 819 893 851
f 856 854 892
f 893 892 854
f 856 890 858
f 890 856 892
f 895 862 858
f 858 890 895
f 864 862 894
f 895 894 862
f 864 896 842
f 896 864 894
f 889 843 842
f 842 896 889
f 846 843 888
f 889 888 843
f 790 888 891
f 888 790 846
f 891 885 791
f 791 790 891
f 887 839 885
f 791 885 839
f 838 887 884
f 887 838 839
f 884 867 835
f 835 838 884
f 869 832 867
f 835 867 832
f 831 869 878
f 869 831 832
f 828 831 878
f 883 882 821
f 795 821 882
f 883 824 868
f 824 883 821
f 827 879 868
f 868 824 827
f 880 879 826
f 827 826 879
f 880 850 877
f 850 880 826
f 815 877 813
f 877 850 813
f 875 815 817
f 815 875 877
f 817 808 870
f 870 875 817
f 811 871 808
f 870 808 871
f 873 811 802
f 811 873 871
f 802 806 872
f 872 873 802
f 798 874 806
f 872 806 874
f 876 798 796
f 798 876 874
f 796 788 881
f 881 876 796
f 881 788 878
f 788 828 878
f 1387 1419 1423
f 1423 1430 1386
f 1386 1387 1423
f 1430 1325 1384
f 1386 1430 1384
f 1319 1325 1429
f 1430 1429 1325
f 1319 1427 1313
f 1427 1319 1429
f 1432 1304 1313
f 1313 1427 1432
f 1299 1304 1431
f 1432 1431 1304
f 1299 1433 1295
f 1433 1299 1431
f 1426 1301 1295
f 1295 1433 1426
f 1309 1301 1425
f 1426 1425 1301
f 1314 1425 1428
f 1425 1314 1309
f 1428 1422 1322
f 1322 1314 1428
f 1424 1328 1422
f 1322 1422 1328
f 1334 1424 1421
f 1424 1334 1328
f 1421 1404 1339
f 1339 1334 1421
f 1406 1341 1404
f 1339 1404 1341
f 1343 1406 1415
f 1406 1343 1341
f 1346 1343 1415
f 1420 1419 1390
f 1387 1390 1419
f 1420 1391 1405
f 1391 1420 1390
f 1394 1416 1405
f 1405 1391 1394
f 1417 1416 1397
f 1394 1397 1416
f 1417 1400 1414
f 1400 1417 1397
f 1370 1414 1375
f 1414 1400 1375
f 1412 1370 1371
f 1370 1412 1414
f 1371 1365 1407
f 1407 1412 1371
f 1364 1408 1365
f 1407 1365 1408
f 1410 1364 1359
f 1364 1410 1408
f 1359 1355 1409
f 1409 1410 1359
f 1354 1411 1355
f 1409 1355 1411
f 1413 1354 1350
f 1354 1413 1411
f 1350 1351 1418
f 1418 1413 1350
f 1418 1351 1415
f 1351 1346 1415
f 1362 492 391
f 1379 394 1380
f 388 1360 391
f 1362 391 1360
f 388 387 1358
f 1358 1360 388
f 1357 387 386
f 387 1357 1358
f 385 1353 386
f 1357 386 1353
f 1381 1353 385
f 1361 492 1362
f 389 1361 1363
f 1361 389 492
f 1367 390 1363
f 389 1363 390
f 1367 1366 392
f 392 390 1367
f 393 1366 1380
f 1366 393 392
f 393 1380 394
f 1376 11 1377
f 1372 293 292
f 16 1368 1374
f 9 1369 472
f 1378 1403 262
f 1373 14 13
f 1399 266 1401
f 63 62 1402
f 327 1396 328
f 267 1398 329
f 1389 338 333
f 1392 332 1393
f 1383 475 1385
f 499 339 1388
f 340 1323 1321
f 474 1327 72
f 1315 1308 34
f 1317 36 58
f 354 322 1300
f 353 352 1306
f 326 1298 355
f 1297 1296 325
f 1307 358 357
f 1305 356 1303
f 361 33 1312
f 359 1310 1311
f 367 1320 365
f 1316 1318 364
f 1330 368 369
f 1326 366 1324
f 38 373 1331
f 370 1329 1332
f 1333 39 38
f 38 1331 1333
f 39 1336 374
f 1336 39 1333
f 375 374 1335
f 1336 1335 374
f 1338 376 375
f 375 1335 1338
f 376 1337 377
f 1337 376 1338
f 378 377 1340
f 1337 1340 377
f 1344 43 378
f 378 1340 1344
f 43 1342 44
f 1342 43 1344
f 379 44 1347
f 1342 1347 44
f 1345 380 379
f 379 1347 1345
f 380 1352 491
f 1352 380 1345
f 285 491 1349
f 1352 1349 491
f 1348 381 285
f 285 1349 1348
f 381 1356 384
f 1356 381 1348
f 382 384 1382
f 1356 1382 384
f 1381 385 382
f 382 1382 1381
f 373 370 1332
f 373 1332 1331
f 1329 368 1330
f 370 368 1329
f 1326 369 366
f 1330 369 1326
f 1320 1324 365
f 1324 366 365
f 364 1318 367
f 1318 1320 367
f 361 1312 1316
f 361 1316 364
f 33 359 1311
f 33 1311 1312
f 360 358 1310
f 359 360 1310
f 1307 357 1305
f 1310 358 1307
f 1303 356 355
f 1305 357 356
f 1296 1298 326
f 1298 1303 355
f 354 1297 325
f 325 1296 326
f 322 1302 1300
f 354 1300 1297
f 1306 1302 353
f 322 353 1302
f 1308 352 34
f 1306 352 1308
f 1317 1315 36
f 1315 34 36
f 340 1321 58
f 1321 1317 58
f 72 1327 1323
f 72 1323 340
f 474 475 1383
f 474 1383 1327
f 1385 499 1388
f 475 499 1385
f 1388 338 1389
f 339 338 1388
f 1392 333 332
f 1389 333 1392
f 1396 1393 328
f 1393 332 328
f 329 1395 327
f 1395 1396 327
f 267 1399 1398
f 329 1398 1395
f 266 63 1401
f 267 266 1399
f 1402 62 1403
f 1401 63 1402
f 1378 262 14
f 1403 62 262
f 1374 1373 13
f 1373 1378 14
f 472 1368 16
f 16 1374 13
f 9 1376 1369
f 472 1369 1368
f 11 294 1377
f 9 11 1376
f 293 1372 294
f 1377 294 1372
f 1379 292 394
f 1372 292 1379
f 640 866 845
f 792 643 642
f 865 639 860
f 612 844 613
f 634 859 863
f 637 861 638
f 852 855 633
f 857 635 636
f 820 647 818
f 625 624 853
f 654 822 794
f 650 793 648
f 653 656 823
f 823 822 653
f 847 656 655
f 656 847 823
f 645 825 655
f 847 655 825
f 645 657 848
f 848 825 645
f 849 657 658
f 657 849 848
f 659 814 658
f 849 658 814
f 653 822 654
f 793 650 794
f 650 654 794
f 818 647 648
f 818 648 793
f 820 853 624
f 820 624 647
f 625 852 633
f 853 852 625
f 636 855 857
f 633 855 636
f 634 635 859
f 635 857 859
f 861 637 863
f 637 634 863
f 860 639 638
f 860 638 861
f 865 844 612
f 865 612 639
f 613 866 640
f 844 866 613
f 642 845 792
f 640 845 642
f 697 816 812
f 814 659 699
f 807 715 810
f 713 809 698
f 705 805 804
f 679 803 677
f 799 801 708
f 800 704 706
f 789 709 787
f 707 710 797
f 711 833 830
f 681 829 682
f 674 675 834
f 834 833 674
f 836 675 676
f 675 836 834
f 672 837 676
f 836 676 837
f 672 671 840
f 840 837 672
f 841 671 669
f 671 841 840
f 643 792 669
f 841 669 792
f 674 833 711
f 829 681 830
f 681 711 830
f 787 709 682
f 787 682 829
f 789 797 710
f 789 710 709
f 707 799 708
f 797 799 707
f 706 801 800
f 708 801 706
f 705 704 805
f 704 800 805
f 803 679 804
f 679 705 804
f 810 715 677
f 810 677 803
f 807 809 713
f 807 713 715
f 698 816 697
f 809 816 698
f 699 812 814
f 697 812 699
f 926 399 435
f 405 927 435
f 926 435 927
f 405 404 988
f 988 927 405
f 989 404 411
f 404 989 988
f 412 991 411
f 989 411 991
f 412 197 992
f 992 991 412
f 993 197 196
f 197 993 992
f 429 995 196
f 993 196 995
f 429 428 996
f 996 995 429
f 996 431 929
f 431 996 428
f 997 929 490
f 431 490 929
f 434 924 997
f 997 490 434
f 924 433 921
f 433 924 434
f 919 921 432
f 433 432 921
f 423 918 919
f 919 432 423
f 918 422 915
f 422 918 423
f 916 915 430
f 422 430 915
f 427 913 916
f 916 430 427
f 913 426 911
f 426 913 427
f 912 911 425
f 426 425 911
f 424 909 912
f 912 425 424
f 909 483 910
f 483 909 424
f 907 910 418
f 483 418 910
f 417 905 907
f 907 418 417
f 905 413 904
f 413 905 417
f 903 904 414
f 413 414 904
f 415 900 903
f 903 414 415
f 900 471 901
f 471 900 415
f 899 901 482
f 471 482 901
f 402 897 899
f 899 482 402
f 897 403 998
f 403 897 402
f 1000 998 401
f 403 401 998
f 125 1001 1000
f 1000 401 125
f 1001 124 1002
f 124 1001 125
f 1002 498 122
f 124 498 1002
f 462 1004 122
f 1002 122 1004
f 462 460 1005
f 1005 1004 462
f 944 460 461
f 460 944 1005
f 489 942 461
f 944 461 942
f 489 216 951
f 951 942 489
f 987 399 926
f 398 987 986
f 987 398 399
f 985 400 986
f 398 986 400
f 985 984 437
f 437 400 985
f 151 984 982
f 984 151 437
f 933 152 982
f 151 982 152
f 933 935 438
f 438 152 933
f 439 935 981
f 935 439 438
f 980 156 981
f 439 981 156
f 980 932 157
f 157 156 980
f 153 932 931
f 932 153 157
f 979 154 931
f 153 931 154
f 979 978 440
f 440 154 979
f 443 978 976
f 978 443 440
f 940 442 976
f 443 976 442
f 940 939 441
f 441 442 940
f 158 939 975
f 939 158 441
f 938 99 975
f 158 975 99
f 938 937 98
f 98 99 938
f 165 937 946
f 937 165 98
f 945 164 946
f 165 946 164
f 945 974 449
f 449 164 945
f 159 974 972
f 974 159 449
f 972 150 160
f 159 972 160
f 150 949 148
f 949 150 972
f 143 148 957
f 949 957 148
f 969 144 143
f 143 957 969
f 144 960 117
f 960 144 969
f 505 117 962
f 960 962 117
f 965 506 505
f 505 962 965
f 506 963 507
f 963 506 965
f 497 507 967
f 963 967 507
f 959 218 497
f 497 967 959
f 218 968 219
f 968 218 959
f 488 219 955
f 968 955 219
f 971 480 488
f 488 955 971
f 480 970 217
f 970 480 971
f 970 951 217
f 217 951 216
f 208 1116 209
f 211 209 1073
f 1116 1073 209
f 1072 212 211
f 211 1073 1072
f 212 1117 213
f 1117 212 1072
f 118 213 1118
f 1117 1118 213
f 1065 119 118
f 118 1118 1065
f 119 1119 459
f 1119 119 1065
f 1066 457 1119
f 459 1119 457
f 1066 1068 458
f 458 457 1066
f 456 1068 1121
f 1068 456 458
f 1057 226 1121
f 456 1121 226
f 1057 1122 136
f 136 226 1057
f 137 1122 1123
f 1122 137 136
f 1060 42 1123
f 137 1123 42
f 1060 1124 40
f 40 42 1060
f 229 1124 1053
f 1124 229 40
f 1052 130 1053
f 229 1053 130
f 1052 1126 132
f 132 130 1052
f 230 1126 1056
f 1126 230 132
f 1055 234 1056
f 230 1056 234
f 1055 1128 233
f 233 234 1055
f 236 1128 1129
f 1128 236 233
f 1047 239 1129
f 236 1129 239
f 1047 1041 237
f 237 239 1047
f 238 1041 1043
f 1041 238 237
f 1130 241 1043
f 238 1043 241
f 1130 1131 107
f 107 241 1130
f 108 1131 1133
f 1131 108 107
f 1050 243 1133
f 108 1133 243
f 1050 1049 244
f 244 243 1050
f 245 1049 1134
f 1049 245 244
f 1135 246 1134
f 245 1134 246
f 1135 1040 247
f 247 246 1135
f 1040 248 247
f 1069 1116 208
f 207 1115 1069
f 1069 208 207
f 1115 205 1078
f 205 1115 207
f 1079 1078 204
f 205 204 1078
f 464 1077 1079
f 1079 204 464
f 1077 203 1075
f 203 1077 464
f 1083 1075 103
f 203 103 1075
f 102 1084 1083
f 1083 103 102
f 1084 101 1082
f 101 1084 102
f 1088 1082 201
f 101 201 1082
f 200 1087 1088
f 1088 201 200
f 1087 199 1085
f 199 1087 200
f 1091 1085 112
f 199 112 1085
f 114 1092 1091
f 1091 112 114
f 1092 141 1089
f 141 1092 114
f 1094 1089 194
f 141 194 1089
f 142 1093 1094
f 1094 194 142
f 1093 140 1096
f 140 1093 142
f 1097 1096 139
f 140 139 1096
f 193 1098 1097
f 1097 139 193
f 1098 191 1103
f 191 1098 193
f 1100 1103 192
f 191 192 1103
f 183 1108 1100
f 1100 192 183
f 1108 182 1106
f 182 1108 183
f 1104 1106 190
f 182 190 1106
f 188 1114 1104
f 1104 190 188
f 1114 189 1113
f 189 1114 188
f 1113 187 186
f 189 187 1113
f 185 1111 186
f 1113 186 1111
f 185 133 1109
f 1109 1111 185
f 1046 133 135
f 133 1046 1109
f 249 1044 135
f 1046 135 1044
f 249 250 1036
f 1036 1044 249
f 1037 250 248
f 250 1037 1036
f 1037 248 1040
f 336 1239 1193
f 1192 337 1193
f 336 1193 337
f 335 337 1192
f 335 1241 66
f 1241 335 1192
f 67 66 1196
f 1241 1196 66
f 1195 60 67
f 67 1196 1195
f 60 1242 61
f 1242 60 1195
f 59 61 1188
f 1242 1188 61
f 1187 49 59
f 59 1188 1187
f 49 1190 50
f 1190 49 1187
f 283 50 1179
f 1190 1179 50
f 1181 297 283
f 283 1179 1181
f 298 1181 1245
f 1181 298 297
f 1244 299 1245
f 298 1245 299
f 1244 1247 466
f 466 299 1244
f 300 1247 1248
f 1247 300 466
f 1252 289 1248
f 300 1248 289
f 1252 1254 290
f 290 289 1252
f 302 1254 1253
f 1254 302 290
f 1256 303 1253
f 302 1253 303
f 1256 1258 304
f 304 303 1256
f 306 1258 1257
f 1258 306 304
f 1259 305 1257
f 306 1257 305
f 1259 1261 308
f 308 305 1259
f 307 1261 1262
f 1261 307 308
f 1263 313 1262
f 307 1262 313
f 1263 1172 312
f 312 313 1263
f 315 1172 1264
f 1172 315 312
f 1250 314 1264
f 315 1264 314
f 1250 1184 316
f 316 314 1250
f 310 1184 1183
f 1184 310 316
f 1185 311 1183
f 310 1183 311
f 1185 1169 317
f 317 311 1185
f 1169 319 317
f 336 341 1239
f 341 282 1197
f 1197 1239 341
f 1238 282 277
f 282 1238 1197
f 278 1204 277
f 1238 277 1204
f 278 269 1237
f 1237 1204 278
f 1201 269 271
f 269 1201 1237
f 1236 1201 272
f 271 272 1201
f 268 1211 1236
f 1236 272 268
f 1211 265 1209
f 265 1211 268
f 1207 1209 263
f 265 263 1209
f 261 1208 1207
f 1207 263 261
f 1208 260 1217
f 260 1208 261
f 1215 1217 259
f 260 259 1217
f 1 1213 1215
f 1215 259 1
f 1213 3 1214
f 3 1213 1
f 1221 1214 258
f 3 258 1214
f 256 1218 1221
f 1221 258 256
f 1218 255 1219
f 255 1218 256
f 1222 1219 8
f 255 8 1219
f 7 1224 1222
f 1222 8 7
f 1224 23 1225
f 23 1224 7
f 1226 1225 5
f 23 5 1225
f 4 1228 1226
f 1226 5 4
f 1228 254 1231
f 254 1228 4
f 1230 1231 463
f 254 463 1231
f 251 1232 1230
f 1230 463 251
f 1232 24 1235
f 24 1232 251
f 1234 1235 17
f 24 17 1235
f 19 1178 1234
f 1234 17 19
f 20 22 1178
f 20 1178 19
f 1175 22 320
f 22 1175 1178
f 252 1176 320
f 1175 320 1176
f 252 318 1167
f 1167 1176 252
f 1171 318 319
f 318 1171 1167
f 1171 319 1169
f 1434 1435 1436
f 1437 1438 1439
f 1440 1441 1442
f 1443 1444 1445
f 1446 1447 1448
f 1446 1449 1447
f 1450 1434 1451
f 1452 1451 1434
f 1453 1444 1454
f 1455 1456 1457
f 1458 1459 1460
f 1435 1461 1436
f 1460 1462 1463
f 1464 1459 1465
f 1466 1467 1468
f 1469 1470 1471
f 1470 1472 1463
f 1472 1470 1473
f 1467 1472 1473
f 1462 1450 1474
f 1475 1468 1476
f 1475 1466 1468
f 1477 1478 1475
f 1475 1476 1477
f 1478 1479 1480
f 1477 1479 1478
f 1478 1480 1481
f 1482 1483 1481
f 1480 1482 1481
f 1483 1484 1485
f 1482 1484 1483
f 1486 1487 1488
f 1486 1488 1485
f 1488 1483 1485
f 1488 1487 1489
f 1489 1487 1490
f 1446 1448 1451
f 1491 1464 1492
f 1469 1471 1493
f 1494 1495 1461
f 1494 1496 1497
f 1498 1491 1499
f 1500 1501 1498
f 1496 1502 1503
f 1504 1505 1502
f 1506 1507 1508
f 1501 1509 1508
f 1505 1504 1510
f 1502 1505 1503
f 1510 1511 1512
f 1513 1514 1507
f 1470 1463 1471
f 1515 1512 1511
f 1516 1514 1517
f 1515 1518 1519
f 1520 1516 1521
f 1522 1523 1524
f 1525 1526 1520
f 1524 1527 1519
f 1509 1528 1508
f 1529 1524 1523
f 1526 1530 1531
f 1529 1532 1533
f 1534 1535 1536
f 1535 1531 1537
f 1538 1539 1540
f 1541 1540 1542
f 1543 1544 1545
f 1546 1547 1548
f 1545 1539 1549
f 1550 1542 1533
f 1534 1551 1546
f 1552 1553 1548
f 1554 1555 1556
f 1557 1553 1558
f 1559 1560 1561
f 1562 1544 1560
f 1438 1563 1564
f 1563 1557 1565
f 1561 1566 1559
f 1560 1559 1562
f 1437 1567 1456
f 1568 1569 1570
f 1535 1537 1571
f 1570 1572 1573
f 1574 1445 1575
f 1576 1572 1577
f 1578 1579 1580
f 1581 1579 1582
f 1441 1440 1583
f 1584 1585 1586
f 1587 1586 1577
f 1588 1589 1586
f 1575 1455 1590
f 1565 1564 1563
f 1588 1445 1453
f 1591 1592 1442
f 1445 1574 1443
f 1441 1591 1442
f 1593 1594 1489
f 1594 1593 1583
f 1490 1593 1489
f 1594 1583 1440
f 1444 1443 1595
f 1588 1453 1589
f 1577 1586 1582
f 1440 1442 1595
f 1442 1444 1595
f 1454 1444 1592
f 1444 1442 1592
f 1589 1453 1596
f 1454 1596 1453
f 1444 1453 1445
f 1590 1574 1575
f 1586 1585 1582
f 1586 1589 1584
f 1575 1588 1587
f 1576 1577 1582
f 1579 1578 1582
f 1585 1581 1582
f 1445 1588 1575
f 1457 1590 1455
f 1576 1573 1572
f 1588 1586 1587
f 1597 1455 1587
f 1582 1578 1576
f 1577 1572 1597
f 1598 1576 1578
f 1575 1587 1455
f 1567 1457 1456
f 1599 1568 1573
f 1587 1577 1597
f 1600 1456 1597
f 1576 1598 1573
f 1572 1570 1600
f 1599 1573 1598
f 1455 1597 1456
f 1439 1567 1437
f 1601 1566 1568
f 1597 1572 1600
f 1600 1602 1437
f 1569 1602 1570
f 1599 1601 1568
f 1573 1568 1570
f 1456 1600 1437
f 1603 1439 1438
f 1566 1604 1559
f 1600 1570 1602
f 1602 1605 1438
f 1561 1605 1569
f 1601 1604 1566
f 1568 1566 1569
f 1437 1602 1438
f 1603 1438 1564
f 1569 1566 1561
f 1602 1569 1605
f 1606 1563 1605
f 1559 1604 1607
f 1561 1560 1606
f 1608 1559 1607
f 1438 1605 1563
f 1558 1565 1557
f 1562 1555 1544
f 1605 1561 1606
f 1609 1557 1606
f 1559 1608 1562
f 1560 1544 1609
f 1610 1562 1608
f 1563 1606 1557
f 1552 1558 1553
f 1555 1554 1545
f 1606 1560 1609
f 1553 1609 1543
f 1562 1610 1555
f 1544 1555 1545
f 1556 1555 1610
f 1557 1609 1553
f 1547 1552 1548
f 1554 1611 1539
f 1609 1544 1543
f 1548 1543 1549
f 1612 1554 1613
f 1545 1554 1539
f 1556 1613 1554
f 1553 1543 1548
f 1551 1547 1546
f 1543 1545 1549
f 1546 1549 1538
f 1611 1554 1612
f 1611 1540 1539
f 1614 1611 1612
f 1548 1549 1546
f 1536 1551 1534
f 1542 1540 1615
f 1549 1539 1538
f 1534 1538 1541
f 1614 1540 1611
f 1615 1540 1614
f 1546 1538 1534
f 1571 1536 1535
f 1542 1616 1617
f 1538 1540 1541
f 1541 1542 1550
f 1615 1616 1542
f 1535 1534 1541
f 1531 1530 1537
f 1533 1542 1617
f 1541 1550 1535
f 1533 1532 1550
f 1618 1533 1617
f 1535 1550 1531
f 1526 1525 1530
f 1529 1533 1618
f 1550 1532 1531
f 1532 1523 1526
f 1619 1529 1618
f 1531 1532 1526
f 1521 1525 1520
f 1529 1619 1524
f 1532 1529 1523
f 1523 1522 1520
f 1527 1524 1619
f 1526 1523 1520
f 1517 1521 1516
f 1620 1515 1519
f 1522 1524 1519
f 1516 1522 1518
f 1515 1620 1512
f 1621 1512 1620
f 1519 1527 1620
f 1520 1522 1516
f 1513 1517 1514
f 1522 1519 1518
f 1622 1514 1518
f 1622 1515 1511
f 1623 1512 1621
f 1516 1518 1514
f 1506 1513 1507
f 1624 1505 1510
f 1518 1515 1622
f 1507 1622 1625
f 1512 1623 1510
f 1625 1511 1504
f 1624 1510 1623
f 1514 1622 1507
f 1528 1506 1508
f 1511 1510 1504
f 1622 1511 1625
f 1626 1508 1625
f 1505 1624 1627
f 1504 1502 1626
f 1628 1505 1627
f 1508 1507 1625
f 1500 1509 1501
f 1503 1497 1496
f 1625 1504 1626
f 1629 1501 1626
f 1505 1628 1503
f 1502 1496 1629
f 1630 1503 1628
f 1508 1626 1501
f 1499 1500 1498
f 1631 1495 1497
f 1626 1502 1629
f 1632 1498 1629
f 1503 1630 1497
f 1496 1494 1632
f 1631 1497 1630
f 1501 1629 1498
f 1492 1499 1491
f 1633 1436 1495
f 1629 1496 1632
f 1634 1491 1632
f 1634 1494 1461
f 1631 1633 1495
f 1497 1495 1494
f 1498 1632 1491
f 1465 1492 1464
f 1635 1434 1436
f 1632 1494 1634
f 1634 1636 1464
f 1435 1636 1461
f 1633 1635 1436
f 1495 1436 1461
f 1491 1634 1464
f 1458 1465 1459
f 1434 1450 1435
f 1634 1461 1636
f 1637 1459 1636
f 1434 1635 1638
f 1450 1637 1435
f 1452 1434 1638
f 1464 1636 1459
f 1639 1458 1460
f 1448 1640 1641
f 1636 1435 1637
f 1637 1450 1462
f 1474 1451 1448
f 1450 1451 1474
f 1446 1451 1452
f 1459 1637 1460
f 1463 1642 1639
f 1474 1643 1471
f 1637 1462 1460
f 1474 1471 1462
f 1641 1644 1474
f 1641 1474 1448
f 1447 1640 1448
f 1639 1460 1463
f 1645 1642 1463
f 1643 1493 1471
f 1462 1471 1463
f 1643 1474 1644
f 1463 1472 1645
f 1472 1466 1645
f 1466 1472 1467
f 1646 1466 1647
f 1648 1492 1649
f 1650 1603 1564
f 1500 1651 1509
f 1475 1652 1647
f 1652 1653 1647
f 1478 1481 1654
f 1652 1478 1654
f 1483 1655 1481
f 1654 1481 1655
f 1656 1657 1658
f 1483 1658 1655
f 1659 1654 1660
f 1657 1656 1661
f 1656 1658 1488
f 1488 1489 1656
f 1662 1645 1646
f 1646 1647 1663
f 1642 1645 1662
f 1662 1646 1664
f 1639 1662 1665
f 1662 1639 1642
f 1665 1666 1458
f 1458 1639 1665
f 1649 1465 1666
f 1458 1666 1465
f 1465 1649 1492
f 1666 1667 1668
f 1500 1669 1651
f 1499 1648 1669
f 1670 1671 1506
f 1651 1670 1509
f 1521 1672 1673
f 1517 1513 1674
f 1571 1537 1675
f 1676 1677 1673
f 1551 1536 1678
f 1536 1679 1678
f 1558 1680 1681
f 1680 1552 1682
f 1683 1603 1650
f 1650 1565 1681
f 1684 1685 1457
f 1439 1603 1683
f 1457 1685 1590
f 1590 1685 1686
f 1443 1574 1687
f 1687 1686 1688
f 1443 1689 1595
f 1689 1443 1687
f 1595 1689 1690
f 1691 1440 1690
f 1595 1690 1440
f 1691 1692 1693
f 1691 1594 1440
f 1656 1691 1693
f 1661 1656 1693
f 1489 1594 1656
f 1687 1574 1686
f 1551 1678 1694
f 1567 1684 1457
f 1567 1439 1695
f 1683 1695 1439
f 1695 1684 1567
f 1650 1696 1683
f 1565 1558 1681
f 1564 1565 1650
f 1682 1552 1547
f 1558 1552 1680
f 1551 1694 1547
f 1682 1547 1694
f 1674 1672 1517
f 1571 1675 1679
f 1679 1536 1571
f 1677 1697 1675
f 1679 1675 1698
f 1677 1525 1673
f 1675 1530 1677
f 1517 1672 1521
f 1699 1700 1674
f 1513 1506 1671
f 1513 1671 1674
f 1509 1670 1528
f 1528 1670 1506
f 1701 1669 1648
f 1651 1669 1702
f 1691 1690 1692
f 1656 1594 1691
f 1692 1690 1703
f 1690 1689 1703
f 1703 1689 1704
f 1704 1687 1688
f 1704 1689 1687
f 1688 1686 1705
f 1685 1706 1705
f 1590 1686 1574
f 1705 1686 1685
f 1684 1707 1706
f 1706 1685 1684
f 1695 1708 1707
f 1707 1684 1695
f 1709 1708 1695
f 1695 1683 1709
f 1696 1709 1683
f 1696 1650 1710
f 1650 1681 1710
f 1710 1681 1711
f 1711 1680 1712
f 1711 1681 1680
f 1712 1682 1713
f 1712 1680 1682
f 1694 1714 1713
f 1713 1682 1694
f 1678 1715 1714
f 1714 1694 1678
f 1679 1698 1715
f 1715 1678 1679
f 1698 1675 1716
f 1697 1716 1675
f 1530 1675 1537
f 1676 1697 1677
f 1525 1677 1530
f 1717 1676 1673
f 1521 1673 1525
f 1673 1672 1717
f 1700 1717 1672
f 1700 1672 1674
f 1699 1671 1718
f 1699 1674 1671
f 1718 1670 1719
f 1718 1671 1670
f 1719 1651 1702
f 1719 1670 1651
f 1702 1669 1720
f 1701 1720 1669
f 1499 1669 1500
f 1721 1701 1648
f 1492 1648 1499
f 1648 1649 1721
f 1668 1721 1649
f 1668 1649 1666
f 1667 1665 1722
f 1667 1666 1665
f 1722 1662 1664
f 1722 1665 1662
f 1664 1646 1723
f 1663 1723 1646
f 1466 1646 1645
f 1653 1663 1647
f 1475 1647 1466
f 1659 1653 1652
f 1478 1652 1475
f 1659 1652 1654
f 1660 1655 1724
f 1660 1654 1655
f 1724 1658 1657
f 1724 1655 1658
f 1483 1488 1658
f 1599 1598 1725
f 1726 1727 1604
f 1727 1728 1607
f 1608 1607 1728
f 1729 1730 1610
f 1610 1608 1729
f 1556 1730 1731
f 1730 1556 1610
f 1732 1727 1726
f 1731 1613 1556
f 1604 1601 1726
f 1601 1733 1726
f 1734 1598 1735
f 1733 1599 1725
f 1578 1736 1737
f 1738 1578 1739
f 1578 1580 1739
f 1737 1740 1578
f 1578 1738 1736
f 1578 1741 1735
f 1740 1741 1578
f 1742 1743 1725
f 1725 1734 1742
f 1578 1735 1598
f 1734 1725 1598
f 1725 1743 1744
f 1745 1746 1747
f 1745 1747 1748
f 1749 1750 1751
f 1599 1733 1601
f 1733 1747 1749
f 1752 1753 1751
f 1749 1751 1753
f 1754 1753 1755
f 1753 1752 1755
f 1744 1756 1725
f 1748 1725 1756
f 1747 1725 1748
f 1757 1726 1749
f 1726 1733 1749
f 1727 1732 1758
f 1728 1727 1758
f 1607 1604 1727
f 1728 1729 1608
f 1750 1747 1746
f 1725 1747 1733
f 1750 1749 1747
f 1757 1749 1753
f 1757 1732 1726
f 1759 1760 1761
f 1762 1763 1764
f 1765 1766 1767
f 1768 1767 1766
f 1769 1770 1771
f 1772 1768 1773
f 1771 1770 1763
f 1774 1775 1776
f 1777 1778 1779
f 1780 1781 1782
f 1781 1783 1782
f 1784 1785 1786
f 1782 1787 1780
f 1788 1789 1790
f 1791 1792 1793
f 1794 1795 1793
f 1791 1795 1788
f 1794 1796 1795
f 1797 1785 1798
f 1791 1793 1795
f 1799 1775 1800
f 1800 1798 1799
f 1775 1799 1776
f 1778 1801 1776
f 1778 1777 1801
f 1770 1769 1773
f 1802 1777 1779
f 1803 1804 1805
f 1805 1802 1779
f 1762 1771 1763
f 1764 1803 1762
f 1759 1761 1767
f 1772 1767 1768
f 1773 1769 1772
f 1760 1806 1807
f 1784 1793 1785
f 1793 1784 1794
f 1798 1785 1792
f 1786 1785 1797
f 1793 1792 1785
f 1800 1797 1798
f 1808 1809 1810
f 1790 1780 1811
f 1791 1790 1810
f 1798 1792 1809
f 1792 1810 1809
f 1799 1798 1812
f 1798 1809 1812
f 1774 1776 1801
f 1813 1799 1812
f 1799 1813 1776
f 1814 1776 1813
f 1776 1814 1778
f 1779 1778 1814
f 1804 1802 1805
f 1788 1790 1791
f 1789 1781 1780
f 1812 1809 1815
f 1791 1810 1792
f 1810 1811 1808
f 1813 1812 1816
f 1809 1808 1815
f 1814 1813 1817
f 1812 1815 1816
f 1779 1814 1818
f 1813 1816 1817
f 1805 1779 1819
f 1814 1817 1818
f 1805 1820 1803
f 1779 1818 1819
f 1804 1803 1764
f 1820 1805 1819
f 1803 1821 1762
f 1821 1803 1820
f 1762 1822 1771
f 1822 1762 1821
f 1771 1823 1769
f 1823 1771 1822
f 1769 1824 1772
f 1824 1769 1823
f 1772 1759 1767
f 1824 1759 1772
f 1765 1767 1761
f 1789 1780 1790
f 1790 1811 1810
f 1787 1825 1811
f 1780 1787 1811
f 1825 1826 1808
f 1811 1825 1808
f 1826 1827 1815
f 1808 1826 1815
f 1827 1828 1816
f 1815 1827 1816
f 1828 1829 1817
f 1816 1828 1817
f 1829 1830 1818
f 1817 1829 1818
f 1830 1831 1819
f 1818 1830 1819
f 1831 1832 1820
f 1819 1831 1820
f 1832 1833 1821
f 1820 1832 1821
f 1833 1834 1822
f 1821 1833 1822
f 1834 1835 1823
f 1822 1834 1823
f 1835 1806 1824
f 1823 1835 1824
f 1806 1760 1759
f 1824 1806 1759
f 1836 1837 1838
f 1839 1837 1836
f 1840 1633 1841
f 1635 1840 1842
f 1633 1840 1635
f 1837 1843 1844
f 1837 1845 1843
f 1638 1837 1452
f 1837 1638 1842
f 1635 1842 1638
f 1846 1452 1837
f 1837 1847 1846
f 1452 1848 1446
f 1848 1452 1846
f 1849 1449 1446
f 1446 1850 1851
f 1849 1446 1852
f 1853 1852 1446
f 1854 1850 1446
f 1853 1446 1851
f 1630 1855 1631
f 1854 1446 1848
f 1842 1840 1838
f 1856 1840 1841
f 1628 1857 1630
f 1627 1858 1859
f 1859 1628 1627
f 1860 1861 1862
f 1857 1628 1859
f 1627 1624 1858
f 1857 1855 1630
f 1863 1841 1855
f 1864 1865 1836
f 1864 1838 1862
f 1866 1867 1860
f 1860 1867 1861
f 1855 1841 1631
f 1856 1841 1863
f 1633 1631 1841
f 1856 1868 1840
f 1868 1860 1838
f 1837 1839 1845
f 1837 1842 1838
f 1847 1837 1844
f 1868 1838 1840
f 1838 1860 1862
f 1836 1869 1839
f 1864 1836 1838
f 1865 1869 1836
f 1870 1851 1850
f 1871 1872 1873
f 1874 1875 1876
f 1851 1877 1853
f 1876 1849 1852
f 1878 1877 1879
f 1880 1849 1876
f 1881 1876 1852
f 1882 1449 1849
f 1882 1849 1880
f 1854 1883 1850
f 1851 1870 1877
f 1884 1883 1854
f 1850 1883 1870
f 1885 1847 1886
f 1885 1846 1847
f 1839 1869 1887
f 1888 1889 1843
f 1862 1890 1864
f 1887 1869 1891
f 1892 1867 1866
f 1862 1893 1890
f 1894 1895 1896
f 1897 1898 1899
f 1900 1871 1901
f 1902 1903 1896
f 1903 1902 1904
f 1903 1904 1905
f 1898 1897 1906
f 1907 1873 1872
f 1873 1901 1871
f 1908 1909 1910
f 1911 1912 1913
f 1900 1914 1915
f 1913 1916 1911
f 1917 1918 1919
f 1920 1915 1921
f 1918 1916 1913
f 1917 1922 1918
f 1915 1923 1921
f 1913 1912 1915
f 1915 1912 1900
f 1872 1905 1907
f 1905 1904 1907
f 1924 1861 1867
f 1925 1902 1895
f 1861 1924 1893
f 1926 1898 1906
f 1926 1927 1895
f 1897 1899 1866
f 1928 1892 1899
f 1867 1892 1924
f 1892 1866 1899
f 1862 1861 1893
f 1929 1864 1890
f 1864 1929 1865
f 1891 1865 1929
f 1887 1930 1839
f 1865 1891 1869
f 1930 1845 1839
f 1930 1888 1845
f 1845 1888 1843
f 1843 1889 1844
f 1844 1889 1886
f 1847 1844 1886
f 1848 1931 1884
f 1931 1846 1885
f 1884 1854 1848
f 1846 1931 1848
f 1932 1933 1934
f 1881 1874 1876
f 1853 1877 1881
f 1874 1934 1935
f 1877 1878 1881
f 1932 1936 1937
f 1896 1938 1894
f 1902 1896 1895
f 1894 1926 1895
f 1927 1925 1895
f 1939 1898 1926
f 1906 1927 1926
f 1926 1894 1939
f 1940 1899 1898
f 1939 1940 1898
f 1892 1941 1924
f 1940 1928 1899
f 1893 1924 1942
f 1928 1941 1892
f 1890 1893 1943
f 1941 1942 1924
f 1929 1890 1944
f 1942 1943 1893
f 1891 1929 1945
f 1943 1944 1890
f 1887 1891 1946
f 1929 1944 1945
f 1930 1887 1947
f 1891 1945 1946
f 1888 1930 1948
f 1887 1946 1947
f 1889 1888 1949
f 1930 1947 1948
f 1886 1889 1950
f 1888 1948 1949
f 1885 1886 1951
f 1889 1949 1950
f 1931 1885 1952
f 1886 1950 1951
f 1953 1954 1955
f 1885 1951 1952
f 1954 1884 1931
f 1931 1952 1954
f 1953 1883 1884
f 1884 1954 1953
f 1956 1870 1883
f 1883 1953 1956
f 1879 1877 1870
f 1870 1956 1879
f 1933 1935 1934
f 1876 1875 1957
f 1853 1881 1852
f 1878 1874 1881
f 1880 1876 1957
f 1915 1914 1923
f 1913 1920 1919
f 1958 1871 1900
f 1914 1900 1901
f 1900 1912 1958
f 1909 1872 1871
f 1871 1958 1909
f 1908 1905 1872
f 1872 1909 1908
f 1959 1903 1905
f 1905 1908 1959
f 1960 1896 1903
f 1959 1960 1903
f 1894 1961 1939
f 1896 1960 1938
f 1961 1962 1963
f 1894 1938 1961
f 1940 1939 1963
f 1939 1961 1963
f 1928 1940 1964
f 1940 1963 1964
f 1941 1928 1965
f 1928 1964 1965
f 1942 1941 1966
f 1941 1965 1966
f 1943 1942 1967
f 1942 1966 1967
f 1944 1943 1968
f 1943 1967 1968
f 1969 1945 1944
f 1944 1968 1969
f 1970 1946 1945
f 1945 1969 1970
f 1971 1947 1946
f 1946 1970 1971
f 1972 1948 1947
f 1947 1971 1972
f 1973 1949 1948
f 1948 1972 1973
f 1974 1950 1949
f 1949 1973 1974
f 1975 1951 1950
f 1975 1950 1974
f 1976 1952 1951
f 1976 1951 1975
f 1977 1954 1952
f 1952 1976 1977
f 1953 1978 1956
f 1954 1977 1955
f 1956 1979 1879
f 1953 1955 1978
f 1879 1980 1878
f 1956 1978 1979
f 1878 1934 1874
f 1979 1980 1879
f 1874 1935 1981
f 1934 1878 1980
f 1875 1874 1981
f 1920 1913 1915
f 1918 1913 1919
f 1911 1982 1912
f 1982 1983 1958
f 1982 1958 1912
f 1909 1983 1984
f 1983 1909 1958
f 1910 1909 1984
f 1910 1985 1908
f 1985 1986 1959
f 1985 1959 1908
f 1986 1987 1960
f 1986 1960 1959
f 1938 1987 1988
f 1987 1938 1960
f 1989 1938 1988
f 1938 1989 1961
f 1962 1961 1989
f 1962 1990 1963
f 1963 1990 1964
f 1990 1991 1964
f 1991 1992 1965
f 1991 1965 1964
f 1992 1993 1966
f 1992 1966 1965
f 1993 1994 1967
f 1993 1967 1966
f 1994 1995 1968
f 1994 1968 1967
f 1995 1996 1969
f 1995 1969 1968
f 1996 1997 1970
f 1996 1970 1969
f 1997 1998 1971
f 1997 1971 1970
f 1998 1999 1972
f 1998 1972 1971
f 1999 2000 1973
f 1999 1973 1972
f 2000 2001 1974
f 2000 1974 1973
f 1975 2001 2002
f 2001 1975 1974
f 1976 2002 2003
f 2002 1976 1975
f 1977 2003 2004
f 2003 1977 1976
f 1955 2004 2005
f 2004 1955 1977
f 1978 2005 2006
f 2005 1978 1955
f 1979 2006 2007
f 2006 1979 1978
f 1980 2007 2008
f 2007 1980 1979
f 1934 2008 1936
f 2008 1934 1980
f 1934 1936 1932
f 2009 2010 2011
f 2012 2013 2014
f 2015 2011 2016
f 2010 2009 2014
f 2017 2015 2018
f 2010 2016 2011
f 2019 2020 2018
f 2021 2019 2018
f 2022 2023 2020
f 2019 2024 2025
f 1807 2022 1760
f 2026 2020 2019
f 2015 2027 2018
f 1761 1760 2026
f 2022 2026 1760
f 2012 2028 2013
f 1765 1761 2025
f 2029 2030 2031
f 2030 2032 2033
f 2034 2035 2036
f 2033 2031 2030
f 2031 2037 2038
f 2038 2029 2031
f 2035 2039 2040
f 2037 2040 2038
f 2034 2036 2041
f 2042 2043 2044
f 2044 1919 2042
f 2034 2045 2046
f 2047 1922 1917
f 2048 2046 2049
f 2049 2045 2050
f 2049 2046 2045
f 1923 2050 1921
f 2035 2040 2037
f 2046 2039 2035
f 1921 2050 2045
f 2048 2039 2046
f 2034 2046 2035
f 1921 2045 2051
f 2014 2009 2012
f 2032 2028 2033
f 2031 2033 2052
f 2032 2013 2028
f 2037 2031 2053
f 2033 2028 2052
f 2035 2037 2054
f 2052 2053 2031
f 2051 2034 2041
f 2053 2054 2037
f 2043 2042 2041
f 2054 2036 2035
f 2051 2042 1920
f 1921 2051 1920
f 2045 2034 2051
f 2024 2055 2025
f 2055 1765 2025
f 2020 2017 2018
f 2021 2024 2019
f 2017 2056 2015
f 2027 2021 2018
f 2056 2057 2011
f 2016 2027 2015
f 2056 2011 2015
f 2057 2058 2009
f 2057 2009 2011
f 2059 2012 2058
f 2058 2012 2009
f 2059 2060 2028
f 2059 2028 2012
f 2060 2061 2052
f 2060 2052 2028
f 2061 2062 2053
f 2061 2053 2052
f 2062 2063 2054
f 2062 2054 2053
f 2063 2064 2036
f 2063 2036 2054
f 2064 2043 2041
f 2064 2041 2036
f 2044 2047 1917
f 1920 2042 1919
f 2051 2041 2042
f 1761 2026 2025
f 2019 2025 2026
f 2017 2023 2065
f 2022 2020 2026
f 2056 2065 2066
f 2023 2017 2020
f 2057 2066 2067
f 2065 2056 2017
f 2058 2067 2068
f 2066 2057 2056
f 2059 2068 2069
f 2067 2058 2057
f 2060 2069 2070
f 2068 2059 2058
f 2061 2070 2071
f 2069 2060 2059
f 2062 2071 2072
f 2070 2061 2060
f 2063 2072 2073
f 2071 2062 2061
f 2064 2073 2074
f 2072 2063 2062
f 2043 2074 2075
f 2073 2064 2063
f 2044 2075 2047
f 2074 2043 2064
f 2044 2043 2075
f 1919 2044 1917
f 2076 2077 2078
f 2079 2078 2080
f 2077 2080 2078
f 2081 2080 2082
f 2081 2079 2080
f 2083 2084 2080
f 2082 2080 2084
f 2085 2083 2086
f 2085 2084 2083
f 2083 2087 2088
f 2086 2083 2088
f 2089 2090 2083
f 2083 2090 2087
f 2091 2083 1783
f 2091 2089 2083
f 2076 2092 2077
f 2093 2077 2094
f 2077 2092 2094
f 2095 2096 2077
f 2077 2093 2095
f 2097 2098 2096
f 2097 2096 2095
f 2099 2100 2096
f 2099 2096 2098
f 2101 2100 2102
f 2100 2101 2096
f 2101 2103 2104
f 2102 2103 2101
f 2105 2101 2106
f 2104 2106 2101
f 2107 2105 2108
f 2105 2106 2108
f 2109 2105 2110
f 2105 2107 2110
f 2109 2111 2112
f 2112 2105 2109
f 2113 2114 2112
f 2113 2112 2111
f 2112 2115 2116
f 2115 2112 2114
f 2116 2117 2118
f 2115 2117 2116
f 2119 2120 2118
f 2116 2118 2120
f 2121 2122 2123
f 2124 2125 2126
f 2127 2128 2121
f 2122 2129 2130
f 2131 2120 2119
f 2124 2128 2127
f 2131 2130 2129
f 2131 2129 2120
f 2130 2123 2122
f 2123 2127 2121
f 2124 2126 2128
f 2126 2125 2132
f 2132 2125 2133
f 1692 1719 1693
f 1663 1722 1664
f 1664 1723 1663
f 1722 1653 1667
f 1653 1722 1663
f 1668 1667 1659
f 1653 1659 1667
f 1660 1721 1668
f 1668 1659 1660
f 1721 1724 1701
f 1724 1721 1660
f 1661 1702 1720
f 1724 1657 1701
f 1699 1718 1703
f 1688 1700 1704
f 1706 1707 1697
f 1705 1676 1717
f 1696 1715 1709
f 1698 1716 1708
f 1711 1712 1713
f 1714 1710 1713
f 1710 1714 1696
f 1711 1713 1710
f 1709 1715 1698
f 1696 1714 1715
f 1708 1709 1698
f 1707 1716 1697
f 1707 1708 1716
f 1705 1706 1676
f 1676 1706 1697
f 1700 1688 1717
f 1717 1688 1705
f 1699 1703 1704
f 1700 1699 1704
f 1718 1719 1692
f 1703 1718 1692
f 1693 1702 1661
f 1693 1719 1702
f 1701 1657 1720
f 1657 1661 1720
f 2134 2135 2136
f 2137 2138 2135
f 2136 2135 2138
f 2137 2139 2140
f 2140 2138 2137
f 2141 2142 2139
f 2139 2142 2140
f 2143 2144 2141
f 2141 2139 2143
f 2144 2145 2146
f 2145 2144 2143
f 2147 2146 2148
f 2145 2148 2146
f 2132 2133 2147
f 2147 2148 2132
f 2134 2149 2135
f 1937 1936 2149
f 1937 2149 2134
f 2150 1936 2008
f 1936 2150 2149
f 2150 2007 2006
f 2008 2007 2150
f 2151 2150 2005
f 2006 2005 2150
f 2003 2151 2004
f 2151 2005 2004
f 2001 2151 2002
f 2151 2003 2002
f 2001 2000 2152
f 2152 2151 2001
f 1999 1998 2152
f 1999 2152 2000
f 2152 1997 2153
f 1997 2152 1998
f 2153 1996 1995
f 1997 1996 2153
f 2153 1994 1993
f 1995 1994 2153
f 1992 2154 1993
f 2153 1993 2154
f 1990 2154 1991
f 2154 1992 1991
f 1989 2154 1962
f 2154 1990 1962
f 1989 1988 2155
f 2155 2154 1989
f 1987 1986 2155
f 1987 2155 1988
f 2155 1985 2156
f 1985 2155 1986
f 2156 1910 1984
f 1985 1910 2156
f 2156 1983 1982
f 1984 1983 2156
f 2156 1911 1916
f 1982 1911 2156
f 1922 2156 1918
f 1916 1918 2156
f 1787 1826 1825
f 2154 2155 2128
f 1828 1827 1826
f 1787 1782 1826
f 1828 1826 1829
f 2080 1831 1829
f 1782 1829 1826
f 2077 1831 2080
f 1830 1829 1831
f 2077 2096 1834
f 1832 1831 1833
f 2101 1807 2096
f 2096 1835 1834
f 2105 2065 2023
f 2022 1807 2101
f 2066 2112 2067
f 2105 2066 2065
f 2069 2112 2116
f 2112 2069 2068
f 2072 2071 2120
f 2116 2120 2071
f 2129 2075 2074
f 2073 2120 2074
f 1922 2122 2156
f 2047 2129 2122
f 2121 2128 2155
f 2156 2122 2121
f 2126 2132 2153
f 2153 2154 2126
f 2152 2132 2148
f 2152 2145 2151
f 2135 2139 2137
f 2149 2150 2143
f 2149 2139 2135
f 2150 2151 2143
f 2139 2149 2143
f 2152 2148 2145
f 2151 2145 2143
f 2128 2126 2154
f 2132 2152 2153
f 2156 2121 2155
f 2129 2047 2075
f 1922 2047 2122
f 2120 2129 2074
f 2120 2073 2072
f 2116 2070 2069
f 2070 2116 2071
f 2105 2112 2066
f 2112 2068 2067
f 2023 2101 2105
f 2096 1807 1806
f 2023 2022 2101
f 1834 1833 2077
f 1835 2096 1806
f 1829 2083 2080
f 2077 1833 1831
f 1783 2083 1782
f 2083 1829 1782
f 2157 2158 2159
f 2160 2161 1880
f 2162 2157 1932
f 2159 2163 2164
f 2158 2163 2159
f 2157 2165 2158
f 2166 2167 2168
f 2169 2170 2171
f 2168 1644 2172
f 2173 1882 2161
f 2174 2175 2176
f 1641 2172 1644
f 1640 1447 2173
f 2161 1882 1880
f 1447 1449 1882
f 2173 1447 1882
f 1875 2177 2178
f 2164 1981 1935
f 2167 1493 1643
f 1932 1937 2162
f 2179 1469 2167
f 1643 2168 2167
f 2179 2180 1470
f 2167 1469 1493
f 1473 2180 2181
f 1469 2179 1470
f 2180 1473 1470
f 1467 1473 2181
f 2182 2183 2184
f 2185 1468 1467
f 1467 2181 2185
f 2186 2187 2188
f 2189 2188 2190
f 2184 2187 2191
f 2192 2193 2188
f 2182 2194 2195
f 2196 2197 2198
f 2199 2195 2196
f 2200 2189 2201
f 1468 2185 2202
f 2203 2204 2133
f 1476 2202 2200
f 1468 2202 1476
f 1477 2200 2205
f 2205 2200 2206
f 2207 2208 2206
f 2189 2200 2202
f 2207 2209 2210
f 2210 2209 2211
f 1484 2211 2212
f 1640 2172 1641
f 2173 2172 1640
f 1957 2178 2160
f 2168 1643 1644
f 2213 2172 2173
f 2214 2179 2167
f 2213 2171 2172
f 2215 2180 2179
f 2166 2168 2171
f 2216 2181 2180
f 2214 2167 2166
f 2217 2185 2181
f 2179 2214 2215
f 2202 2185 2192
f 2215 2216 2180
f 2200 1477 1476
f 2181 2216 2217
f 2201 2218 2206
f 2185 2217 2192
f 2207 2219 2209
f 2208 2207 2210
f 2205 2206 2208
f 2201 2206 2200
f 2209 2220 2212
f 2218 2219 2207
f 2212 2211 2209
f 2161 2213 2173
f 1957 2160 1880
f 2221 2222 2223
f 2171 2168 2172
f 2161 2224 2213
f 2166 2170 2222
f 2169 2171 2213
f 2214 2222 2225
f 2170 2166 2171
f 2215 2225 2226
f 2222 2214 2166
f 2216 2226 2227
f 2225 2215 2214
f 2217 2227 2193
f 2216 2215 2226
f 2227 2217 2216
f 2228 2201 2190
f 2192 2189 2202
f 2217 2193 2192
f 2219 2218 2229
f 2189 2192 2188
f 2201 2189 2190
f 2230 2220 2219
f 2206 2218 2207
f 2228 2229 2218
f 2220 2209 2219
f 2160 2224 2161
f 1875 2178 1957
f 2169 2231 2232
f 2224 2169 2213
f 2233 2224 2160
f 2170 2232 2223
f 2169 2224 2231
f 2234 2225 2221
f 2232 2170 2169
f 2235 2236 2237
f 2223 2222 2170
f 2234 2235 2226
f 2221 2225 2222
f 2235 2238 2227
f 2234 2226 2225
f 2238 2186 2193
f 2227 2226 2235
f 2239 2190 2187
f 2193 2227 2238
f 2240 2229 2228
f 2193 2186 2188
f 2190 2188 2187
f 2229 2230 2219
f 2201 2228 2218
f 2228 2239 2240
f 2241 2230 2229
f 2178 2233 2160
f 1981 2177 1875
f 2176 2242 2231
f 2233 2231 2224
f 2243 2233 2178
f 2232 2242 2244
f 2176 2231 2233
f 2223 2244 2245
f 2242 2232 2231
f 2221 2245 2246
f 2244 2223 2232
f 2234 2246 2236
f 2245 2221 2223
f 2247 2238 2237
f 2246 2234 2221
f 2194 2197 2196
f 2236 2235 2234
f 2247 2191 2186
f 2238 2235 2237
f 2240 2239 2183
f 2238 2247 2186
f 2187 2186 2191
f 2248 2241 2240
f 2190 2239 2228
f 2184 2183 2239
f 2241 2229 2240
f 2243 2178 2177
f 1935 1933 2159
f 2249 2242 2175
f 2243 2176 2233
f 2250 2243 2177
f 2251 2252 2249
f 2174 2176 2243
f 2249 2252 2244
f 2175 2242 2176
f 2245 2252 2253
f 2249 2244 2242
f 2246 2253 2254
f 2252 2245 2244
f 2236 2254 2255
f 2245 2253 2246
f 2237 2255 2256
f 2246 2254 2236
f 2247 2256 2197
f 2255 2237 2236
f 2197 2194 2191
f 2247 2237 2256
f 2247 2197 2191
f 2183 2248 2240
f 2187 2184 2239
f 2184 2194 2182
f 2257 2248 2183
f 2177 2164 2250
f 2164 2177 1981
f 2258 2174 2250
f 2250 2174 2243
f 2250 2163 2258
f 2259 2175 2174
f 2174 2258 2259
f 2260 2249 2175
f 2259 2260 2175
f 2252 2261 2253
f 2260 2251 2249
f 2254 2253 2262
f 2251 2261 2252
f 2263 2264 2265
f 2261 2262 2253
f 2264 2255 2254
f 2254 2262 2264
f 2263 2256 2255
f 2255 2264 2263
f 2198 2197 2256
f 2263 2198 2256
f 2203 2266 2195
f 2266 2257 2182
f 2191 2194 2184
f 2196 2195 2194
f 2257 2183 2182
f 1935 2159 2164
f 2157 1933 1932
f 2258 2163 2267
f 2164 2163 2250
f 2163 2158 2267
f 2259 2258 2268
f 2258 2267 2268
f 2260 2259 2269
f 2259 2268 2269
f 2251 2260 2270
f 2260 2269 2270
f 2261 2251 2271
f 2251 2270 2271
f 2262 2261 2272
f 2261 2271 2272
f 2273 2264 2262
f 2272 2273 2262
f 2265 2274 2275
f 2264 2273 2265
f 2198 2263 2275
f 2263 2265 2275
f 2196 2198 2276
f 2198 2275 2276
f 2199 2204 2203
f 2199 2196 2276
f 2266 2182 2195
f 2157 2159 1933
f 2162 2165 2157
f 2165 2277 2158
f 2158 2277 2267
f 2277 2278 2267
f 2267 2278 2268
f 2278 2279 2268
f 2268 2279 2269
f 2279 2280 2269
f 2280 2281 2270
f 2280 2270 2269
f 2281 2282 2271
f 2281 2271 2270
f 2282 2283 2272
f 2282 2272 2271
f 2283 2284 2273
f 2283 2273 2272
f 2265 2284 2285
f 2284 2265 2273
f 2274 2265 2285
f 2274 2286 2275
f 2286 2287 2276
f 2286 2276 2275
f 2287 2204 2199
f 2199 2276 2287
f 2203 2195 2199
f 2288 1596 1454
f 1596 2289 1589
f 2289 1596 2288
f 1584 1589 2290
f 2291 1584 2290
f 1585 2291 1581
f 1585 1584 2291
f 2292 1580 1579
f 2291 2293 1581
f 2294 2295 1591
f 1441 2296 2294
f 1593 2297 2298
f 2299 2300 2296
f 2301 2302 2303
f 2304 2305 2266
f 1593 1490 2297
f 2306 2307 2308
f 1490 2309 2297
f 1490 1487 2309
f 2310 2309 1487
f 2307 2311 2312
f 2212 2220 2313
f 1486 1485 2313
f 1485 1484 2212
f 2212 2313 1485
f 1487 1486 2310
f 2303 2314 2301
f 2315 2257 2305
f 2316 2299 2298
f 2317 2316 2297
f 1583 1593 2298
f 2133 2318 2303
f 2296 1441 1583
f 1583 2298 2296
f 1441 2294 1591
f 2288 1592 2295
f 1591 2295 1592
f 2319 2320 2321
f 2291 2290 2322
f 2288 1454 1592
f 2323 2324 2322
f 2325 2326 2327
f 2328 2329 2323
f 2330 2331 2332
f 2333 2334 2332
f 2335 2336 2321
f 2117 2337 2338
f 2339 2332 2334
f 2220 2230 2340
f 1486 2313 2310
f 2340 2313 2220
f 2230 2341 2340
f 2230 2241 2341
f 2307 2306 2316
f 2317 2309 2342
f 2343 2325 2327
f 2317 2297 2309
f 2300 2344 2294
f 2298 2297 2316
f 2345 2295 2344
f 2296 2298 2299
f 2346 2288 2345
f 2294 2296 2300
f 2346 2347 2289
f 2294 2344 2295
f 2289 2290 1589
f 2288 2295 2345
f 2291 2324 2293
f 2289 2288 2346
f 2293 2348 2292
f 2347 2322 2290
f 1581 2293 1579
f 2291 2322 2324
f 2292 1579 2293
f 2310 2340 2342
f 2340 2310 2313
f 2241 2349 2341
f 2310 2342 2309
f 2349 2241 2248
f 2306 2350 2299
f 2311 2317 2342
f 2350 2351 2300
f 2316 2317 2307
f 2352 2344 2351
f 2299 2316 2306
f 2353 2345 2352
f 2300 2299 2350
f 2326 2346 2353
f 2344 2300 2351
f 2347 2326 2354
f 2345 2344 2352
f 2353 2346 2345
f 2324 2329 2348
f 2289 2347 2290
f 2346 2326 2347
f 2355 2348 2356
f 2354 2323 2322
f 2323 2329 2324
f 2292 2348 2355
f 2293 2324 2348
f 2342 2340 2341
f 2342 2341 2311
f 2315 2349 2248
f 2317 2311 2307
f 2257 2315 2248
f 2350 2306 2357
f 2312 2308 2307
f 2351 2350 2358
f 2308 2357 2306
f 2352 2351 2359
f 2358 2350 2357
f 2352 2360 2353
f 2358 2359 2351
f 2353 2327 2326
f 2359 2360 2352
f 2326 2325 2354
f 2360 2327 2353
f 2354 2361 2323
f 2329 2320 2356
f 2347 2354 2322
f 2325 2361 2354
f 2362 2356 2319
f 2361 2328 2323
f 2328 2320 2329
f 2355 2356 2362
f 2348 2329 2356
f 2311 2349 2312
f 2349 2311 2341
f 2305 2257 2266
f 2308 2363 2357
f 2315 2364 2312
f 2357 2365 2358
f 2364 2363 2308
f 2358 2366 2359
f 2363 2365 2357
f 2360 2359 2367
f 2358 2365 2366
f 2327 2360 2368
f 2366 2367 2359
f 2369 2361 2325
f 2367 2368 2360
f 2370 2328 2361
f 2368 2343 2327
f 2333 2371 2372
f 2343 2369 2325
f 2320 2328 2373
f 2370 2361 2369
f 2374 2319 2336
f 2373 2328 2370
f 2373 2321 2320
f 2362 2319 2374
f 2356 2320 2319
f 2312 2349 2315
f 2203 2133 2303
f 2363 2375 2365
f 2312 2364 2308
f 2305 2376 2364
f 2365 2377 2366
f 2376 2375 2363
f 2367 2366 2378
f 2365 2375 2377
f 2368 2367 2379
f 2366 2377 2378
f 2343 2368 2380
f 2367 2378 2379
f 2369 2343 2381
f 2368 2379 2380
f 2370 2369 2382
f 2343 2380 2381
f 2373 2370 2383
f 2369 2381 2382
f 2321 2373 2384
f 2382 2383 2370
f 2385 2336 2331
f 2373 2383 2384
f 2384 2335 2321
f 2374 2336 2385
f 2319 2321 2336
f 2364 2315 2305
f 2314 2303 2318
f 2375 2386 2377
f 2364 2376 2363
f 2304 2302 2376
f 2378 2377 2387
f 2375 2302 2386
f 2379 2378 2388
f 2377 2386 2387
f 2380 2379 2389
f 2378 2387 2388
f 2381 2380 2390
f 2379 2388 2389
f 2382 2381 2391
f 2380 2389 2390
f 2383 2382 2392
f 2381 2390 2391
f 2384 2383 2393
f 2382 2391 2392
f 2335 2384 2394
f 2383 2392 2393
f 2331 2335 2371
f 2394 2384 2393
f 2371 2335 2394
f 2385 2331 2330
f 2336 2335 2331
f 2305 2304 2376
f 2266 2203 2304
f 2301 2395 2386
f 2376 2302 2375
f 2386 2302 2301
f 2395 2396 2387
f 2387 2386 2395
f 2396 2397 2388
f 2388 2387 2396
f 2397 2398 2389
f 2389 2388 2397
f 2398 2399 2390
f 2390 2389 2398
f 2400 2399 2401
f 2391 2390 2399
f 2402 2400 2403
f 2400 2391 2399
f 2404 2402 2405
f 2402 2392 2400
f 2372 2404 2406
f 2404 2393 2402
f 2333 2372 2407
f 2372 2394 2404
f 2333 2408 2334
f 2330 2332 2339
f 2331 2371 2332
f 2302 2304 2303
f 2203 2303 2304
f 2314 2409 2301
f 2301 2409 2395
f 2409 2410 2395
f 2410 2411 2396
f 2410 2396 2395
f 2411 2412 2397
f 2411 2397 2396
f 2412 2413 2398
f 2412 2398 2397
f 2413 2401 2399
f 2413 2399 2398
f 2401 2403 2400
f 2402 2403 2405
f 2392 2391 2400
f 2404 2405 2406
f 2393 2392 2402
f 2372 2406 2407
f 2394 2393 2404
f 2333 2407 2408
f 2371 2394 2372
f 2334 2408 2338
f 2332 2371 2333
f 2338 2337 2334
f 2339 2334 2337
f 1740 2414 1741
f 2415 1734 2416
f 2417 1740 1737
f 1737 2418 2417
f 2419 2420 2114
f 1737 1736 2418
f 2337 2420 2339
f 2115 2114 2420
f 2337 2115 2420
f 2414 1740 2417
f 2337 2117 2115
f 1741 2414 2421
f 1735 1741 2421
f 2422 2423 2424
f 1735 2416 1734
f 2424 1748 1756
f 2422 1744 2425
f 1750 1746 2426
f 1745 2427 2428
f 2429 2430 1752
f 2431 2429 1751
f 1754 2432 2433
f 2434 1755 2430
f 2435 2436 2437
f 2435 2438 2439
f 2440 2441 2442
f 2436 2443 2440
f 2444 2445 2446
f 2447 2442 2441
f 2448 2449 2444
f 2446 2445 2447
f 2450 2448 2451
f 2450 2451 2452
f 2452 2453 2454
f 2449 2448 2450
f 1796 2454 1795
f 2454 1796 2455
f 2453 1788 2454
f 2455 2450 2454
f 1781 1789 2091
f 2091 1789 2453
f 2444 2446 2448
f 1781 2091 1783
f 2445 2442 2447
f 2456 2437 2436
f 2439 2438 2433
f 2437 2438 2435
f 2434 2432 1754
f 2432 2439 2433
f 1755 1752 2430
f 1755 2434 1754
f 1750 2431 1751
f 1751 2429 1752
f 1746 2428 2426
f 1750 2426 2431
f 1745 1748 2427
f 1746 1745 2428
f 2424 2427 1748
f 2424 1756 2422
f 1743 2425 1744
f 1744 2422 1756
f 1734 2415 1742
f 1743 2457 2425
f 1742 2457 1743
f 1742 2415 2457
f 1735 2421 2416
f 2458 1738 2459
f 2458 2418 1736
f 2459 2362 2374
f 1739 2459 1738
f 1736 1738 2458
f 2355 2459 1739
f 2292 2355 1739
f 2355 2362 2459
f 1580 2292 1739
f 2385 2460 2374
f 2330 2460 2385
f 2374 2460 2459
f 2417 2418 2461
f 2458 2460 2462
f 2414 2417 2463
f 2418 2462 2461
f 2421 2414 2464
f 2417 2461 2463
f 2416 2421 2465
f 2414 2463 2464
f 2415 2416 2466
f 2421 2464 2465
f 2457 2415 2467
f 2416 2465 2466
f 2425 2457 2468
f 2415 2466 2467
f 2422 2425 2469
f 2467 2468 2457
f 2470 2471 2472
f 2468 2469 2425
f 2424 2470 2427
f 2469 2423 2422
f 2427 2473 2428
f 2423 2470 2424
f 2428 2474 2426
f 2470 2473 2427
f 2426 2475 2431
f 2473 2474 2428
f 2431 2476 2429
f 2474 2475 2426
f 2429 2477 2430
f 2431 2475 2476
f 2434 2430 2478
f 2429 2476 2477
f 2432 2434 2479
f 2430 2477 2478
f 2432 2480 2439
f 2434 2478 2479
f 2439 2481 2435
f 2432 2479 2480
f 2435 2482 2436
f 2439 2480 2481
f 2441 2440 2443
f 2435 2481 2482
f 2436 2440 2456
f 2443 2436 2482
f 2441 2483 2484
f 2460 2458 2459
f 2420 2330 2339
f 2113 2485 2419
f 2458 2462 2418
f 2419 2462 2420
f 2111 2486 2485
f 2485 2461 2419
f 2109 2487 2486
f 2486 2463 2485
f 2110 2488 2487
f 2487 2464 2486
f 2107 2489 2488
f 2488 2465 2487
f 2108 2490 2489
f 2489 2466 2488
f 2106 2491 2490
f 2490 2467 2489
f 2104 2492 2491
f 2491 2468 2490
f 2469 2491 2492
f 2492 2423 2469
f 2423 2492 2471
f 2470 2423 2471
f 2493 2473 2472
f 2473 2470 2472
f 2494 2474 2493
f 2474 2473 2493
f 2495 2475 2494
f 2475 2474 2494
f 2495 2496 2476
f 2476 2475 2495
f 2496 2497 2477
f 2477 2476 2496
f 2497 2498 2478
f 2478 2477 2497
f 2498 2499 2479
f 2479 2478 2498
f 2499 2500 2480
f 2480 2479 2499
f 2501 2500 2076
f 2481 2480 2500
f 2502 2501 2078
f 2501 2481 2500
f 2081 2483 2502
f 2502 2482 2501
f 2082 2484 2483
f 2443 2502 2483
f 2503 2447 2484
f 2447 2441 2484
f 2504 2503 2085
f 2446 2447 2503
f 2088 2451 2504
f 2504 2446 2503
f 2448 2504 2451
f 2453 2452 2090
f 2455 2449 2450
f 2450 2452 2454
f 1795 2454 1788
f 2462 2460 2420
f 2420 2460 2330
f 2113 2419 2114
f 2461 2462 2419
f 2111 2485 2113
f 2463 2461 2485
f 2109 2486 2111
f 2464 2463 2486
f 2110 2487 2109
f 2465 2464 2487
f 2107 2488 2110
f 2466 2465 2488
f 2108 2489 2107
f 2467 2466 2489
f 2106 2490 2108
f 2468 2467 2490
f 2104 2491 2106
f 2469 2468 2491
f 2104 2103 2492
f 2492 2103 2471
f 2103 2102 2471
f 2471 2102 2472
f 2102 2100 2472
f 2472 2100 2493
f 2100 2099 2493
f 2493 2099 2494
f 2099 2098 2494
f 2494 2098 2495
f 2098 2097 2495
f 2495 2097 2496
f 2097 2095 2496
f 2095 2093 2497
f 2095 2497 2496
f 2093 2094 2498
f 2093 2498 2497
f 2094 2092 2499
f 2094 2499 2498
f 2092 2076 2500
f 2092 2500 2499
f 2076 2078 2501
f 2502 2078 2079
f 2482 2481 2501
f 2081 2502 2079
f 2443 2482 2502
f 2082 2483 2081
f 2441 2443 2483
f 2082 2084 2484
f 2084 2085 2503
f 2084 2503 2484
f 2085 2086 2504
f 2088 2504 2086
f 2448 2446 2504
f 2088 2087 2451
f 2087 2090 2452
f 2087 2452 2451
f 2090 2089 2453
f 2091 2453 2089
f 1788 2453 1789
f 1770 1773 1768
f 2029 1775 2030
f 2055 2024 2021
f 1766 2055 2021
f 1770 1768 1766
f 2016 2021 2027
f 2010 2014 2016
f 2055 1766 1765
f 1770 2021 1764
f 1802 2014 1777
f 1923 1914 2050
f 1763 1770 1764
f 2021 1770 1766
f 1764 1802 1804
f 2016 1764 2021
f 2014 1802 2016
f 1802 1764 2016
f 2013 1801 2014
f 1801 1777 2014
f 1801 2032 1774
f 2032 1801 2013
f 2030 1775 1774
f 1774 2032 2030
f 1800 1775 2038
f 1775 2029 2038
f 1800 2040 1797
f 2040 1800 2038
f 2039 1786 1797
f 1797 2040 2039
f 1786 2048 1784
f 2048 1786 2039
f 2049 1794 1784
f 1784 2048 2049
f 2455 1796 1794
f 2049 2050 1794
f 2455 2050 1914
f 1794 2050 2455
f 1914 1901 2449
f 2449 2455 1914
f 1873 2444 1901
f 2449 1901 2444
f 2445 1873 1907
f 1873 2445 2444
f 1907 1904 2442
f 2442 2445 1907
f 2442 1904 2440
f 1616 2440 1617
f 2438 2437 1614
f 1614 2437 1615
f 2433 1612 1613
f 2433 2438 1612
f 1731 1730 1754
f 2433 1731 1754
f 1753 1754 1728
f 1728 1754 1729
f 1753 1758 1757
f 1753 1728 1758
f 1732 1757 1758
f 1613 1731 2433
f 1729 1754 1730
f 2437 2456 1615
f 1612 2438 1614
f 2456 2440 1616
f 1616 1615 2456
f 1617 2440 1904
f 1617 1902 1618
f 1902 1617 1904
f 1902 1925 1619
f 1619 1618 1902
f 1925 1620 1527
f 1619 1925 1527
f 1621 1620 1927
f 1925 1927 1620
f 1621 1906 1623
f 1906 1621 1927
f 1897 1624 1623
f 1623 1906 1897
f 1858 1624 1866
f 1897 1866 1624
f 1857 1859 1866
f 1866 1859 1858
f 1860 1868 1863
f 1866 1855 1857
f 1860 1863 1855
f 1863 1868 1856
f 1855 1866 1860

